C:\Program Files\Microsoft Visual Studio\18\Community\MSBuild\Microsoft\VC\v180\Microsoft.CppBuild.targets(1142,5): warning MSB8027: Two or more files with the name of vg_lite_matrix.c will produce outputs to the same location. This can lead to an incorrect build result.  The files involved are C:\Users\Josiah\Documents\Senior Design\Code\PowerSupplyMcPowerFace\src\GUI\lv_port_pc_visual_studio\LvglWindows\..\LvglPlatform\lvgl\src\libs\vg_lite_driver\VGLite\vg_lite_matrix.c, C:\Users\Josiah\Documents\Senior Design\Code\PowerSupplyMcPowerFace\src\GUI\lv_port_pc_visual_studio\LvglWindows\..\LvglPlatform\lvgl\src\others\vg_lite_tvg\vg_lite_matrix.c.
  lv_group.c
  lv_obj.c
  lv_obj_class.c
  lv_obj_draw.c
  lv_obj_event.c
  lv_obj_id_builtin.c
  lv_obj_pos.c
  lv_obj_property.c
  lv_obj_scroll.c
  lv_obj_style.c
  lv_obj_style_gen.c
  lv_obj_tree.c
  lv_refr.c
  lv_display.c
  lv_draw_buf_convert_helium.c
  lv_draw_buf_convert.c
  lv_draw_buf_convert_neon.c
  lv_draw_dma2d.c
  lv_draw_dma2d_fill.c
  lv_draw_dma2d_img.c
  lv_draw_ppa.c
  lv_draw_ppa_buf.c
  lv_draw_ppa_fill.c
  lv_draw_ppa_img.c
  lv_draw_eve.c
C:\Users\Josiah\Documents\Senior Design\Code\PowerSupplyMcPowerFace\src\GUI\lv_port_pc_visual_studio\LvglPlatform\lvgl\src\misc\lv_color.h(355,32): warning C4244: 'function': conversion from 'int' to 'uint8_t', possible loss of data
  (compiling source file '../LvglPlatform/lvgl/src/draw/convert/lv_draw_buf_convert.c')
  
C:\Users\Josiah\Documents\Senior Design\Code\PowerSupplyMcPowerFace\src\GUI\lv_port_pc_visual_studio\LvglPlatform\lvgl\src\misc\lv_color.h(355,46): warning C4244: 'function': conversion from 'int' to 'uint8_t', possible loss of data
  (compiling source file '../LvglPlatform/lvgl/src/draw/convert/lv_draw_buf_convert.c')
  
C:\Users\Josiah\Documents\Senior Design\Code\PowerSupplyMcPowerFace\src\GUI\lv_port_pc_visual_studio\LvglPlatform\lvgl\src\misc\lv_color.h(355,59): warning C4244: 'function': conversion from 'int' to 'uint8_t', possible loss of data
  (compiling source file '../LvglPlatform/lvgl/src/draw/convert/lv_draw_buf_convert.c')
  
C:\Users\Josiah\Documents\Senior Design\Code\PowerSupplyMcPowerFace\src\GUI\lv_port_pc_visual_studio\LvglPlatform\lvgl\src\misc\lv_color.h(355,32): warning C4244: 'function': conversion from 'int' to 'uint8_t', possible loss of data
  (compiling source file '../LvglPlatform/lvgl/src/core/lv_obj_class.c')
  
C:\Users\Josiah\Documents\Senior Design\Code\PowerSupplyMcPowerFace\src\GUI\lv_port_pc_visual_studio\LvglPlatform\lvgl\src\misc\lv_color.h(355,46): warning C4244: 'function': conversion from 'int' to 'uint8_t', possible loss of data
  (compiling source file '../LvglPlatform/lvgl/src/core/lv_obj_class.c')
  
C:\Users\Josiah\Documents\Senior Design\Code\PowerSupplyMcPowerFace\src\GUI\lv_port_pc_visual_studio\LvglPlatform\lvgl\src\misc\lv_color.h(355,59): warning C4244: 'function': conversion from 'int' to 'uint8_t', possible loss of data
  (compiling source file '../LvglPlatform/lvgl/src/core/lv_obj_class.c')
  
C:\Users\Josiah\Documents\Senior Design\Code\PowerSupplyMcPowerFace\src\GUI\lv_port_pc_visual_studio\LvglPlatform\lvgl\src\misc\lv_color.h(355,32): warning C4244: 'function': conversion from 'int' to 'uint8_t', possible loss of data
  (compiling source file '../LvglPlatform/lvgl/src/core/lv_obj_draw.c')
  
C:\Users\Josiah\Documents\Senior Design\Code\PowerSupplyMcPowerFace\src\GUI\lv_port_pc_visual_studio\LvglPlatform\lvgl\src\misc\lv_color.h(355,46): warning C4244: 'function': conversion from 'int' to 'uint8_t', possible loss of data
  (compiling source file '../LvglPlatform/lvgl/src/core/lv_obj_draw.c')
  
C:\Users\Josiah\Documents\Senior Design\Code\PowerSupplyMcPowerFace\src\GUI\lv_port_pc_visual_studio\LvglPlatform\lvgl\src\misc\lv_color.h(355,59): warning C4244: 'function': conversion from 'int' to 'uint8_t', possible loss of data
  (compiling source file '../LvglPlatform/lvgl/src/core/lv_obj_draw.c')
  
C:\Users\Josiah\Documents\Senior Design\Code\PowerSupplyMcPowerFace\src\GUI\lv_port_pc_visual_studio\LvglPlatform\lvgl\src\misc\lv_color.h(355,32): warning C4244: 'function': conversion from 'int' to 'uint8_t', possible loss of data
  (compiling source file '../LvglPlatform/lvgl/src/display/lv_display.c')
  
C:\Users\Josiah\Documents\Senior Design\Code\PowerSupplyMcPowerFace\src\GUI\lv_port_pc_visual_studio\LvglPlatform\lvgl\src\misc\lv_color.h(355,46): warning C4244: 'function': conversion from 'int' to 'uint8_t', possible loss of data
  (compiling source file '../LvglPlatform/lvgl/src/display/lv_display.c')
  
C:\Users\Josiah\Documents\Senior Design\Code\PowerSupplyMcPowerFace\src\GUI\lv_port_pc_visual_studio\LvglPlatform\lvgl\src\misc\lv_color.h(355,59): warning C4244: 'function': conversion from 'int' to 'uint8_t', possible loss of data
  (compiling source file '../LvglPlatform/lvgl/src/display/lv_display.c')
  
C:\Users\Josiah\Documents\Senior Design\Code\PowerSupplyMcPowerFace\src\GUI\lv_port_pc_visual_studio\LvglPlatform\lvgl\src\misc\lv_color.h(355,32): warning C4244: 'function': conversion from 'int' to 'uint8_t', possible loss of data
  (compiling source file '../LvglPlatform/lvgl/src/core/lv_group.c')
  
C:\Users\Josiah\Documents\Senior Design\Code\PowerSupplyMcPowerFace\src\GUI\lv_port_pc_visual_studio\LvglPlatform\lvgl\src\misc\lv_color.h(355,32): warning C4244: 'function': conversion from 'int' to 'uint8_t', possible loss of data
  (compiling source file '../LvglPlatform/lvgl/src/core/lv_obj_tree.c')
  
C:\Users\Josiah\Documents\Senior Design\Code\PowerSupplyMcPowerFace\src\GUI\lv_port_pc_visual_studio\LvglPlatform\lvgl\src\misc\lv_color.h(355,46): warning C4244: 'function': conversion from 'int' to 'uint8_t', possible loss of data
  (compiling source file '../LvglPlatform/lvgl/src/core/lv_group.c')
  
C:\Users\Josiah\Documents\Senior Design\Code\PowerSupplyMcPowerFace\src\GUI\lv_port_pc_visual_studio\LvglPlatform\lvgl\src\misc\lv_color.h(355,59): warning C4244: 'function': conversion from 'int' to 'uint8_t', possible loss of data
  (compiling source file '../LvglPlatform/lvgl/src/core/lv_group.c')
  
C:\Users\Josiah\Documents\Senior Design\Code\PowerSupplyMcPowerFace\src\GUI\lv_port_pc_visual_studio\LvglPlatform\lvgl\src\misc\lv_color.h(355,46): warning C4244: 'function': conversion from 'int' to 'uint8_t', possible loss of data
  (compiling source file '../LvglPlatform/lvgl/src/core/lv_obj_tree.c')
  
C:\Users\Josiah\Documents\Senior Design\Code\PowerSupplyMcPowerFace\src\GUI\lv_port_pc_visual_studio\LvglPlatform\lvgl\src\misc\lv_color.h(355,59): warning C4244: 'function': conversion from 'int' to 'uint8_t', possible loss of data
  (compiling source file '../LvglPlatform/lvgl/src/core/lv_obj_tree.c')
  
C:\Users\Josiah\Documents\Senior Design\Code\PowerSupplyMcPowerFace\src\GUI\lv_port_pc_visual_studio\LvglPlatform\lvgl\src\misc\lv_color.h(355,32): warning C4244: 'function': conversion from 'int' to 'uint8_t', possible loss of data
  (compiling source file '../LvglPlatform/lvgl/src/core/lv_obj_scroll.c')
  
C:\Users\Josiah\Documents\Senior Design\Code\PowerSupplyMcPowerFace\src\GUI\lv_port_pc_visual_studio\LvglPlatform\lvgl\src\misc\lv_color.h(355,46): warning C4244: 'function': conversion from 'int' to 'uint8_t', possible loss of data
  (compiling source file '../LvglPlatform/lvgl/src/core/lv_obj_scroll.c')
  
C:\Users\Josiah\Documents\Senior Design\Code\PowerSupplyMcPowerFace\src\GUI\lv_port_pc_visual_studio\LvglPlatform\lvgl\src\misc\lv_color.h(355,59): warning C4244: 'function': conversion from 'int' to 'uint8_t', possible loss of data
  (compiling source file '../LvglPlatform/lvgl/src/core/lv_obj_scroll.c')
  
C:\Users\Josiah\Documents\Senior Design\Code\PowerSupplyMcPowerFace\src\GUI\lv_port_pc_visual_studio\LvglPlatform\lvgl\src\misc\lv_color.h(355,32): warning C4244: 'function': conversion from 'int' to 'uint8_t', possible loss of data
  (compiling source file '../LvglPlatform/lvgl/src/core/lv_obj_property.c')
  
C:\Users\Josiah\Documents\Senior Design\Code\PowerSupplyMcPowerFace\src\GUI\lv_port_pc_visual_studio\LvglPlatform\lvgl\src\misc\lv_color.h(355,46): warning C4244: 'function': conversion from 'int' to 'uint8_t', possible loss of data
  (compiling source file '../LvglPlatform/lvgl/src/core/lv_obj_property.c')
  
C:\Users\Josiah\Documents\Senior Design\Code\PowerSupplyMcPowerFace\src\GUI\lv_port_pc_visual_studio\LvglPlatform\lvgl\src\misc\lv_color.h(355,59): warning C4244: 'function': conversion from 'int' to 'uint8_t', possible loss of data
  (compiling source file '../LvglPlatform/lvgl/src/core/lv_obj_property.c')
  
C:\Users\Josiah\Documents\Senior Design\Code\PowerSupplyMcPowerFace\src\GUI\lv_port_pc_visual_studio\LvglPlatform\lvgl\src\misc\lv_color.h(355,32): warning C4244: 'function': conversion from 'int' to 'uint8_t', possible loss of data
  (compiling source file '../LvglPlatform/lvgl/src/core/lv_obj.c')
  
C:\Users\Josiah\Documents\Senior Design\Code\PowerSupplyMcPowerFace\src\GUI\lv_port_pc_visual_studio\LvglPlatform\lvgl\src\misc\lv_color.h(355,32): warning C4244: 'function': conversion from 'int' to 'uint8_t', possible loss of data
  (compiling source file '../LvglPlatform/lvgl/src/core/lv_refr.c')
  
C:\Users\Josiah\Documents\Senior Design\Code\PowerSupplyMcPowerFace\src\GUI\lv_port_pc_visual_studio\LvglPlatform\lvgl\src\misc\lv_color.h(355,46): warning C4244: 'function': conversion from 'int' to 'uint8_t', possible loss of data
  (compiling source file '../LvglPlatform/lvgl/src/core/lv_obj.c')
  
C:\Users\Josiah\Documents\Senior Design\Code\PowerSupplyMcPowerFace\src\GUI\lv_port_pc_visual_studio\LvglPlatform\lvgl\src\misc\lv_color.h(355,46): warning C4244: 'function': conversion from 'int' to 'uint8_t', possible loss of data
  (compiling source file '../LvglPlatform/lvgl/src/core/lv_refr.c')
  
C:\Users\Josiah\Documents\Senior Design\Code\PowerSupplyMcPowerFace\src\GUI\lv_port_pc_visual_studio\LvglPlatform\lvgl\src\misc\lv_color.h(355,59): warning C4244: 'function': conversion from 'int' to 'uint8_t', possible loss of data
  (compiling source file '../LvglPlatform/lvgl/src/core/lv_obj.c')
  
C:\Users\Josiah\Documents\Senior Design\Code\PowerSupplyMcPowerFace\src\GUI\lv_port_pc_visual_studio\LvglPlatform\lvgl\src\misc\lv_color.h(355,59): warning C4244: 'function': conversion from 'int' to 'uint8_t', possible loss of data
  (compiling source file '../LvglPlatform/lvgl/src/core/lv_refr.c')
  
C:\Users\Josiah\Documents\Senior Design\Code\PowerSupplyMcPowerFace\src\GUI\lv_port_pc_visual_studio\LvglPlatform\lvgl\src\misc\lv_color.h(355,32): warning C4244: 'function': conversion from 'int' to 'uint8_t', possible loss of data
  (compiling source file '../LvglPlatform/lvgl/src/core/lv_obj_style_gen.c')
  
C:\Users\Josiah\Documents\Senior Design\Code\PowerSupplyMcPowerFace\src\GUI\lv_port_pc_visual_studio\LvglPlatform\lvgl\src\misc\lv_color.h(355,46): warning C4244: 'function': conversion from 'int' to 'uint8_t', possible loss of data
  (compiling source file '../LvglPlatform/lvgl/src/core/lv_obj_style_gen.c')
  
C:\Users\Josiah\Documents\Senior Design\Code\PowerSupplyMcPowerFace\src\GUI\lv_port_pc_visual_studio\LvglPlatform\lvgl\src\misc\lv_color.h(355,59): warning C4244: 'function': conversion from 'int' to 'uint8_t', possible loss of data
  (compiling source file '../LvglPlatform/lvgl/src/core/lv_obj_style_gen.c')
  
C:\Users\Josiah\Documents\Senior Design\Code\PowerSupplyMcPowerFace\src\GUI\lv_port_pc_visual_studio\LvglPlatform\lvgl\src\misc\lv_color.h(355,32): warning C4244: 'function': conversion from 'int' to 'uint8_t', possible loss of data
  (compiling source file '../LvglPlatform/lvgl/src/core/lv_obj_id_builtin.c')
  
C:\Users\Josiah\Documents\Senior Design\Code\PowerSupplyMcPowerFace\src\GUI\lv_port_pc_visual_studio\LvglPlatform\lvgl\src\misc\lv_color.h(355,46): warning C4244: 'function': conversion from 'int' to 'uint8_t', possible loss of data
  (compiling source file '../LvglPlatform/lvgl/src/core/lv_obj_id_builtin.c')
  
C:\Users\Josiah\Documents\Senior Design\Code\PowerSupplyMcPowerFace\src\GUI\lv_port_pc_visual_studio\LvglPlatform\lvgl\src\misc\lv_color.h(355,59): warning C4244: 'function': conversion from 'int' to 'uint8_t', possible loss of data
  (compiling source file '../LvglPlatform/lvgl/src/core/lv_obj_id_builtin.c')
  
  lv_draw_eve_arc.c
C:\Users\Josiah\Documents\Senior Design\Code\PowerSupplyMcPowerFace\src\GUI\lv_port_pc_visual_studio\LvglPlatform\lvgl\src\misc\lv_color.h(355,32): warning C4244: 'function': conversion from 'int' to 'uint8_t', possible loss of data
  (compiling source file '../LvglPlatform/lvgl/src/core/lv_obj_style.c')
  
C:\Users\Josiah\Documents\Senior Design\Code\PowerSupplyMcPowerFace\src\GUI\lv_port_pc_visual_studio\LvglPlatform\lvgl\src\misc\lv_color.h(355,46): warning C4244: 'function': conversion from 'int' to 'uint8_t', possible loss of data
  (compiling source file '../LvglPlatform/lvgl/src/core/lv_obj_style.c')
  
C:\Users\Josiah\Documents\Senior Design\Code\PowerSupplyMcPowerFace\src\GUI\lv_port_pc_visual_studio\LvglPlatform\lvgl\src\misc\lv_color.h(355,59): warning C4244: 'function': conversion from 'int' to 'uint8_t', possible loss of data
  (compiling source file '../LvglPlatform/lvgl/src/core/lv_obj_style.c')
  
  lv_draw_eve_fill.c
C:\Users\Josiah\Documents\Senior Design\Code\PowerSupplyMcPowerFace\src\GUI\lv_port_pc_visual_studio\LvglPlatform\lvgl\src\misc\lv_color.h(355,32): warning C4244: 'function': conversion from 'int' to 'uint8_t', possible loss of data
  (compiling source file '../LvglPlatform/lvgl/src/core/lv_obj_pos.c')
  
C:\Users\Josiah\Documents\Senior Design\Code\PowerSupplyMcPowerFace\src\GUI\lv_port_pc_visual_studio\LvglPlatform\lvgl\src\misc\lv_color.h(355,46): warning C4244: 'function': conversion from 'int' to 'uint8_t', possible loss of data
  (compiling source file '../LvglPlatform/lvgl/src/core/lv_obj_pos.c')
  
C:\Users\Josiah\Documents\Senior Design\Code\PowerSupplyMcPowerFace\src\GUI\lv_port_pc_visual_studio\LvglPlatform\lvgl\src\misc\lv_color.h(355,59): warning C4244: 'function': conversion from 'int' to 'uint8_t', possible loss of data
  (compiling source file '../LvglPlatform/lvgl/src/core/lv_obj_pos.c')
  
  lv_draw_eve_image.c
  lv_draw_eve_letter.c
  lv_draw_eve_line.c
C:\Users\Josiah\Documents\Senior Design\Code\PowerSupplyMcPowerFace\src\GUI\lv_port_pc_visual_studio\LvglPlatform\lvgl\src\misc\lv_color.h(355,32): warning C4244: 'function': conversion from 'int' to 'uint8_t', possible loss of data
  (compiling source file '../LvglPlatform/lvgl/src/core/lv_obj_event.c')
  
C:\Users\Josiah\Documents\Senior Design\Code\PowerSupplyMcPowerFace\src\GUI\lv_port_pc_visual_studio\LvglPlatform\lvgl\src\misc\lv_color.h(355,46): warning C4244: 'function': conversion from 'int' to 'uint8_t', possible loss of data
  (compiling source file '../LvglPlatform/lvgl/src/core/lv_obj_event.c')
  
C:\Users\Josiah\Documents\Senior Design\Code\PowerSupplyMcPowerFace\src\GUI\lv_port_pc_visual_studio\LvglPlatform\lvgl\src\misc\lv_color.h(355,59): warning C4244: 'function': conversion from 'int' to 'uint8_t', possible loss of data
  (compiling source file '../LvglPlatform/lvgl/src/core/lv_obj_event.c')
  
  lv_draw_eve_ram_g.c
  lv_draw_eve_triangle.c
  lv_eve.c
  lv_draw.c
  lv_draw_3d.c
  lv_draw_arc.c
C:\Users\Josiah\Documents\Senior Design\Code\PowerSupplyMcPowerFace\src\GUI\lv_port_pc_visual_studio\LvglPlatform\lvgl\src\core\lv_obj_draw.c(84,55): warning C4244: '=': conversion from 'int32_t' to 'uint8_t', possible loss of data
C:\Users\Josiah\Documents\Senior Design\Code\PowerSupplyMcPowerFace\src\GUI\lv_port_pc_visual_studio\LvglPlatform\lvgl\src\core\lv_obj_draw.c(85,55): warning C4244: '=': conversion from 'int32_t' to 'uint8_t', possible loss of data
  lv_draw_buf.c
  lv_draw_image.c
  lv_draw_label.c
  lv_draw_line.c
  lv_draw_mask.c
C:\Users\Josiah\Documents\Senior Design\Code\PowerSupplyMcPowerFace\src\GUI\lv_port_pc_visual_studio\LvglPlatform\lvgl\src\core\lv_obj.c(1032,34): warning C4244: '=': conversion from 'const uint32_t' to 'uint16_t', possible loss of data
C:\Users\Josiah\Documents\Senior Design\Code\PowerSupplyMcPowerFace\src\GUI\lv_port_pc_visual_studio\LvglPlatform\lvgl\src\core\lv_obj.c(1033,35): warning C4244: '=': conversion from 'const uint32_t' to 'uint16_t', possible loss of data
  lv_draw_rect.c
  lv_draw_triangle.c
  lv_draw_vector.c
C:\Users\Josiah\Documents\Senior Design\Code\PowerSupplyMcPowerFace\src\GUI\lv_port_pc_visual_studio\LvglPlatform\lvgl\src\misc\lv_color.h(355,32): warning C4244: 'function': conversion from 'int' to 'uint8_t', possible loss of data
  (compiling source file '../LvglPlatform/lvgl/src/draw/lv_draw.c')
  
C:\Users\Josiah\Documents\Senior Design\Code\PowerSupplyMcPowerFace\src\GUI\lv_port_pc_visual_studio\LvglPlatform\lvgl\src\misc\lv_color.h(355,46): warning C4244: 'function': conversion from 'int' to 'uint8_t', possible loss of data
  (compiling source file '../LvglPlatform/lvgl/src/draw/lv_draw.c')
  
C:\Users\Josiah\Documents\Senior Design\Code\PowerSupplyMcPowerFace\src\GUI\lv_port_pc_visual_studio\LvglPlatform\lvgl\src\misc\lv_color.h(355,59): warning C4244: 'function': conversion from 'int' to 'uint8_t', possible loss of data
  (compiling source file '../LvglPlatform/lvgl/src/draw/lv_draw.c')
  
C:\Users\Josiah\Documents\Senior Design\Code\PowerSupplyMcPowerFace\src\GUI\lv_port_pc_visual_studio\LvglPlatform\lvgl\src\misc\lv_color.h(355,32): warning C4244: 'function': conversion from 'int' to 'uint8_t', possible loss of data
  (compiling source file '../LvglPlatform/lvgl/src/draw/lv_draw_arc.c')
  
C:\Users\Josiah\Documents\Senior Design\Code\PowerSupplyMcPowerFace\src\GUI\lv_port_pc_visual_studio\LvglPlatform\lvgl\src\misc\lv_color.h(355,46): warning C4244: 'function': conversion from 'int' to 'uint8_t', possible loss of data
  (compiling source file '../LvglPlatform/lvgl/src/draw/lv_draw_arc.c')
  
C:\Users\Josiah\Documents\Senior Design\Code\PowerSupplyMcPowerFace\src\GUI\lv_port_pc_visual_studio\LvglPlatform\lvgl\src\misc\lv_color.h(355,59): warning C4244: 'function': conversion from 'int' to 'uint8_t', possible loss of data
  (compiling source file '../LvglPlatform/lvgl/src/draw/lv_draw_arc.c')
  
  lv_image_decoder.c
C:\Users\Josiah\Documents\Senior Design\Code\PowerSupplyMcPowerFace\src\GUI\lv_port_pc_visual_studio\LvglPlatform\lvgl\src\misc\lv_color.h(355,32): warning C4244: 'function': conversion from 'int' to 'uint8_t', possible loss of data
  (compiling source file '../LvglPlatform/lvgl/src/draw/lv_draw_image.c')
  
C:\Users\Josiah\Documents\Senior Design\Code\PowerSupplyMcPowerFace\src\GUI\lv_port_pc_visual_studio\LvglPlatform\lvgl\src\misc\lv_color.h(355,46): warning C4244: 'function': conversion from 'int' to 'uint8_t', possible loss of data
  (compiling source file '../LvglPlatform/lvgl/src/draw/lv_draw_image.c')
  
C:\Users\Josiah\Documents\Senior Design\Code\PowerSupplyMcPowerFace\src\GUI\lv_port_pc_visual_studio\LvglPlatform\lvgl\src\misc\lv_color.h(355,59): warning C4244: 'function': conversion from 'int' to 'uint8_t', possible loss of data
  (compiling source file '../LvglPlatform/lvgl/src/draw/lv_draw_image.c')
  
  lv_draw_nema_gfx.c
C:\Users\Josiah\Documents\Senior Design\Code\PowerSupplyMcPowerFace\src\GUI\lv_port_pc_visual_studio\LvglPlatform\lvgl\src\misc\lv_color.h(355,32): warning C4244: 'function': conversion from 'int' to 'uint8_t', possible loss of data
  (compiling source file '../LvglPlatform/lvgl/src/draw/lv_draw_buf.c')
  
C:\Users\Josiah\Documents\Senior Design\Code\PowerSupplyMcPowerFace\src\GUI\lv_port_pc_visual_studio\LvglPlatform\lvgl\src\misc\lv_color.h(355,46): warning C4244: 'function': conversion from 'int' to 'uint8_t', possible loss of data
  (compiling source file '../LvglPlatform/lvgl/src/draw/lv_draw_buf.c')
  
C:\Users\Josiah\Documents\Senior Design\Code\PowerSupplyMcPowerFace\src\GUI\lv_port_pc_visual_studio\LvglPlatform\lvgl\src\misc\lv_color.h(355,59): warning C4244: 'function': conversion from 'int' to 'uint8_t', possible loss of data
  (compiling source file '../LvglPlatform/lvgl/src/draw/lv_draw_buf.c')
  
C:\Users\Josiah\Documents\Senior Design\Code\PowerSupplyMcPowerFace\src\GUI\lv_port_pc_visual_studio\LvglPlatform\lvgl\src\misc\lv_color.h(355,32): warning C4244: 'function': conversion from 'int' to 'uint8_t', possible loss of data
  (compiling source file '../LvglPlatform/lvgl/src/draw/lv_draw_label.c')
  
C:\Users\Josiah\Documents\Senior Design\Code\PowerSupplyMcPowerFace\src\GUI\lv_port_pc_visual_studio\LvglPlatform\lvgl\src\misc\lv_color.h(355,46): warning C4244: 'function': conversion from 'int' to 'uint8_t', possible loss of data
  (compiling source file '../LvglPlatform/lvgl/src/draw/lv_draw_label.c')
  
C:\Users\Josiah\Documents\Senior Design\Code\PowerSupplyMcPowerFace\src\GUI\lv_port_pc_visual_studio\LvglPlatform\lvgl\src\misc\lv_color.h(355,59): warning C4244: 'function': conversion from 'int' to 'uint8_t', possible loss of data
  (compiling source file '../LvglPlatform/lvgl/src/draw/lv_draw_label.c')
  
C:\Users\Josiah\Documents\Senior Design\Code\PowerSupplyMcPowerFace\src\GUI\lv_port_pc_visual_studio\LvglPlatform\lvgl\src\misc\lv_color.h(355,32): warning C4244: 'function': conversion from 'int' to 'uint8_t', possible loss of data
  (compiling source file '../LvglPlatform/lvgl/src/draw/lv_draw_mask.c')
  
C:\Users\Josiah\Documents\Senior Design\Code\PowerSupplyMcPowerFace\src\GUI\lv_port_pc_visual_studio\LvglPlatform\lvgl\src\misc\lv_color.h(355,46): warning C4244: 'function': conversion from 'int' to 'uint8_t', possible loss of data
  (compiling source file '../LvglPlatform/lvgl/src/draw/lv_draw_mask.c')
  
C:\Users\Josiah\Documents\Senior Design\Code\PowerSupplyMcPowerFace\src\GUI\lv_port_pc_visual_studio\LvglPlatform\lvgl\src\misc\lv_color.h(355,59): warning C4244: 'function': conversion from 'int' to 'uint8_t', possible loss of data
  (compiling source file '../LvglPlatform/lvgl/src/draw/lv_draw_mask.c')
  
  lv_draw_nema_gfx_arc.c
C:\Users\Josiah\Documents\Senior Design\Code\PowerSupplyMcPowerFace\src\GUI\lv_port_pc_visual_studio\LvglPlatform\lvgl\src\misc\lv_color.h(355,32): warning C4244: 'function': conversion from 'int' to 'uint8_t', possible loss of data
  (compiling source file '../LvglPlatform/lvgl/src/draw/lv_image_decoder.c')
  
C:\Users\Josiah\Documents\Senior Design\Code\PowerSupplyMcPowerFace\src\GUI\lv_port_pc_visual_studio\LvglPlatform\lvgl\src\misc\lv_color.h(355,46): warning C4244: 'function': conversion from 'int' to 'uint8_t', possible loss of data
  (compiling source file '../LvglPlatform/lvgl/src/draw/lv_image_decoder.c')
  
C:\Users\Josiah\Documents\Senior Design\Code\PowerSupplyMcPowerFace\src\GUI\lv_port_pc_visual_studio\LvglPlatform\lvgl\src\misc\lv_color.h(355,59): warning C4244: 'function': conversion from 'int' to 'uint8_t', possible loss of data
  (compiling source file '../LvglPlatform/lvgl/src/draw/lv_image_decoder.c')
  
C:\Users\Josiah\Documents\Senior Design\Code\PowerSupplyMcPowerFace\src\GUI\lv_port_pc_visual_studio\LvglPlatform\lvgl\src\misc\lv_color.h(355,32): warning C4244: 'function': conversion from 'int' to 'uint8_t', possible loss of data
  (compiling source file '../LvglPlatform/lvgl/src/draw/lv_draw_triangle.c')
  
C:\Users\Josiah\Documents\Senior Design\Code\PowerSupplyMcPowerFace\src\GUI\lv_port_pc_visual_studio\LvglPlatform\lvgl\src\misc\lv_color.h(355,32): warning C4244: 'function': conversion from 'int' to 'uint8_t', possible loss of data
  (compiling source file '../LvglPlatform/lvgl/src/draw/lv_draw_line.c')
  
C:\Users\Josiah\Documents\Senior Design\Code\PowerSupplyMcPowerFace\src\GUI\lv_port_pc_visual_studio\LvglPlatform\lvgl\src\misc\lv_color.h(355,46): warning C4244: 'function': conversion from 'int' to 'uint8_t', possible loss of data
  (compiling source file '../LvglPlatform/lvgl/src/draw/lv_draw_triangle.c')
  
C:\Users\Josiah\Documents\Senior Design\Code\PowerSupplyMcPowerFace\src\GUI\lv_port_pc_visual_studio\LvglPlatform\lvgl\src\misc\lv_color.h(355,46): warning C4244: 'function': conversion from 'int' to 'uint8_t', possible loss of data
  (compiling source file '../LvglPlatform/lvgl/src/draw/lv_draw_line.c')
  
C:\Users\Josiah\Documents\Senior Design\Code\PowerSupplyMcPowerFace\src\GUI\lv_port_pc_visual_studio\LvglPlatform\lvgl\src\misc\lv_color.h(355,59): warning C4244: 'function': conversion from 'int' to 'uint8_t', possible loss of data
  (compiling source file '../LvglPlatform/lvgl/src/draw/lv_draw_triangle.c')
  
C:\Users\Josiah\Documents\Senior Design\Code\PowerSupplyMcPowerFace\src\GUI\lv_port_pc_visual_studio\LvglPlatform\lvgl\src\misc\lv_color.h(355,59): warning C4244: 'function': conversion from 'int' to 'uint8_t', possible loss of data
  (compiling source file '../LvglPlatform/lvgl/src/draw/lv_draw_line.c')
  
C:\Users\Josiah\Documents\Senior Design\Code\PowerSupplyMcPowerFace\src\GUI\lv_port_pc_visual_studio\LvglPlatform\lvgl\src\misc\lv_color.h(355,32): warning C4244: 'function': conversion from 'int' to 'uint8_t', possible loss of data
  (compiling source file '../LvglPlatform/lvgl/src/draw/lv_draw_rect.c')
  
C:\Users\Josiah\Documents\Senior Design\Code\PowerSupplyMcPowerFace\src\GUI\lv_port_pc_visual_studio\LvglPlatform\lvgl\src\misc\lv_color.h(355,46): warning C4244: 'function': conversion from 'int' to 'uint8_t', possible loss of data
  (compiling source file '../LvglPlatform/lvgl/src/draw/lv_draw_rect.c')
  
C:\Users\Josiah\Documents\Senior Design\Code\PowerSupplyMcPowerFace\src\GUI\lv_port_pc_visual_studio\LvglPlatform\lvgl\src\misc\lv_color.h(355,59): warning C4244: 'function': conversion from 'int' to 'uint8_t', possible loss of data
  (compiling source file '../LvglPlatform/lvgl/src/draw/lv_draw_rect.c')
  
C:\Users\Josiah\Documents\Senior Design\Code\PowerSupplyMcPowerFace\src\GUI\lv_port_pc_visual_studio\LvglPlatform\lvgl\src\misc\lv_color.h(355,32): warning C4244: 'function': conversion from 'int' to 'uint8_t', possible loss of data
  (compiling source file '../LvglPlatform/lvgl/src/draw/lv_draw_vector.c')
  
C:\Users\Josiah\Documents\Senior Design\Code\PowerSupplyMcPowerFace\src\GUI\lv_port_pc_visual_studio\LvglPlatform\lvgl\src\misc\lv_color.h(355,46): warning C4244: 'function': conversion from 'int' to 'uint8_t', possible loss of data
  (compiling source file '../LvglPlatform/lvgl/src/draw/lv_draw_vector.c')
  
C:\Users\Josiah\Documents\Senior Design\Code\PowerSupplyMcPowerFace\src\GUI\lv_port_pc_visual_studio\LvglPlatform\lvgl\src\misc\lv_color.h(355,59): warning C4244: 'function': conversion from 'int' to 'uint8_t', possible loss of data
  (compiling source file '../LvglPlatform/lvgl/src/draw/lv_draw_vector.c')
  
  lv_draw_nema_gfx_border.c
C:\Users\Josiah\Documents\Senior Design\Code\PowerSupplyMcPowerFace\src\GUI\lv_port_pc_visual_studio\LvglPlatform\lvgl\src\misc\lv_color.h(355,32): warning C4244: 'function': conversion from 'int' to 'uint8_t', possible loss of data
  (compiling source file '../LvglPlatform/lvgl/src/draw/nema_gfx/lv_draw_nema_gfx.c')
  
C:\Users\Josiah\Documents\Senior Design\Code\PowerSupplyMcPowerFace\src\GUI\lv_port_pc_visual_studio\LvglPlatform\lvgl\src\misc\lv_color.h(355,46): warning C4244: 'function': conversion from 'int' to 'uint8_t', possible loss of data
  (compiling source file '../LvglPlatform/lvgl/src/draw/nema_gfx/lv_draw_nema_gfx.c')
  
C:\Users\Josiah\Documents\Senior Design\Code\PowerSupplyMcPowerFace\src\GUI\lv_port_pc_visual_studio\LvglPlatform\lvgl\src\misc\lv_color.h(355,59): warning C4244: 'function': conversion from 'int' to 'uint8_t', possible loss of data
  (compiling source file '../LvglPlatform/lvgl/src/draw/nema_gfx/lv_draw_nema_gfx.c')
  
  lv_draw_nema_gfx_fill.c
  lv_draw_nema_gfx_img.c
  lv_draw_nema_gfx_label.c
  lv_draw_nema_gfx_layer.c
  lv_draw_nema_gfx_line.c
  lv_draw_nema_gfx_stm32_hal.c
  lv_draw_nema_gfx_triangle.c
  lv_draw_nema_gfx_utils.c
  lv_draw_nema_gfx_vector.c
  lv_nema_gfx_path.c
  lv_draw_buf_g2d.c
  lv_draw_g2d.c
C:\Users\Josiah\Documents\Senior Design\Code\PowerSupplyMcPowerFace\src\GUI\lv_port_pc_visual_studio\LvglPlatform\lvgl\src\misc\lv_color.h(355,32): warning C4244: 'function': conversion from 'int' to 'uint8_t', possible loss of data
  (compiling source file '../LvglPlatform/lvgl/src/draw/nema_gfx/lv_nema_gfx_path.c')
  
C:\Users\Josiah\Documents\Senior Design\Code\PowerSupplyMcPowerFace\src\GUI\lv_port_pc_visual_studio\LvglPlatform\lvgl\src\misc\lv_color.h(355,46): warning C4244: 'function': conversion from 'int' to 'uint8_t', possible loss of data
  (compiling source file '../LvglPlatform/lvgl/src/draw/nema_gfx/lv_nema_gfx_path.c')
  
C:\Users\Josiah\Documents\Senior Design\Code\PowerSupplyMcPowerFace\src\GUI\lv_port_pc_visual_studio\LvglPlatform\lvgl\src\misc\lv_color.h(355,59): warning C4244: 'function': conversion from 'int' to 'uint8_t', possible loss of data
  (compiling source file '../LvglPlatform/lvgl/src/draw/nema_gfx/lv_nema_gfx_path.c')
  
  lv_draw_g2d_fill.c
  lv_draw_g2d_img.c
  lv_g2d_buf_map.c
  lv_g2d_utils.c
  lv_draw_buf_pxp.c
  lv_draw_pxp.c
  lv_draw_pxp_fill.c
  lv_draw_pxp_img.c
  lv_draw_pxp_layer.c
C:\Users\Josiah\Documents\Senior Design\Code\PowerSupplyMcPowerFace\src\GUI\lv_port_pc_visual_studio\LvglPlatform\lvgl\src\core\lv_obj_pos.c(277,34): warning C4244: 'function': conversion from 'uint32_t' to 'uint16_t', possible loss of data
  lv_pxp_cfg.c
  lv_pxp_osa.c
C:\Users\Josiah\Documents\Senior Design\Code\PowerSupplyMcPowerFace\src\GUI\lv_port_pc_visual_studio\LvglPlatform\lvgl\src\core\lv_refr.c(585,49): warning C4244: '=': conversion from 'uint32_t' to 'uint16_t', possible loss of data
  lv_pxp_utils.c
  lv_draw_opengles.c
C:\Users\Josiah\Documents\Senior Design\Code\PowerSupplyMcPowerFace\src\GUI\lv_port_pc_visual_studio\LvglPlatform\lvgl\src\core\lv_obj_style.c(250,48): warning C5287: operands are different enum types 'lv_part_t' and 'lv_state_t'; use an explicit cast to silence this warning
C:\Users\Josiah\Documents\Senior Design\Code\PowerSupplyMcPowerFace\src\GUI\lv_port_pc_visual_studio\LvglPlatform\lvgl\src\core\lv_obj_style.c(320,20): warning C4389: '==': signed/unsigned mismatch
C:\Users\Josiah\Documents\Senior Design\Code\PowerSupplyMcPowerFace\src\GUI\lv_port_pc_visual_studio\LvglPlatform\lvgl\src\core\lv_obj_style.c(337,34): warning C4244: 'return': conversion from 'uint32_t' to 'bool', possible loss of data
C:\Users\Josiah\Documents\Senior Design\Code\PowerSupplyMcPowerFace\src\GUI\lv_port_pc_visual_studio\LvglPlatform\lvgl\src\core\lv_obj_style.c(899,36): warning C4389: '==': signed/unsigned mismatch
C:\Users\Josiah\Documents\Senior Design\Code\PowerSupplyMcPowerFace\src\GUI\lv_port_pc_visual_studio\LvglPlatform\lvgl\src\core\lv_obj_style.c(904,95): warning C4389: '==': signed/unsigned mismatch
C:\Users\Josiah\Documents\Senior Design\Code\PowerSupplyMcPowerFace\src\GUI\lv_port_pc_visual_studio\LvglPlatform\lvgl\src\core\lv_obj_style.c(960,99): warning C4244: 'function': conversion from 'int32_t' to 'uint8_t', possible loss of data
C:\Users\Josiah\Documents\Senior Design\Code\PowerSupplyMcPowerFace\src\GUI\lv_port_pc_visual_studio\LvglPlatform\lvgl\src\display\lv_display.c(609,16): warning C4244: 'return': conversion from 'uint32_t' to 'bool', possible loss of data
C:\Users\Josiah\Documents\Senior Design\Code\PowerSupplyMcPowerFace\src\GUI\lv_port_pc_visual_studio\LvglPlatform\lvgl\src\core\lv_obj_style.c(1118,31): warning C4244: 'function': conversion from 'int32_t' to 'lv_opa_t', possible loss of data
C:\Users\Josiah\Documents\Senior Design\Code\PowerSupplyMcPowerFace\src\GUI\lv_port_pc_visual_studio\LvglPlatform\lvgl\src\core\lv_obj_style.c(1132,54): warning C4244: 'function': conversion from 'uint32_t' to 'uint8_t', possible loss of data
C:\Users\Josiah\Documents\Senior Design\Code\PowerSupplyMcPowerFace\src\GUI\lv_port_pc_visual_studio\LvglPlatform\lvgl\src\core\lv_obj_style.c(1141,49): warning C4244: 'function': conversion from 'uint32_t' to 'uint8_t', possible loss of data
C:\Users\Josiah\Documents\Senior Design\Code\PowerSupplyMcPowerFace\src\GUI\lv_port_pc_visual_studio\LvglPlatform\lvgl\src\display\lv_display.c(973,16): warning C4244: 'return': conversion from 'uint32_t' to 'bool', possible loss of data
C:\Users\Josiah\Documents\Senior Design\Code\PowerSupplyMcPowerFace\src\GUI\lv_port_pc_visual_studio\LvglPlatform\lvgl\src\display\lv_display.c(1323,31): warning C4244: 'function': conversion from 'int32_t' to 'lv_opa_t', possible loss of data
  lv_draw_dave2d.c
  lv_draw_dave2d_arc.c
  lv_draw_dave2d_border.c
  lv_draw_dave2d_fill.c
  lv_draw_dave2d_image.c
  lv_draw_dave2d_label.c
  lv_draw_dave2d_line.c
C:\Users\Josiah\Documents\Senior Design\Code\PowerSupplyMcPowerFace\src\GUI\lv_port_pc_visual_studio\LvglPlatform\lvgl\src\core\lv_obj_tree.c(745,17): warning C4244: '=': conversion from 'int32_t' to 'uint16_t', possible loss of data
C:\Users\Josiah\Documents\Senior Design\Code\PowerSupplyMcPowerFace\src\GUI\lv_port_pc_visual_studio\LvglPlatform\lvgl\src\draw\lv_draw_arc.c(105,43): warning C4244: 'function': conversion from 'int32_t' to 'int16_t', possible loss of data
C:\Users\Josiah\Documents\Senior Design\Code\PowerSupplyMcPowerFace\src\GUI\lv_port_pc_visual_studio\LvglPlatform\lvgl\src\draw\lv_draw_arc.c(106,59): warning C4244: 'function': conversion from 'int' to 'int16_t', possible loss of data
C:\Users\Josiah\Documents\Senior Design\Code\PowerSupplyMcPowerFace\src\GUI\lv_port_pc_visual_studio\LvglPlatform\lvgl\src\draw\lv_draw_arc.c(108,43): warning C4244: 'function': conversion from 'int32_t' to 'int16_t', possible loss of data
C:\Users\Josiah\Documents\Senior Design\Code\PowerSupplyMcPowerFace\src\GUI\lv_port_pc_visual_studio\LvglPlatform\lvgl\src\draw\lv_draw_arc.c(109,57): warning C4244: 'function': conversion from 'int' to 'int16_t', possible loss of data
C:\Users\Josiah\Documents\Senior Design\Code\PowerSupplyMcPowerFace\src\GUI\lv_port_pc_visual_studio\LvglPlatform\lvgl\src\draw\lv_draw_arc.c(112,43): warning C4244: 'function': conversion from 'int32_t' to 'int16_t', possible loss of data
C:\Users\Josiah\Documents\Senior Design\Code\PowerSupplyMcPowerFace\src\GUI\lv_port_pc_visual_studio\LvglPlatform\lvgl\src\draw\lv_draw_arc.c(113,59): warning C4244: 'function': conversion from 'int' to 'int16_t', possible loss of data
C:\Users\Josiah\Documents\Senior Design\Code\PowerSupplyMcPowerFace\src\GUI\lv_port_pc_visual_studio\LvglPlatform\lvgl\src\draw\lv_draw_arc.c(115,43): warning C4244: 'function': conversion from 'int32_t' to 'int16_t', possible loss of data
C:\Users\Josiah\Documents\Senior Design\Code\PowerSupplyMcPowerFace\src\GUI\lv_port_pc_visual_studio\LvglPlatform\lvgl\src\draw\lv_draw_arc.c(116,57): warning C4244: 'function': conversion from 'int' to 'int16_t', possible loss of data
C:\Users\Josiah\Documents\Senior Design\Code\PowerSupplyMcPowerFace\src\GUI\lv_port_pc_visual_studio\LvglPlatform\lvgl\src\draw\lv_draw_arc.c(119,59): warning C4244: 'function': conversion from 'int' to 'int16_t', possible loss of data
C:\Users\Josiah\Documents\Senior Design\Code\PowerSupplyMcPowerFace\src\GUI\lv_port_pc_visual_studio\LvglPlatform\lvgl\src\draw\lv_draw_arc.c(120,43): warning C4244: 'function': conversion from 'int32_t' to 'int16_t', possible loss of data
C:\Users\Josiah\Documents\Senior Design\Code\PowerSupplyMcPowerFace\src\GUI\lv_port_pc_visual_studio\LvglPlatform\lvgl\src\draw\lv_draw_arc.c(122,43): warning C4244: 'function': conversion from 'int32_t' to 'int16_t', possible loss of data
C:\Users\Josiah\Documents\Senior Design\Code\PowerSupplyMcPowerFace\src\GUI\lv_port_pc_visual_studio\LvglPlatform\lvgl\src\draw\lv_draw_arc.c(123,57): warning C4244: 'function': conversion from 'int' to 'int16_t', possible loss of data
C:\Users\Josiah\Documents\Senior Design\Code\PowerSupplyMcPowerFace\src\GUI\lv_port_pc_visual_studio\LvglPlatform\lvgl\src\draw\lv_draw_arc.c(126,59): warning C4244: 'function': conversion from 'int' to 'int16_t', possible loss of data
C:\Users\Josiah\Documents\Senior Design\Code\PowerSupplyMcPowerFace\src\GUI\lv_port_pc_visual_studio\LvglPlatform\lvgl\src\draw\lv_draw_arc.c(127,43): warning C4244: 'function': conversion from 'int32_t' to 'int16_t', possible loss of data
C:\Users\Josiah\Documents\Senior Design\Code\PowerSupplyMcPowerFace\src\GUI\lv_port_pc_visual_studio\LvglPlatform\lvgl\src\draw\lv_draw_arc.c(129,57): warning C4244: 'function': conversion from 'int' to 'int16_t', possible loss of data
C:\Users\Josiah\Documents\Senior Design\Code\PowerSupplyMcPowerFace\src\GUI\lv_port_pc_visual_studio\LvglPlatform\lvgl\src\draw\lv_draw_arc.c(130,43): warning C4244: 'function': conversion from 'int32_t' to 'int16_t', possible loss of data
C:\Users\Josiah\Documents\Senior Design\Code\PowerSupplyMcPowerFace\src\GUI\lv_port_pc_visual_studio\LvglPlatform\lvgl\src\draw\lv_draw_arc.c(134,53): warning C4244: 'function': conversion from 'int' to 'int16_t', possible loss of data
C:\Users\Josiah\Documents\Senior Design\Code\PowerSupplyMcPowerFace\src\GUI\lv_port_pc_visual_studio\LvglPlatform\lvgl\src\draw\lv_draw_arc.c(135,26): warning C4244: 'function': conversion from 'int32_t' to 'int16_t', possible loss of data
C:\Users\Josiah\Documents\Senior Design\Code\PowerSupplyMcPowerFace\src\GUI\lv_port_pc_visual_studio\LvglPlatform\lvgl\src\draw\lv_draw_arc.c(137,55): warning C4244: 'function': conversion from 'int' to 'int16_t', possible loss of data
C:\Users\Josiah\Documents\Senior Design\Code\PowerSupplyMcPowerFace\src\GUI\lv_port_pc_visual_studio\LvglPlatform\lvgl\src\draw\lv_draw_arc.c(142,39): warning C4244: 'function': conversion from 'int32_t' to 'int16_t', possible loss of data
C:\Users\Josiah\Documents\Senior Design\Code\PowerSupplyMcPowerFace\src\GUI\lv_port_pc_visual_studio\LvglPlatform\lvgl\src\draw\lv_draw_arc.c(143,26): warning C4244: 'function': conversion from 'int' to 'int16_t', possible loss of data
C:\Users\Josiah\Documents\Senior Design\Code\PowerSupplyMcPowerFace\src\GUI\lv_port_pc_visual_studio\LvglPlatform\lvgl\src\draw\lv_draw_arc.c(145,39): warning C4244: 'function': conversion from 'int32_t' to 'int16_t', possible loss of data
C:\Users\Josiah\Documents\Senior Design\Code\PowerSupplyMcPowerFace\src\GUI\lv_port_pc_visual_studio\LvglPlatform\lvgl\src\draw\lv_draw_arc.c(148,55): warning C4244: 'function': conversion from 'int' to 'int16_t', possible loss of data
C:\Users\Josiah\Documents\Senior Design\Code\PowerSupplyMcPowerFace\src\GUI\lv_port_pc_visual_studio\LvglPlatform\lvgl\src\draw\lv_draw_arc.c(150,53): warning C4244: 'function': conversion from 'int' to 'int16_t', possible loss of data
C:\Users\Josiah\Documents\Senior Design\Code\PowerSupplyMcPowerFace\src\GUI\lv_port_pc_visual_studio\LvglPlatform\lvgl\src\draw\lv_draw_arc.c(151,25): warning C4244: 'function': conversion from 'int32_t' to 'int16_t', possible loss of data
C:\Users\Josiah\Documents\Senior Design\Code\PowerSupplyMcPowerFace\src\GUI\lv_port_pc_visual_studio\LvglPlatform\lvgl\src\draw\lv_draw_arc.c(155,26): warning C4244: 'function': conversion from 'int' to 'int16_t', possible loss of data
C:\Users\Josiah\Documents\Senior Design\Code\PowerSupplyMcPowerFace\src\GUI\lv_port_pc_visual_studio\LvglPlatform\lvgl\src\draw\lv_draw_arc.c(157,39): warning C4244: 'function': conversion from 'int32_t' to 'int16_t', possible loss of data
C:\Users\Josiah\Documents\Senior Design\Code\PowerSupplyMcPowerFace\src\GUI\lv_port_pc_visual_studio\LvglPlatform\lvgl\src\draw\lv_draw_arc.c(159,39): warning C4244: 'function': conversion from 'int32_t' to 'int16_t', possible loss of data
C:\Users\Josiah\Documents\Senior Design\Code\PowerSupplyMcPowerFace\src\GUI\lv_port_pc_visual_studio\LvglPlatform\lvgl\src\draw\lv_draw_arc.c(96,45): warning C4244: 'initializing': conversion from 'int' to 'uint8_t', possible loss of data
C:\Users\Josiah\Documents\Senior Design\Code\PowerSupplyMcPowerFace\src\GUI\lv_port_pc_visual_studio\LvglPlatform\lvgl\src\draw\lv_draw_arc.c(97,41): warning C4244: 'initializing': conversion from 'int' to 'uint8_t', possible loss of data
  lv_draw_dave2d_mask_rectangle.c
  lv_draw_dave2d_triangle.c
  lv_draw_dave2d_utils.c
  lv_draw_sdl.c
C:\Users\Josiah\Documents\Senior Design\Code\PowerSupplyMcPowerFace\src\GUI\lv_port_pc_visual_studio\LvglPlatform\lvgl\src\draw\lv_draw_image.c(82,57): warning C4244: 'function': conversion from 'const int32_t' to 'uint16_t', possible loss of data
C:\Users\Josiah\Documents\Senior Design\Code\PowerSupplyMcPowerFace\src\GUI\lv_port_pc_visual_studio\LvglPlatform\lvgl\src\draw\lv_draw_image.c(82,71): warning C4244: 'function': conversion from 'const int32_t' to 'uint16_t', possible loss of data
C:\Users\Josiah\Documents\Senior Design\Code\PowerSupplyMcPowerFace\src\GUI\lv_port_pc_visual_studio\LvglPlatform\lvgl\src\draw\lv_draw_image.c(133,61): warning C4244: 'function': conversion from 'const int32_t' to 'uint16_t', possible loss of data
C:\Users\Josiah\Documents\Senior Design\Code\PowerSupplyMcPowerFace\src\GUI\lv_port_pc_visual_studio\LvglPlatform\lvgl\src\draw\lv_draw_image.c(133,75): warning C4244: 'function': conversion from 'const int32_t' to 'uint16_t', possible loss of data
C:\Users\Josiah\Documents\Senior Design\Code\PowerSupplyMcPowerFace\src\GUI\lv_port_pc_visual_studio\LvglPlatform\lvgl\src\draw\lv_draw_image.c(169,73): warning C4244: 'function': conversion from 'const int32_t' to 'uint16_t', possible loss of data
C:\Users\Josiah\Documents\Senior Design\Code\PowerSupplyMcPowerFace\src\GUI\lv_port_pc_visual_studio\LvglPlatform\lvgl\src\draw\lv_draw_image.c(169,87): warning C4244: 'function': conversion from 'const int32_t' to 'uint16_t', possible loss of data
C:\Users\Josiah\Documents\Senior Design\Code\PowerSupplyMcPowerFace\src\GUI\lv_port_pc_visual_studio\LvglPlatform\lvgl\src\draw\lv_draw_image.c(173,73): warning C4244: 'function': conversion from 'const int32_t' to 'uint16_t', possible loss of data
C:\Users\Josiah\Documents\Senior Design\Code\PowerSupplyMcPowerFace\src\GUI\lv_port_pc_visual_studio\LvglPlatform\lvgl\src\draw\lv_draw_image.c(173,87): warning C4244: 'function': conversion from 'const int32_t' to 'uint16_t', possible loss of data
C:\Users\Josiah\Documents\Senior Design\Code\PowerSupplyMcPowerFace\src\GUI\lv_port_pc_visual_studio\LvglPlatform\lvgl\src\draw\lv_draw_image.c(221,89): warning C4244: 'function': conversion from 'const int32_t' to 'uint16_t', possible loss of data
C:\Users\Josiah\Documents\Senior Design\Code\PowerSupplyMcPowerFace\src\GUI\lv_port_pc_visual_studio\LvglPlatform\lvgl\src\draw\lv_draw_image.c(221,108): warning C4244: 'function': conversion from 'const int32_t' to 'uint16_t', possible loss of data
  lv_draw_sw_blend.c
  lv_draw_sw_blend_to_al88.c
C:\Users\Josiah\Documents\Senior Design\Code\PowerSupplyMcPowerFace\src\GUI\lv_port_pc_visual_studio\LvglPlatform\lvgl\src\draw\lv_draw_buf.c(594,40): warning C4389: '!=': signed/unsigned mismatch
  lv_draw_sw_blend_to_argb8888.c
  lv_draw_sw_blend_to_argb8888_premultiplied.c
  lv_draw_sw_blend_to_i1.c
  lv_draw_sw_blend_to_l8.c
  lv_draw_sw_blend_to_rgb565.c
  lv_draw_sw_blend_to_rgb565_swapped.c
  lv_draw_sw_blend_to_rgb888.c
C:\Users\Josiah\Documents\Senior Design\Code\PowerSupplyMcPowerFace\src\GUI\lv_port_pc_visual_studio\LvglPlatform\lvgl\src\misc\lv_color.h(355,32): warning C4244: 'function': conversion from 'int' to 'uint8_t', possible loss of data
  (compiling source file '../LvglPlatform/lvgl/src/draw/sdl/lv_draw_sdl.c')
  
C:\Users\Josiah\Documents\Senior Design\Code\PowerSupplyMcPowerFace\src\GUI\lv_port_pc_visual_studio\LvglPlatform\lvgl\src\misc\lv_color.h(355,46): warning C4244: 'function': conversion from 'int' to 'uint8_t', possible loss of data
  (compiling source file '../LvglPlatform/lvgl/src/draw/sdl/lv_draw_sdl.c')
  
C:\Users\Josiah\Documents\Senior Design\Code\PowerSupplyMcPowerFace\src\GUI\lv_port_pc_visual_studio\LvglPlatform\lvgl\src\misc\lv_color.h(355,59): warning C4244: 'function': conversion from 'int' to 'uint8_t', possible loss of data
  (compiling source file '../LvglPlatform/lvgl/src/draw/sdl/lv_draw_sdl.c')
  
C:\Users\Josiah\Documents\Senior Design\Code\PowerSupplyMcPowerFace\src\GUI\lv_port_pc_visual_studio\LvglPlatform\lvgl\src\misc\lv_color.h(355,32): warning C4244: 'function': conversion from 'int' to 'uint8_t', possible loss of data
  (compiling source file '../LvglPlatform/lvgl/src/draw/sw/blend/lv_draw_sw_blend.c')
  
C:\Users\Josiah\Documents\Senior Design\Code\PowerSupplyMcPowerFace\src\GUI\lv_port_pc_visual_studio\LvglPlatform\lvgl\src\misc\lv_color.h(355,46): warning C4244: 'function': conversion from 'int' to 'uint8_t', possible loss of data
  (compiling source file '../LvglPlatform/lvgl/src/draw/sw/blend/lv_draw_sw_blend.c')
  
C:\Users\Josiah\Documents\Senior Design\Code\PowerSupplyMcPowerFace\src\GUI\lv_port_pc_visual_studio\LvglPlatform\lvgl\src\misc\lv_color.h(355,59): warning C4244: 'function': conversion from 'int' to 'uint8_t', possible loss of data
  (compiling source file '../LvglPlatform/lvgl/src/draw/sw/blend/lv_draw_sw_blend.c')
  
C:\Users\Josiah\Documents\Senior Design\Code\PowerSupplyMcPowerFace\src\GUI\lv_port_pc_visual_studio\LvglPlatform\lvgl\src\draw\lv_draw.c(710,1): warning C4702: unreachable code
  lv_draw_sw_blend_neon_to_rgb565.c
  lv_draw_sw_blend_neon_to_rgb888.c
C:\Users\Josiah\Documents\Senior Design\Code\PowerSupplyMcPowerFace\src\GUI\lv_port_pc_visual_studio\LvglPlatform\lvgl\src\misc\lv_color.h(355,32): warning C4244: 'function': conversion from 'int' to 'uint8_t', possible loss of data
  (compiling source file '../LvglPlatform/lvgl/src/draw/sw/blend/lv_draw_sw_blend_to_rgb565.c')
  
C:\Users\Josiah\Documents\Senior Design\Code\PowerSupplyMcPowerFace\src\GUI\lv_port_pc_visual_studio\LvglPlatform\lvgl\src\misc\lv_color.h(355,46): warning C4244: 'function': conversion from 'int' to 'uint8_t', possible loss of data
  (compiling source file '../LvglPlatform/lvgl/src/draw/sw/blend/lv_draw_sw_blend_to_rgb565.c')
  
C:\Users\Josiah\Documents\Senior Design\Code\PowerSupplyMcPowerFace\src\GUI\lv_port_pc_visual_studio\LvglPlatform\lvgl\src\misc\lv_color.h(355,59): warning C4244: 'function': conversion from 'int' to 'uint8_t', possible loss of data
  (compiling source file '../LvglPlatform/lvgl/src/draw/sw/blend/lv_draw_sw_blend_to_rgb565.c')
  
C:\Users\Josiah\Documents\Senior Design\Code\PowerSupplyMcPowerFace\src\GUI\lv_port_pc_visual_studio\LvglPlatform\lvgl\src\misc\lv_color.h(355,32): warning C4244: 'function': conversion from 'int' to 'uint8_t', possible loss of data
  (compiling source file '../LvglPlatform/lvgl/src/draw/sw/blend/lv_draw_sw_blend_to_argb8888_premultiplied.c')
  
C:\Users\Josiah\Documents\Senior Design\Code\PowerSupplyMcPowerFace\src\GUI\lv_port_pc_visual_studio\LvglPlatform\lvgl\src\misc\lv_color.h(355,46): warning C4244: 'function': conversion from 'int' to 'uint8_t', possible loss of data
  (compiling source file '../LvglPlatform/lvgl/src/draw/sw/blend/lv_draw_sw_blend_to_argb8888_premultiplied.c')
  
C:\Users\Josiah\Documents\Senior Design\Code\PowerSupplyMcPowerFace\src\GUI\lv_port_pc_visual_studio\LvglPlatform\lvgl\src\misc\lv_color.h(355,59): warning C4244: 'function': conversion from 'int' to 'uint8_t', possible loss of data
  (compiling source file '../LvglPlatform/lvgl/src/draw/sw/blend/lv_draw_sw_blend_to_argb8888_premultiplied.c')
  
C:\Users\Josiah\Documents\Senior Design\Code\PowerSupplyMcPowerFace\src\GUI\lv_port_pc_visual_studio\LvglPlatform\lvgl\src\misc\lv_color.h(355,32): warning C4244: 'function': conversion from 'int' to 'uint8_t', possible loss of data
  (compiling source file '../LvglPlatform/lvgl/src/draw/sw/blend/lv_draw_sw_blend_to_rgb565_swapped.c')
  
C:\Users\Josiah\Documents\Senior Design\Code\PowerSupplyMcPowerFace\src\GUI\lv_port_pc_visual_studio\LvglPlatform\lvgl\src\misc\lv_color.h(355,46): warning C4244: 'function': conversion from 'int' to 'uint8_t', possible loss of data
  (compiling source file '../LvglPlatform/lvgl/src/draw/sw/blend/lv_draw_sw_blend_to_rgb565_swapped.c')
  
C:\Users\Josiah\Documents\Senior Design\Code\PowerSupplyMcPowerFace\src\GUI\lv_port_pc_visual_studio\LvglPlatform\lvgl\src\misc\lv_color.h(355,59): warning C4244: 'function': conversion from 'int' to 'uint8_t', possible loss of data
  (compiling source file '../LvglPlatform/lvgl/src/draw/sw/blend/lv_draw_sw_blend_to_rgb565_swapped.c')
  
C:\Users\Josiah\Documents\Senior Design\Code\PowerSupplyMcPowerFace\src\GUI\lv_port_pc_visual_studio\LvglPlatform\lvgl\src\misc\lv_color.h(355,32): warning C4244: 'function': conversion from 'int' to 'uint8_t', possible loss of data
  (compiling source file '../LvglPlatform/lvgl/src/draw/sw/blend/lv_draw_sw_blend_to_al88.c')
  
C:\Users\Josiah\Documents\Senior Design\Code\PowerSupplyMcPowerFace\src\GUI\lv_port_pc_visual_studio\LvglPlatform\lvgl\src\misc\lv_color.h(355,46): warning C4244: 'function': conversion from 'int' to 'uint8_t', possible loss of data
  (compiling source file '../LvglPlatform/lvgl/src/draw/sw/blend/lv_draw_sw_blend_to_al88.c')
  
C:\Users\Josiah\Documents\Senior Design\Code\PowerSupplyMcPowerFace\src\GUI\lv_port_pc_visual_studio\LvglPlatform\lvgl\src\misc\lv_color.h(355,59): warning C4244: 'function': conversion from 'int' to 'uint8_t', possible loss of data
  (compiling source file '../LvglPlatform/lvgl/src/draw/sw/blend/lv_draw_sw_blend_to_al88.c')
  
C:\Users\Josiah\Documents\Senior Design\Code\PowerSupplyMcPowerFace\src\GUI\lv_port_pc_visual_studio\LvglPlatform\lvgl\src\misc\lv_color.h(355,32): warning C4244: 'function': conversion from 'int' to 'uint8_t', possible loss of data
  (compiling source file '../LvglPlatform/lvgl/src/draw/sw/blend/lv_draw_sw_blend_to_i1.c')
  
C:\Users\Josiah\Documents\Senior Design\Code\PowerSupplyMcPowerFace\src\GUI\lv_port_pc_visual_studio\LvglPlatform\lvgl\src\misc\lv_color.h(355,46): warning C4244: 'function': conversion from 'int' to 'uint8_t', possible loss of data
  (compiling source file '../LvglPlatform/lvgl/src/draw/sw/blend/lv_draw_sw_blend_to_i1.c')
  
C:\Users\Josiah\Documents\Senior Design\Code\PowerSupplyMcPowerFace\src\GUI\lv_port_pc_visual_studio\LvglPlatform\lvgl\src\misc\lv_color.h(355,59): warning C4244: 'function': conversion from 'int' to 'uint8_t', possible loss of data
  (compiling source file '../LvglPlatform/lvgl/src/draw/sw/blend/lv_draw_sw_blend_to_i1.c')
  
  lv_draw_sw.c
  lv_draw_sw_arc.c
  lv_draw_sw_border.c
  lv_draw_sw_box_shadow.c
C:\Users\Josiah\Documents\Senior Design\Code\PowerSupplyMcPowerFace\src\GUI\lv_port_pc_visual_studio\LvglPlatform\lvgl\src\misc\lv_color.h(355,32): warning C4244: 'function': conversion from 'int' to 'uint8_t', possible loss of data
  (compiling source file '../LvglPlatform/lvgl/src/draw/sw/blend/lv_draw_sw_blend_to_rgb888.c')
  
C:\Users\Josiah\Documents\Senior Design\Code\PowerSupplyMcPowerFace\src\GUI\lv_port_pc_visual_studio\LvglPlatform\lvgl\src\misc\lv_color.h(355,46): warning C4244: 'function': conversion from 'int' to 'uint8_t', possible loss of data
  (compiling source file '../LvglPlatform/lvgl/src/draw/sw/blend/lv_draw_sw_blend_to_rgb888.c')
  
C:\Users\Josiah\Documents\Senior Design\Code\PowerSupplyMcPowerFace\src\GUI\lv_port_pc_visual_studio\LvglPlatform\lvgl\src\misc\lv_color.h(355,59): warning C4244: 'function': conversion from 'int' to 'uint8_t', possible loss of data
  (compiling source file '../LvglPlatform/lvgl/src/draw/sw/blend/lv_draw_sw_blend_to_rgb888.c')
  
  lv_draw_sw_fill.c
  lv_draw_sw_grad.c
  lv_draw_sw_img.c
C:\Users\Josiah\Documents\Senior Design\Code\PowerSupplyMcPowerFace\src\GUI\lv_port_pc_visual_studio\LvglPlatform\lvgl\src\misc\lv_color.h(355,32): warning C4244: 'function': conversion from 'int' to 'uint8_t', possible loss of data
  (compiling source file '../LvglPlatform/lvgl/src/draw/sw/blend/lv_draw_sw_blend_to_argb8888.c')
  
C:\Users\Josiah\Documents\Senior Design\Code\PowerSupplyMcPowerFace\src\GUI\lv_port_pc_visual_studio\LvglPlatform\lvgl\src\misc\lv_color.h(355,46): warning C4244: 'function': conversion from 'int' to 'uint8_t', possible loss of data
  (compiling source file '../LvglPlatform/lvgl/src/draw/sw/blend/lv_draw_sw_blend_to_argb8888.c')
  
C:\Users\Josiah\Documents\Senior Design\Code\PowerSupplyMcPowerFace\src\GUI\lv_port_pc_visual_studio\LvglPlatform\lvgl\src\misc\lv_color.h(355,59): warning C4244: 'function': conversion from 'int' to 'uint8_t', possible loss of data
  (compiling source file '../LvglPlatform/lvgl/src/draw/sw/blend/lv_draw_sw_blend_to_argb8888.c')
  
C:\Users\Josiah\Documents\Senior Design\Code\PowerSupplyMcPowerFace\src\GUI\lv_port_pc_visual_studio\LvglPlatform\lvgl\src\misc\lv_color.h(355,32): warning C4244: 'function': conversion from 'int' to 'uint8_t', possible loss of data
  (compiling source file '../LvglPlatform/lvgl/src/draw/sw/lv_draw_sw_arc.c')
  
C:\Users\Josiah\Documents\Senior Design\Code\PowerSupplyMcPowerFace\src\GUI\lv_port_pc_visual_studio\LvglPlatform\lvgl\src\misc\lv_color.h(355,46): warning C4244: 'function': conversion from 'int' to 'uint8_t', possible loss of data
  (compiling source file '../LvglPlatform/lvgl/src/draw/sw/lv_draw_sw_arc.c')
  
C:\Users\Josiah\Documents\Senior Design\Code\PowerSupplyMcPowerFace\src\GUI\lv_port_pc_visual_studio\LvglPlatform\lvgl\src\misc\lv_color.h(355,59): warning C4244: 'function': conversion from 'int' to 'uint8_t', possible loss of data
  (compiling source file '../LvglPlatform/lvgl/src/draw/sw/lv_draw_sw_arc.c')
  
C:\Users\Josiah\Documents\Senior Design\Code\PowerSupplyMcPowerFace\src\GUI\lv_port_pc_visual_studio\LvglPlatform\lvgl\src\draw\sw\blend\lv_draw_sw_blend_to_argb8888_premultiplied.c(767,47): warning C4244: '=': conversion from 'uint32_t' to 'uint8_t', possible loss of data
C:\Users\Josiah\Documents\Senior Design\Code\PowerSupplyMcPowerFace\src\GUI\lv_port_pc_visual_studio\LvglPlatform\lvgl\src\draw\sw\blend\lv_draw_sw_blend_to_argb8888_premultiplied.c(768,47): warning C4244: '=': conversion from 'uint32_t' to 'uint8_t', possible loss of data
C:\Users\Josiah\Documents\Senior Design\Code\PowerSupplyMcPowerFace\src\GUI\lv_port_pc_visual_studio\LvglPlatform\lvgl\src\draw\sw\blend\lv_draw_sw_blend_to_argb8888_premultiplied.c(769,47): warning C4244: '=': conversion from 'uint32_t' to 'uint8_t', possible loss of data
C:\Users\Josiah\Documents\Senior Design\Code\PowerSupplyMcPowerFace\src\GUI\lv_port_pc_visual_studio\LvglPlatform\lvgl\src\misc\lv_color.h(355,32): warning C4244: 'function': conversion from 'int' to 'uint8_t', possible loss of data
  (compiling source file '../LvglPlatform/lvgl/src/draw/sw/lv_draw_sw_border.c')
  
C:\Users\Josiah\Documents\Senior Design\Code\PowerSupplyMcPowerFace\src\GUI\lv_port_pc_visual_studio\LvglPlatform\lvgl\src\misc\lv_color.h(355,46): warning C4244: 'function': conversion from 'int' to 'uint8_t', possible loss of data
  (compiling source file '../LvglPlatform/lvgl/src/draw/sw/lv_draw_sw_border.c')
  
C:\Users\Josiah\Documents\Senior Design\Code\PowerSupplyMcPowerFace\src\GUI\lv_port_pc_visual_studio\LvglPlatform\lvgl\src\misc\lv_color.h(355,59): warning C4244: 'function': conversion from 'int' to 'uint8_t', possible loss of data
  (compiling source file '../LvglPlatform/lvgl/src/draw/sw/lv_draw_sw_border.c')
  
C:\Users\Josiah\Documents\Senior Design\Code\PowerSupplyMcPowerFace\src\GUI\lv_port_pc_visual_studio\LvglPlatform\lvgl\src\misc\lv_color.h(355,32): warning C4244: 'function': conversion from 'int' to 'uint8_t', possible loss of data
  (compiling source file '../LvglPlatform/lvgl/src/draw/sw/lv_draw_sw_fill.c')
  
C:\Users\Josiah\Documents\Senior Design\Code\PowerSupplyMcPowerFace\src\GUI\lv_port_pc_visual_studio\LvglPlatform\lvgl\src\misc\lv_color.h(355,46): warning C4244: 'function': conversion from 'int' to 'uint8_t', possible loss of data
  (compiling source file '../LvglPlatform/lvgl/src/draw/sw/lv_draw_sw_fill.c')
  
C:\Users\Josiah\Documents\Senior Design\Code\PowerSupplyMcPowerFace\src\GUI\lv_port_pc_visual_studio\LvglPlatform\lvgl\src\misc\lv_color.h(355,59): warning C4244: 'function': conversion from 'int' to 'uint8_t', possible loss of data
  (compiling source file '../LvglPlatform/lvgl/src/draw/sw/lv_draw_sw_fill.c')
  
C:\Users\Josiah\Documents\Senior Design\Code\PowerSupplyMcPowerFace\src\GUI\lv_port_pc_visual_studio\LvglPlatform\lvgl\src\misc\lv_color.h(355,32): warning C4244: 'function': conversion from 'int' to 'uint8_t', possible loss of data
  (compiling source file '../LvglPlatform/lvgl/src/draw/sw/blend/lv_draw_sw_blend_to_l8.c')
  
C:\Users\Josiah\Documents\Senior Design\Code\PowerSupplyMcPowerFace\src\GUI\lv_port_pc_visual_studio\LvglPlatform\lvgl\src\misc\lv_color.h(355,46): warning C4244: 'function': conversion from 'int' to 'uint8_t', possible loss of data
  (compiling source file '../LvglPlatform/lvgl/src/draw/sw/blend/lv_draw_sw_blend_to_l8.c')
  
C:\Users\Josiah\Documents\Senior Design\Code\PowerSupplyMcPowerFace\src\GUI\lv_port_pc_visual_studio\LvglPlatform\lvgl\src\misc\lv_color.h(355,59): warning C4244: 'function': conversion from 'int' to 'uint8_t', possible loss of data
  (compiling source file '../LvglPlatform/lvgl/src/draw/sw/blend/lv_draw_sw_blend_to_l8.c')
  
  lv_draw_sw_letter.c
C:\Users\Josiah\Documents\Senior Design\Code\PowerSupplyMcPowerFace\src\GUI\lv_port_pc_visual_studio\LvglPlatform\lvgl\src\misc\lv_color.h(355,32): warning C4244: 'function': conversion from 'int' to 'uint8_t', possible loss of data
  (compiling source file '../LvglPlatform/lvgl/src/draw/sw/lv_draw_sw.c')
  
C:\Users\Josiah\Documents\Senior Design\Code\PowerSupplyMcPowerFace\src\GUI\lv_port_pc_visual_studio\LvglPlatform\lvgl\src\misc\lv_color.h(355,46): warning C4244: 'function': conversion from 'int' to 'uint8_t', possible loss of data
  (compiling source file '../LvglPlatform/lvgl/src/draw/sw/lv_draw_sw.c')
  
C:\Users\Josiah\Documents\Senior Design\Code\PowerSupplyMcPowerFace\src\GUI\lv_port_pc_visual_studio\LvglPlatform\lvgl\src\misc\lv_color.h(355,59): warning C4244: 'function': conversion from 'int' to 'uint8_t', possible loss of data
  (compiling source file '../LvglPlatform/lvgl/src/draw/sw/lv_draw_sw.c')
  
C:\Users\Josiah\Documents\Senior Design\Code\PowerSupplyMcPowerFace\src\GUI\lv_port_pc_visual_studio\LvglPlatform\lvgl\src\misc\lv_color.h(355,32): warning C4244: 'function': conversion from 'int' to 'uint8_t', possible loss of data
  (compiling source file '../LvglPlatform/lvgl/src/draw/sw/lv_draw_sw_img.c')
  
C:\Users\Josiah\Documents\Senior Design\Code\PowerSupplyMcPowerFace\src\GUI\lv_port_pc_visual_studio\LvglPlatform\lvgl\src\misc\lv_color.h(355,46): warning C4244: 'function': conversion from 'int' to 'uint8_t', possible loss of data
  (compiling source file '../LvglPlatform/lvgl/src/draw/sw/lv_draw_sw_img.c')
  
C:\Users\Josiah\Documents\Senior Design\Code\PowerSupplyMcPowerFace\src\GUI\lv_port_pc_visual_studio\LvglPlatform\lvgl\src\misc\lv_color.h(355,59): warning C4244: 'function': conversion from 'int' to 'uint8_t', possible loss of data
  (compiling source file '../LvglPlatform/lvgl/src/draw/sw/lv_draw_sw_img.c')
  
C:\Users\Josiah\Documents\Senior Design\Code\PowerSupplyMcPowerFace\src\GUI\lv_port_pc_visual_studio\LvglPlatform\lvgl\src\misc\lv_color.h(355,32): warning C4244: 'function': conversion from 'int' to 'uint8_t', possible loss of data
  (compiling source file '../LvglPlatform/lvgl/src/draw/sw/lv_draw_sw_box_shadow.c')
  
C:\Users\Josiah\Documents\Senior Design\Code\PowerSupplyMcPowerFace\src\GUI\lv_port_pc_visual_studio\LvglPlatform\lvgl\src\misc\lv_color.h(355,46): warning C4244: 'function': conversion from 'int' to 'uint8_t', possible loss of data
  (compiling source file '../LvglPlatform/lvgl/src/draw/sw/lv_draw_sw_box_shadow.c')
  
C:\Users\Josiah\Documents\Senior Design\Code\PowerSupplyMcPowerFace\src\GUI\lv_port_pc_visual_studio\LvglPlatform\lvgl\src\misc\lv_color.h(355,59): warning C4244: 'function': conversion from 'int' to 'uint8_t', possible loss of data
  (compiling source file '../LvglPlatform/lvgl/src/draw/sw/lv_draw_sw_box_shadow.c')
  
C:\Users\Josiah\Documents\Senior Design\Code\PowerSupplyMcPowerFace\src\GUI\lv_port_pc_visual_studio\LvglPlatform\lvgl\src\draw\sw\blend\lv_draw_sw_blend_to_i1.c(1217,19): warning C4244: '=': conversion from 'int' to 'uint8_t', possible loss of data
C:\Users\Josiah\Documents\Senior Design\Code\PowerSupplyMcPowerFace\src\GUI\lv_port_pc_visual_studio\LvglPlatform\lvgl\src\draw\sw\blend\lv_draw_sw_blend_to_i1.c(1220,19): warning C4244: '=': conversion from 'int' to 'uint8_t', possible loss of data
C:\Users\Josiah\Documents\Senior Design\Code\PowerSupplyMcPowerFace\src\GUI\lv_port_pc_visual_studio\LvglPlatform\lvgl\src\draw\sw\blend\lv_draw_sw_blend_to_i1.c(1223,42): warning C4244: '=': conversion from 'int32_t' to 'uint8_t', possible loss of data
C:\Users\Josiah\Documents\Senior Design\Code\PowerSupplyMcPowerFace\src\GUI\lv_port_pc_visual_studio\LvglPlatform\lvgl\src\draw\sw\blend\lv_draw_sw_blend_to_i1.c(1226,19): warning C4244: '=': conversion from 'int32_t' to 'uint8_t', possible loss of data
  lv_draw_sw_line.c
  lv_draw_sw_mask.c
C:\Users\Josiah\Documents\Senior Design\Code\PowerSupplyMcPowerFace\src\GUI\lv_port_pc_visual_studio\LvglPlatform\lvgl\src\draw\sw\blend\lv_draw_sw_blend_to_l8.c(987,19): warning C4244: '=': conversion from 'int' to 'uint8_t', possible loss of data
C:\Users\Josiah\Documents\Senior Design\Code\PowerSupplyMcPowerFace\src\GUI\lv_port_pc_visual_studio\LvglPlatform\lvgl\src\draw\sw\blend\lv_draw_sw_blend_to_l8.c(990,19): warning C4244: '=': conversion from 'int' to 'uint8_t', possible loss of data
C:\Users\Josiah\Documents\Senior Design\Code\PowerSupplyMcPowerFace\src\GUI\lv_port_pc_visual_studio\LvglPlatform\lvgl\src\draw\sw\blend\lv_draw_sw_blend_to_l8.c(993,38): warning C4244: '=': conversion from 'int32_t' to 'uint8_t', possible loss of data
C:\Users\Josiah\Documents\Senior Design\Code\PowerSupplyMcPowerFace\src\GUI\lv_port_pc_visual_studio\LvglPlatform\lvgl\src\draw\sw\blend\lv_draw_sw_blend_to_l8.c(996,19): warning C4244: '=': conversion from 'int32_t' to 'uint8_t', possible loss of data
  lv_draw_sw_mask_rect.c
C:\Users\Josiah\Documents\Senior Design\Code\PowerSupplyMcPowerFace\src\GUI\lv_port_pc_visual_studio\LvglPlatform\lvgl\src\misc\lv_color.h(355,32): warning C4244: 'function': conversion from 'int' to 'uint8_t', possible loss of data
  (compiling source file '../LvglPlatform/lvgl/src/draw/sw/lv_draw_sw_letter.c')
  
C:\Users\Josiah\Documents\Senior Design\Code\PowerSupplyMcPowerFace\src\GUI\lv_port_pc_visual_studio\LvglPlatform\lvgl\src\misc\lv_color.h(355,46): warning C4244: 'function': conversion from 'int' to 'uint8_t', possible loss of data
  (compiling source file '../LvglPlatform/lvgl/src/draw/sw/lv_draw_sw_letter.c')
  
C:\Users\Josiah\Documents\Senior Design\Code\PowerSupplyMcPowerFace\src\GUI\lv_port_pc_visual_studio\LvglPlatform\lvgl\src\misc\lv_color.h(355,59): warning C4244: 'function': conversion from 'int' to 'uint8_t', possible loss of data
  (compiling source file '../LvglPlatform/lvgl/src/draw/sw/lv_draw_sw_letter.c')
  
C:\Users\Josiah\Documents\Senior Design\Code\PowerSupplyMcPowerFace\src\GUI\lv_port_pc_visual_studio\LvglPlatform\lvgl\src\draw\sw\blend\lv_draw_sw_blend_to_rgb888.c(359,37): warning C4244: 'function': conversion from 'uint32_t' to 'const uint8_t', possible loss of data
C:\Users\Josiah\Documents\Senior Design\Code\PowerSupplyMcPowerFace\src\GUI\lv_port_pc_visual_studio\LvglPlatform\lvgl\src\draw\sw\blend\lv_draw_sw_blend_to_rgb888.c(363,37): warning C4244: 'function': conversion from 'uint32_t' to 'const uint8_t', possible loss of data
  lv_draw_sw_transform.c
  lv_draw_sw_triangle.c
  lv_draw_sw_utils.c
  lv_draw_sw_vector.c
C:\Users\Josiah\Documents\Senior Design\Code\PowerSupplyMcPowerFace\src\GUI\lv_port_pc_visual_studio\LvglPlatform\lvgl\src\misc\lv_color.h(355,32): warning C4244: 'function': conversion from 'int' to 'uint8_t', possible loss of data
  (compiling source file '../LvglPlatform/lvgl/src/draw/sw/lv_draw_sw_grad.c')
  
C:\Users\Josiah\Documents\Senior Design\Code\PowerSupplyMcPowerFace\src\GUI\lv_port_pc_visual_studio\LvglPlatform\lvgl\src\misc\lv_color.h(355,46): warning C4244: 'function': conversion from 'int' to 'uint8_t', possible loss of data
  (compiling source file '../LvglPlatform/lvgl/src/draw/sw/lv_draw_sw_grad.c')
  
C:\Users\Josiah\Documents\Senior Design\Code\PowerSupplyMcPowerFace\src\GUI\lv_port_pc_visual_studio\LvglPlatform\lvgl\src\misc\lv_color.h(355,59): warning C4244: 'function': conversion from 'int' to 'uint8_t', possible loss of data
  (compiling source file '../LvglPlatform/lvgl/src/draw/sw/lv_draw_sw_grad.c')
  
C:\Users\Josiah\Documents\Senior Design\Code\PowerSupplyMcPowerFace\src\GUI\lv_port_pc_visual_studio\LvglPlatform\lvgl\src\misc\lv_color.h(355,32): warning C4244: 'function': conversion from 'int' to 'uint8_t', possible loss of data
  (compiling source file '../LvglPlatform/lvgl/src/draw/sw/lv_draw_sw_mask.c')
  
C:\Users\Josiah\Documents\Senior Design\Code\PowerSupplyMcPowerFace\src\GUI\lv_port_pc_visual_studio\LvglPlatform\lvgl\src\misc\lv_color.h(355,46): warning C4244: 'function': conversion from 'int' to 'uint8_t', possible loss of data
  (compiling source file '../LvglPlatform/lvgl/src/draw/sw/lv_draw_sw_mask.c')
  
C:\Users\Josiah\Documents\Senior Design\Code\PowerSupplyMcPowerFace\src\GUI\lv_port_pc_visual_studio\LvglPlatform\lvgl\src\misc\lv_color.h(355,59): warning C4244: 'function': conversion from 'int' to 'uint8_t', possible loss of data
  (compiling source file '../LvglPlatform/lvgl/src/draw/sw/lv_draw_sw_mask.c')
  
  lv_draw_buf_vg_lite.c
C:\Users\Josiah\Documents\Senior Design\Code\PowerSupplyMcPowerFace\src\GUI\lv_port_pc_visual_studio\LvglPlatform\lvgl\src\misc\lv_color.h(355,32): warning C4244: 'function': conversion from 'int' to 'uint8_t', possible loss of data
  (compiling source file '../LvglPlatform/lvgl/src/draw/sw/lv_draw_sw_line.c')
  
C:\Users\Josiah\Documents\Senior Design\Code\PowerSupplyMcPowerFace\src\GUI\lv_port_pc_visual_studio\LvglPlatform\lvgl\src\misc\lv_color.h(355,46): warning C4244: 'function': conversion from 'int' to 'uint8_t', possible loss of data
  (compiling source file '../LvglPlatform/lvgl/src/draw/sw/lv_draw_sw_line.c')
  
C:\Users\Josiah\Documents\Senior Design\Code\PowerSupplyMcPowerFace\src\GUI\lv_port_pc_visual_studio\LvglPlatform\lvgl\src\misc\lv_color.h(355,59): warning C4244: 'function': conversion from 'int' to 'uint8_t', possible loss of data
  (compiling source file '../LvglPlatform/lvgl/src/draw/sw/lv_draw_sw_line.c')
  
C:\Users\Josiah\Documents\Senior Design\Code\PowerSupplyMcPowerFace\src\GUI\lv_port_pc_visual_studio\LvglPlatform\lvgl\src\misc\lv_color.h(355,32): warning C4244: 'function': conversion from 'int' to 'uint8_t', possible loss of data
  (compiling source file '../LvglPlatform/lvgl/src/draw/sw/lv_draw_sw_transform.c')
  
C:\Users\Josiah\Documents\Senior Design\Code\PowerSupplyMcPowerFace\src\GUI\lv_port_pc_visual_studio\LvglPlatform\lvgl\src\misc\lv_color.h(355,46): warning C4244: 'function': conversion from 'int' to 'uint8_t', possible loss of data
  (compiling source file '../LvglPlatform/lvgl/src/draw/sw/lv_draw_sw_transform.c')
  
C:\Users\Josiah\Documents\Senior Design\Code\PowerSupplyMcPowerFace\src\GUI\lv_port_pc_visual_studio\LvglPlatform\lvgl\src\misc\lv_color.h(355,59): warning C4244: 'function': conversion from 'int' to 'uint8_t', possible loss of data
  (compiling source file '../LvglPlatform/lvgl/src/draw/sw/lv_draw_sw_transform.c')
  
C:\Users\Josiah\Documents\Senior Design\Code\PowerSupplyMcPowerFace\src\GUI\lv_port_pc_visual_studio\LvglPlatform\lvgl\src\misc\lv_color.h(355,32): warning C4244: 'function': conversion from 'int' to 'uint8_t', possible loss of data
  (compiling source file '../LvglPlatform/lvgl/src/draw/sw/lv_draw_sw_triangle.c')
  
C:\Users\Josiah\Documents\Senior Design\Code\PowerSupplyMcPowerFace\src\GUI\lv_port_pc_visual_studio\LvglPlatform\lvgl\src\misc\lv_color.h(355,46): warning C4244: 'function': conversion from 'int' to 'uint8_t', possible loss of data
  (compiling source file '../LvglPlatform/lvgl/src/draw/sw/lv_draw_sw_triangle.c')
  
C:\Users\Josiah\Documents\Senior Design\Code\PowerSupplyMcPowerFace\src\GUI\lv_port_pc_visual_studio\LvglPlatform\lvgl\src\misc\lv_color.h(355,59): warning C4244: 'function': conversion from 'int' to 'uint8_t', possible loss of data
  (compiling source file '../LvglPlatform/lvgl/src/draw/sw/lv_draw_sw_triangle.c')
  
C:\Users\Josiah\Documents\Senior Design\Code\PowerSupplyMcPowerFace\src\GUI\lv_port_pc_visual_studio\LvglPlatform\lvgl\src\misc\lv_color.h(355,32): warning C4244: 'function': conversion from 'int' to 'uint8_t', possible loss of data
  (compiling source file '../LvglPlatform/lvgl/src/draw/sw/lv_draw_sw_utils.c')
  
C:\Users\Josiah\Documents\Senior Design\Code\PowerSupplyMcPowerFace\src\GUI\lv_port_pc_visual_studio\LvglPlatform\lvgl\src\misc\lv_color.h(355,46): warning C4244: 'function': conversion from 'int' to 'uint8_t', possible loss of data
  (compiling source file '../LvglPlatform/lvgl/src/draw/sw/lv_draw_sw_utils.c')
  
C:\Users\Josiah\Documents\Senior Design\Code\PowerSupplyMcPowerFace\src\GUI\lv_port_pc_visual_studio\LvglPlatform\lvgl\src\misc\lv_color.h(355,59): warning C4244: 'function': conversion from 'int' to 'uint8_t', possible loss of data
  (compiling source file '../LvglPlatform/lvgl/src/draw/sw/lv_draw_sw_utils.c')
  
C:\Users\Josiah\Documents\Senior Design\Code\PowerSupplyMcPowerFace\src\GUI\lv_port_pc_visual_studio\LvglPlatform\lvgl\src\misc\lv_color.h(355,32): warning C4244: 'function': conversion from 'int' to 'uint8_t', possible loss of data
  (compiling source file '../LvglPlatform/lvgl/src/draw/sw/lv_draw_sw_mask_rect.c')
  
C:\Users\Josiah\Documents\Senior Design\Code\PowerSupplyMcPowerFace\src\GUI\lv_port_pc_visual_studio\LvglPlatform\lvgl\src\misc\lv_color.h(355,46): warning C4244: 'function': conversion from 'int' to 'uint8_t', possible loss of data
  (compiling source file '../LvglPlatform/lvgl/src/draw/sw/lv_draw_sw_mask_rect.c')
  
C:\Users\Josiah\Documents\Senior Design\Code\PowerSupplyMcPowerFace\src\GUI\lv_port_pc_visual_studio\LvglPlatform\lvgl\src\misc\lv_color.h(355,59): warning C4244: 'function': conversion from 'int' to 'uint8_t', possible loss of data
  (compiling source file '../LvglPlatform/lvgl/src/draw/sw/lv_draw_sw_mask_rect.c')
  
  lv_draw_vg_lite.c
  lv_draw_vg_lite_arc.c
  lv_draw_vg_lite_border.c
C:\Users\Josiah\Documents\Senior Design\Code\PowerSupplyMcPowerFace\src\GUI\lv_port_pc_visual_studio\LvglPlatform\lvgl\src\misc\lv_color.h(355,32): warning C4244: 'function': conversion from 'int' to 'uint8_t', possible loss of data
  (compiling source file '../LvglPlatform/lvgl/src/draw/sw/lv_draw_sw_vector.c')
  
C:\Users\Josiah\Documents\Senior Design\Code\PowerSupplyMcPowerFace\src\GUI\lv_port_pc_visual_studio\LvglPlatform\lvgl\src\misc\lv_color.h(355,46): warning C4244: 'function': conversion from 'int' to 'uint8_t', possible loss of data
  (compiling source file '../LvglPlatform/lvgl/src/draw/sw/lv_draw_sw_vector.c')
  
C:\Users\Josiah\Documents\Senior Design\Code\PowerSupplyMcPowerFace\src\GUI\lv_port_pc_visual_studio\LvglPlatform\lvgl\src\misc\lv_color.h(355,59): warning C4244: 'function': conversion from 'int' to 'uint8_t', possible loss of data
  (compiling source file '../LvglPlatform/lvgl/src/draw/sw/lv_draw_sw_vector.c')
  
  lv_draw_vg_lite_box_shadow.c
  lv_draw_vg_lite_fill.c
C:\Users\Josiah\Documents\Senior Design\Code\PowerSupplyMcPowerFace\src\GUI\lv_port_pc_visual_studio\LvglPlatform\lvgl\src\misc\lv_color.h(355,32): warning C4244: 'function': conversion from 'int' to 'uint8_t', possible loss of data
  (compiling source file '../LvglPlatform/lvgl/src/draw/vg_lite/lv_draw_vg_lite_arc.c')
  
C:\Users\Josiah\Documents\Senior Design\Code\PowerSupplyMcPowerFace\src\GUI\lv_port_pc_visual_studio\LvglPlatform\lvgl\src\misc\lv_color.h(355,46): warning C4244: 'function': conversion from 'int' to 'uint8_t', possible loss of data
  (compiling source file '../LvglPlatform/lvgl/src/draw/vg_lite/lv_draw_vg_lite_arc.c')
  
C:\Users\Josiah\Documents\Senior Design\Code\PowerSupplyMcPowerFace\src\GUI\lv_port_pc_visual_studio\LvglPlatform\lvgl\src\misc\lv_color.h(355,59): warning C4244: 'function': conversion from 'int' to 'uint8_t', possible loss of data
  (compiling source file '../LvglPlatform/lvgl/src/draw/vg_lite/lv_draw_vg_lite_arc.c')
  
C:\Users\Josiah\Documents\Senior Design\Code\PowerSupplyMcPowerFace\src\GUI\lv_port_pc_visual_studio\LvglPlatform\lvgl\src\misc\lv_color.h(355,32): warning C4244: 'function': conversion from 'int' to 'uint8_t', possible loss of data
  (compiling source file '../LvglPlatform/lvgl/src/draw/vg_lite/lv_draw_vg_lite_border.c')
  
C:\Users\Josiah\Documents\Senior Design\Code\PowerSupplyMcPowerFace\src\GUI\lv_port_pc_visual_studio\LvglPlatform\lvgl\src\misc\lv_color.h(355,46): warning C4244: 'function': conversion from 'int' to 'uint8_t', possible loss of data
  (compiling source file '../LvglPlatform/lvgl/src/draw/vg_lite/lv_draw_vg_lite_border.c')
  
C:\Users\Josiah\Documents\Senior Design\Code\PowerSupplyMcPowerFace\src\GUI\lv_port_pc_visual_studio\LvglPlatform\lvgl\src\misc\lv_color.h(355,59): warning C4244: 'function': conversion from 'int' to 'uint8_t', possible loss of data
  (compiling source file '../LvglPlatform/lvgl/src/draw/vg_lite/lv_draw_vg_lite_border.c')
  
C:\Users\Josiah\Documents\Senior Design\Code\PowerSupplyMcPowerFace\src\GUI\lv_port_pc_visual_studio\LvglPlatform\lvgl\src\draw\sw\lv_draw_sw_transform.c(126,31): warning C4244: 'function': conversion from 'int32_t' to 'int16_t', possible loss of data
C:\Users\Josiah\Documents\Senior Design\Code\PowerSupplyMcPowerFace\src\GUI\lv_port_pc_visual_studio\LvglPlatform\lvgl\src\draw\sw\lv_draw_sw_transform.c(127,31): warning C4244: 'function': conversion from 'int32_t' to 'int16_t', possible loss of data
C:\Users\Josiah\Documents\Senior Design\Code\PowerSupplyMcPowerFace\src\GUI\lv_port_pc_visual_studio\LvglPlatform\lvgl\src\draw\sw\lv_draw_sw_transform.c(129,41): warning C4244: 'function': conversion from 'int' to 'int16_t', possible loss of data
C:\Users\Josiah\Documents\Senior Design\Code\PowerSupplyMcPowerFace\src\GUI\lv_port_pc_visual_studio\LvglPlatform\lvgl\src\draw\sw\lv_draw_sw_transform.c(130,42): warning C4244: 'function': conversion from 'int' to 'int16_t', possible loss of data
C:\Users\Josiah\Documents\Senior Design\Code\PowerSupplyMcPowerFace\src\GUI\lv_port_pc_visual_studio\LvglPlatform\lvgl\src\draw\sw\lv_draw_sw_transform.c(388,32): warning C4244: '=': conversion from 'int32_t' to 'uint8_t', possible loss of data
C:\Users\Josiah\Documents\Senior Design\Code\PowerSupplyMcPowerFace\src\GUI\lv_port_pc_visual_studio\LvglPlatform\lvgl\src\draw\sw\lv_draw_sw_transform.c(393,32): warning C4244: '=': conversion from 'int32_t' to 'uint8_t', possible loss of data
C:\Users\Josiah\Documents\Senior Design\Code\PowerSupplyMcPowerFace\src\GUI\lv_port_pc_visual_studio\LvglPlatform\lvgl\src\draw\sw\lv_draw_sw_transform.c(402,61): warning C4244: '=': conversion from 'int32_t' to 'uint8_t', possible loss of data
C:\Users\Josiah\Documents\Senior Design\Code\PowerSupplyMcPowerFace\src\GUI\lv_port_pc_visual_studio\LvglPlatform\lvgl\src\draw\sw\lv_draw_sw_transform.c(405,61): warning C4244: '=': conversion from 'int32_t' to 'uint8_t', possible loss of data
C:\Users\Josiah\Documents\Senior Design\Code\PowerSupplyMcPowerFace\src\GUI\lv_port_pc_visual_studio\LvglPlatform\lvgl\src\draw\sw\lv_draw_sw_transform.c(475,77): warning C4244: '=': conversion from 'int32_t' to 'uint8_t', possible loss of data
C:\Users\Josiah\Documents\Senior Design\Code\PowerSupplyMcPowerFace\src\GUI\lv_port_pc_visual_studio\LvglPlatform\lvgl\src\draw\sw\lv_draw_sw_transform.c(478,129): warning C4244: '=': conversion from 'int32_t' to 'uint8_t', possible loss of data
C:\Users\Josiah\Documents\Senior Design\Code\PowerSupplyMcPowerFace\src\GUI\lv_port_pc_visual_studio\LvglPlatform\lvgl\src\draw\sw\lv_draw_sw_transform.c(479,32): warning C4244: '=': conversion from 'int32_t' to 'uint8_t', possible loss of data
C:\Users\Josiah\Documents\Senior Design\Code\PowerSupplyMcPowerFace\src\GUI\lv_port_pc_visual_studio\LvglPlatform\lvgl\src\draw\sw\lv_draw_sw_transform.c(484,77): warning C4244: '=': conversion from 'int32_t' to 'uint8_t', possible loss of data
C:\Users\Josiah\Documents\Senior Design\Code\PowerSupplyMcPowerFace\src\GUI\lv_port_pc_visual_studio\LvglPlatform\lvgl\src\draw\sw\lv_draw_sw_transform.c(487,129): warning C4244: '=': conversion from 'int32_t' to 'uint8_t', possible loss of data
C:\Users\Josiah\Documents\Senior Design\Code\PowerSupplyMcPowerFace\src\GUI\lv_port_pc_visual_studio\LvglPlatform\lvgl\src\draw\sw\lv_draw_sw_transform.c(488,32): warning C4244: '=': conversion from 'int32_t' to 'uint8_t', possible loss of data
C:\Users\Josiah\Documents\Senior Design\Code\PowerSupplyMcPowerFace\src\GUI\lv_port_pc_visual_studio\LvglPlatform\lvgl\src\draw\sw\lv_draw_sw_transform.c(495,77): warning C4244: '=': conversion from 'int32_t' to 'uint8_t', possible loss of data
C:\Users\Josiah\Documents\Senior Design\Code\PowerSupplyMcPowerFace\src\GUI\lv_port_pc_visual_studio\LvglPlatform\lvgl\src\draw\sw\lv_draw_sw_transform.c(498,77): warning C4244: '=': conversion from 'int32_t' to 'uint8_t', possible loss of data
C:\Users\Josiah\Documents\Senior Design\Code\PowerSupplyMcPowerFace\src\GUI\lv_port_pc_visual_studio\LvglPlatform\lvgl\src\draw\sw\lv_draw_sw_transform.c(591,77): warning C4244: '=': conversion from 'int32_t' to 'uint8_t', possible loss of data
C:\Users\Josiah\Documents\Senior Design\Code\PowerSupplyMcPowerFace\src\GUI\lv_port_pc_visual_studio\LvglPlatform\lvgl\src\draw\sw\lv_draw_sw_transform.c(595,129): warning C4244: '=': conversion from 'int32_t' to 'uint8_t', possible loss of data
C:\Users\Josiah\Documents\Senior Design\Code\PowerSupplyMcPowerFace\src\GUI\lv_port_pc_visual_studio\LvglPlatform\lvgl\src\draw\sw\lv_draw_sw_transform.c(596,32): warning C4244: '=': conversion from 'int32_t' to 'uint8_t', possible loss of data
C:\Users\Josiah\Documents\Senior Design\Code\PowerSupplyMcPowerFace\src\GUI\lv_port_pc_visual_studio\LvglPlatform\lvgl\src\draw\sw\lv_draw_sw_transform.c(601,77): warning C4244: '=': conversion from 'int32_t' to 'uint8_t', possible loss of data
C:\Users\Josiah\Documents\Senior Design\Code\PowerSupplyMcPowerFace\src\GUI\lv_port_pc_visual_studio\LvglPlatform\lvgl\src\draw\sw\lv_draw_sw_transform.c(604,129): warning C4244: '=': conversion from 'int32_t' to 'uint8_t', possible loss of data
C:\Users\Josiah\Documents\Senior Design\Code\PowerSupplyMcPowerFace\src\GUI\lv_port_pc_visual_studio\LvglPlatform\lvgl\src\draw\sw\lv_draw_sw_transform.c(605,32): warning C4244: '=': conversion from 'int32_t' to 'uint8_t', possible loss of data
C:\Users\Josiah\Documents\Senior Design\Code\PowerSupplyMcPowerFace\src\GUI\lv_port_pc_visual_studio\LvglPlatform\lvgl\src\draw\sw\lv_draw_sw_transform.c(618,74): warning C4244: 'initializing': conversion from 'int32_t' to 'lv_opa_t', possible loss of data
C:\Users\Josiah\Documents\Senior Design\Code\PowerSupplyMcPowerFace\src\GUI\lv_port_pc_visual_studio\LvglPlatform\lvgl\src\draw\sw\lv_draw_sw_transform.c(627,74): warning C4244: 'initializing': conversion from 'int32_t' to 'lv_opa_t', possible loss of data
C:\Users\Josiah\Documents\Senior Design\Code\PowerSupplyMcPowerFace\src\GUI\lv_port_pc_visual_studio\LvglPlatform\lvgl\src\draw\sw\lv_draw_sw_transform.c(710,100): warning C4244: '=': conversion from 'int32_t' to 'lv_opa_t', possible loss of data
C:\Users\Josiah\Documents\Senior Design\Code\PowerSupplyMcPowerFace\src\GUI\lv_port_pc_visual_studio\LvglPlatform\lvgl\src\draw\sw\lv_draw_sw_transform.c(711,100): warning C4244: '=': conversion from 'int32_t' to 'lv_opa_t', possible loss of data
C:\Users\Josiah\Documents\Senior Design\Code\PowerSupplyMcPowerFace\src\GUI\lv_port_pc_visual_studio\LvglPlatform\lvgl\src\draw\sw\lv_draw_sw_transform.c(721,66): warning C4244: 'function': conversion from 'int32_t' to 'uint8_t', possible loss of data
C:\Users\Josiah\Documents\Senior Design\Code\PowerSupplyMcPowerFace\src\GUI\lv_port_pc_visual_studio\LvglPlatform\lvgl\src\draw\sw\lv_draw_sw_transform.c(722,66): warning C4244: 'function': conversion from 'int32_t' to 'uint8_t', possible loss of data
C:\Users\Josiah\Documents\Senior Design\Code\PowerSupplyMcPowerFace\src\GUI\lv_port_pc_visual_studio\LvglPlatform\lvgl\src\draw\sw\lv_draw_sw_transform.c(739,51): warning C4244: '=': conversion from 'int32_t' to 'uint8_t', possible loss of data
C:\Users\Josiah\Documents\Senior Design\Code\PowerSupplyMcPowerFace\src\GUI\lv_port_pc_visual_studio\LvglPlatform\lvgl\src\draw\sw\lv_draw_sw_transform.c(742,51): warning C4244: '=': conversion from 'int32_t' to 'uint8_t', possible loss of data
C:\Users\Josiah\Documents\Senior Design\Code\PowerSupplyMcPowerFace\src\GUI\lv_port_pc_visual_studio\LvglPlatform\lvgl\src\draw\sw\lv_draw_sw_transform.c(826,100): warning C4244: '=': conversion from 'int32_t' to 'lv_opa_t', possible loss of data
C:\Users\Josiah\Documents\Senior Design\Code\PowerSupplyMcPowerFace\src\GUI\lv_port_pc_visual_studio\LvglPlatform\lvgl\src\draw\sw\lv_draw_sw_transform.c(827,100): warning C4244: '=': conversion from 'int32_t' to 'lv_opa_t', possible loss of data
C:\Users\Josiah\Documents\Senior Design\Code\PowerSupplyMcPowerFace\src\GUI\lv_port_pc_visual_studio\LvglPlatform\lvgl\src\draw\sw\lv_draw_sw_transform.c(837,66): warning C4244: 'function': conversion from 'int32_t' to 'uint8_t', possible loss of data
C:\Users\Josiah\Documents\Senior Design\Code\PowerSupplyMcPowerFace\src\GUI\lv_port_pc_visual_studio\LvglPlatform\lvgl\src\draw\sw\lv_draw_sw_transform.c(838,66): warning C4244: 'function': conversion from 'int32_t' to 'uint8_t', possible loss of data
C:\Users\Josiah\Documents\Senior Design\Code\PowerSupplyMcPowerFace\src\GUI\lv_port_pc_visual_studio\LvglPlatform\lvgl\src\draw\sw\lv_draw_sw_transform.c(855,51): warning C4244: '=': conversion from 'int32_t' to 'uint8_t', possible loss of data
C:\Users\Josiah\Documents\Senior Design\Code\PowerSupplyMcPowerFace\src\GUI\lv_port_pc_visual_studio\LvglPlatform\lvgl\src\draw\sw\lv_draw_sw_transform.c(858,51): warning C4244: '=': conversion from 'int32_t' to 'uint8_t', possible loss of data
C:\Users\Josiah\Documents\Senior Design\Code\PowerSupplyMcPowerFace\src\GUI\lv_port_pc_visual_studio\LvglPlatform\lvgl\src\draw\sw\lv_draw_sw_transform.c(929,96): warning C4244: '=': conversion from 'int32_t' to 'lv_opa_t', possible loss of data
C:\Users\Josiah\Documents\Senior Design\Code\PowerSupplyMcPowerFace\src\GUI\lv_port_pc_visual_studio\LvglPlatform\lvgl\src\draw\sw\lv_draw_sw_transform.c(930,96): warning C4244: '=': conversion from 'int32_t' to 'lv_opa_t', possible loss of data
C:\Users\Josiah\Documents\Senior Design\Code\PowerSupplyMcPowerFace\src\GUI\lv_port_pc_visual_studio\LvglPlatform\lvgl\src\draw\sw\lv_draw_sw_transform.c(936,60): warning C4244: '=': conversion from 'int32_t' to 'uint8_t', possible loss of data
C:\Users\Josiah\Documents\Senior Design\Code\PowerSupplyMcPowerFace\src\GUI\lv_port_pc_visual_studio\LvglPlatform\lvgl\src\draw\sw\lv_draw_sw_transform.c(939,60): warning C4244: '=': conversion from 'int32_t' to 'uint8_t', possible loss of data
C:\Users\Josiah\Documents\Senior Design\Code\PowerSupplyMcPowerFace\src\GUI\lv_port_pc_visual_studio\LvglPlatform\lvgl\src\draw\sw\lv_draw_sw_transform.c(1009,116): warning C4244: '=': conversion from 'int32_t' to 'lv_opa_t', possible loss of data
C:\Users\Josiah\Documents\Senior Design\Code\PowerSupplyMcPowerFace\src\GUI\lv_port_pc_visual_studio\LvglPlatform\lvgl\src\draw\sw\lv_draw_sw_transform.c(1010,116): warning C4244: '=': conversion from 'int32_t' to 'lv_opa_t', possible loss of data
C:\Users\Josiah\Documents\Senior Design\Code\PowerSupplyMcPowerFace\src\GUI\lv_port_pc_visual_studio\LvglPlatform\lvgl\src\draw\sw\lv_draw_sw_transform.c(1016,71): warning C4244: '=': conversion from 'int32_t' to 'uint8_t', possible loss of data
C:\Users\Josiah\Documents\Senior Design\Code\PowerSupplyMcPowerFace\src\GUI\lv_port_pc_visual_studio\LvglPlatform\lvgl\src\draw\sw\lv_draw_sw_transform.c(1019,71): warning C4244: '=': conversion from 'int32_t' to 'uint8_t', possible loss of data
  lv_draw_vg_lite_img.c
  lv_draw_vg_lite_label.c
C:\Users\Josiah\Documents\Senior Design\Code\PowerSupplyMcPowerFace\src\GUI\lv_port_pc_visual_studio\LvglPlatform\lvgl\src\misc\lv_color.h(355,32): warning C4244: 'function': conversion from 'int' to 'uint8_t', possible loss of data
  (compiling source file '../LvglPlatform/lvgl/src/draw/vg_lite/lv_draw_vg_lite_img.c')
  
C:\Users\Josiah\Documents\Senior Design\Code\PowerSupplyMcPowerFace\src\GUI\lv_port_pc_visual_studio\LvglPlatform\lvgl\src\misc\lv_color.h(355,46): warning C4244: 'function': conversion from 'int' to 'uint8_t', possible loss of data
  (compiling source file '../LvglPlatform/lvgl/src/draw/vg_lite/lv_draw_vg_lite_img.c')
  
C:\Users\Josiah\Documents\Senior Design\Code\PowerSupplyMcPowerFace\src\GUI\lv_port_pc_visual_studio\LvglPlatform\lvgl\src\misc\lv_color.h(355,59): warning C4244: 'function': conversion from 'int' to 'uint8_t', possible loss of data
  (compiling source file '../LvglPlatform/lvgl/src/draw/vg_lite/lv_draw_vg_lite_img.c')
  
  lv_draw_vg_lite_layer.c
C:\Users\Josiah\Documents\Senior Design\Code\PowerSupplyMcPowerFace\src\GUI\lv_port_pc_visual_studio\LvglPlatform\lvgl\src\misc\lv_color.h(355,32): warning C4244: 'function': conversion from 'int' to 'uint8_t', possible loss of data
  (compiling source file '../LvglPlatform/lvgl/src/draw/vg_lite/lv_draw_vg_lite_label.c')
  
C:\Users\Josiah\Documents\Senior Design\Code\PowerSupplyMcPowerFace\src\GUI\lv_port_pc_visual_studio\LvglPlatform\lvgl\src\misc\lv_color.h(355,46): warning C4244: 'function': conversion from 'int' to 'uint8_t', possible loss of data
  (compiling source file '../LvglPlatform/lvgl/src/draw/vg_lite/lv_draw_vg_lite_label.c')
  
C:\Users\Josiah\Documents\Senior Design\Code\PowerSupplyMcPowerFace\src\GUI\lv_port_pc_visual_studio\LvglPlatform\lvgl\src\misc\lv_color.h(355,59): warning C4244: 'function': conversion from 'int' to 'uint8_t', possible loss of data
  (compiling source file '../LvglPlatform/lvgl/src/draw/vg_lite/lv_draw_vg_lite_label.c')
  
  lv_draw_vg_lite_line.c
  lv_draw_vg_lite_mask_rect.c
C:\Users\Josiah\Documents\Senior Design\Code\PowerSupplyMcPowerFace\src\GUI\lv_port_pc_visual_studio\LvglPlatform\lvgl\src\misc\lv_color.h(355,32): warning C4244: 'function': conversion from 'int' to 'uint8_t', possible loss of data
  (compiling source file '../LvglPlatform/lvgl/src/draw/vg_lite/lv_draw_vg_lite_mask_rect.c')
  
C:\Users\Josiah\Documents\Senior Design\Code\PowerSupplyMcPowerFace\src\GUI\lv_port_pc_visual_studio\LvglPlatform\lvgl\src\misc\lv_color.h(355,46): warning C4244: 'function': conversion from 'int' to 'uint8_t', possible loss of data
  (compiling source file '../LvglPlatform/lvgl/src/draw/vg_lite/lv_draw_vg_lite_mask_rect.c')
  
C:\Users\Josiah\Documents\Senior Design\Code\PowerSupplyMcPowerFace\src\GUI\lv_port_pc_visual_studio\LvglPlatform\lvgl\src\misc\lv_color.h(355,59): warning C4244: 'function': conversion from 'int' to 'uint8_t', possible loss of data
  (compiling source file '../LvglPlatform/lvgl/src/draw/vg_lite/lv_draw_vg_lite_mask_rect.c')
  
  lv_draw_vg_lite_triangle.c
  lv_draw_vg_lite_vector.c
  lv_vg_lite_decoder.c
  lv_vg_lite_grad.c
  lv_vg_lite_math.c
C:\Users\Josiah\Documents\Senior Design\Code\PowerSupplyMcPowerFace\src\GUI\lv_port_pc_visual_studio\LvglPlatform\lvgl\src\misc\lv_color.h(355,32): warning C4244: 'function': conversion from 'int' to 'uint8_t', possible loss of data
  (compiling source file '../LvglPlatform/lvgl/src/draw/vg_lite/lv_vg_lite_decoder.c')
  
C:\Users\Josiah\Documents\Senior Design\Code\PowerSupplyMcPowerFace\src\GUI\lv_port_pc_visual_studio\LvglPlatform\lvgl\src\misc\lv_color.h(355,46): warning C4244: 'function': conversion from 'int' to 'uint8_t', possible loss of data
  (compiling source file '../LvglPlatform/lvgl/src/draw/vg_lite/lv_vg_lite_decoder.c')
  
C:\Users\Josiah\Documents\Senior Design\Code\PowerSupplyMcPowerFace\src\GUI\lv_port_pc_visual_studio\LvglPlatform\lvgl\src\misc\lv_color.h(355,59): warning C4244: 'function': conversion from 'int' to 'uint8_t', possible loss of data
  (compiling source file '../LvglPlatform/lvgl/src/draw/vg_lite/lv_vg_lite_decoder.c')
  
C:\Users\Josiah\Documents\Senior Design\Code\PowerSupplyMcPowerFace\src\GUI\lv_port_pc_visual_studio\LvglPlatform\lvgl\src\misc\lv_color.h(355,32): warning C4244: 'function': conversion from 'int' to 'uint8_t', possible loss of data
  (compiling source file '../LvglPlatform/lvgl/src/draw/vg_lite/lv_vg_lite_grad.c')
  
C:\Users\Josiah\Documents\Senior Design\Code\PowerSupplyMcPowerFace\src\GUI\lv_port_pc_visual_studio\LvglPlatform\lvgl\src\misc\lv_color.h(355,46): warning C4244: 'function': conversion from 'int' to 'uint8_t', possible loss of data
  (compiling source file '../LvglPlatform/lvgl/src/draw/vg_lite/lv_vg_lite_grad.c')
  
C:\Users\Josiah\Documents\Senior Design\Code\PowerSupplyMcPowerFace\src\GUI\lv_port_pc_visual_studio\LvglPlatform\lvgl\src\misc\lv_color.h(355,59): warning C4244: 'function': conversion from 'int' to 'uint8_t', possible loss of data
  (compiling source file '../LvglPlatform/lvgl/src/draw/vg_lite/lv_vg_lite_grad.c')
  
C:\Users\Josiah\Documents\Senior Design\Code\PowerSupplyMcPowerFace\src\GUI\lv_port_pc_visual_studio\LvglPlatform\lvgl\src\draw\sw\lv_draw_sw_arc.c(178,26): warning C4244: 'function': conversion from 'int32_t' to 'int16_t', possible loss of data
C:\Users\Josiah\Documents\Senior Design\Code\PowerSupplyMcPowerFace\src\GUI\lv_port_pc_visual_studio\LvglPlatform\lvgl\src\draw\sw\lv_draw_sw_arc.c(178,52): warning C4244: 'function': conversion from 'int32_t' to 'uint8_t', possible loss of data
C:\Users\Josiah\Documents\Senior Design\Code\PowerSupplyMcPowerFace\src\GUI\lv_port_pc_visual_studio\LvglPlatform\lvgl\src\draw\sw\lv_draw_sw_arc.c(180,26): warning C4244: 'function': conversion from 'int32_t' to 'int16_t', possible loss of data
C:\Users\Josiah\Documents\Senior Design\Code\PowerSupplyMcPowerFace\src\GUI\lv_port_pc_visual_studio\LvglPlatform\lvgl\src\draw\sw\lv_draw_sw_arc.c(180,50): warning C4244: 'function': conversion from 'int32_t' to 'uint8_t', possible loss of data
C:\Users\Josiah\Documents\Senior Design\Code\PowerSupplyMcPowerFace\src\GUI\lv_port_pc_visual_studio\LvglPlatform\lvgl\src\draw\sw\lv_draw_sw_arc.c(266,41): warning C4244: '=': conversion from 'uint32_t' to 'lv_opa_t', possible loss of data
  lv_vg_lite_path.c
  lv_vg_lite_pending.c
C:\Users\Josiah\Documents\Senior Design\Code\PowerSupplyMcPowerFace\src\GUI\lv_port_pc_visual_studio\LvglPlatform\lvgl\src\draw\sw\lv_draw_sw_line.c(156,52): warning C4244: 'initializing': conversion from 'int32_t' to 'int16_t', possible loss of data
C:\Users\Josiah\Documents\Senior Design\Code\PowerSupplyMcPowerFace\src\GUI\lv_port_pc_visual_studio\LvglPlatform\lvgl\src\misc\lv_color.h(355,32): warning C4244: 'function': conversion from 'int' to 'uint8_t', possible loss of data
  (compiling source file '../LvglPlatform/lvgl/src/draw/vg_lite/lv_vg_lite_pending.c')
  
C:\Users\Josiah\Documents\Senior Design\Code\PowerSupplyMcPowerFace\src\GUI\lv_port_pc_visual_studio\LvglPlatform\lvgl\src\misc\lv_color.h(355,46): warning C4244: 'function': conversion from 'int' to 'uint8_t', possible loss of data
  (compiling source file '../LvglPlatform/lvgl/src/draw/vg_lite/lv_vg_lite_pending.c')
  
C:\Users\Josiah\Documents\Senior Design\Code\PowerSupplyMcPowerFace\src\GUI\lv_port_pc_visual_studio\LvglPlatform\lvgl\src\misc\lv_color.h(355,59): warning C4244: 'function': conversion from 'int' to 'uint8_t', possible loss of data
  (compiling source file '../LvglPlatform/lvgl/src/draw/vg_lite/lv_vg_lite_pending.c')
  
  lv_vg_lite_stroke.c
C:\Users\Josiah\Documents\Senior Design\Code\PowerSupplyMcPowerFace\src\GUI\lv_port_pc_visual_studio\LvglPlatform\lvgl\src\draw\sw\lv_draw_sw_box_shadow.c(607,72): warning C4244: '=': conversion from 'int32_t' to 'uint16_t', possible loss of data
C:\Users\Josiah\Documents\Senior Design\Code\PowerSupplyMcPowerFace\src\GUI\lv_port_pc_visual_studio\LvglPlatform\lvgl\src\draw\sw\lv_draw_sw_box_shadow.c(610,82): warning C4244: '=': conversion from 'int32_t' to 'uint16_t', possible loss of data
C:\Users\Josiah\Documents\Senior Design\Code\PowerSupplyMcPowerFace\src\GUI\lv_port_pc_visual_studio\LvglPlatform\lvgl\src\draw\sw\lv_draw_sw_box_shadow.c(624,37): warning C4244: '=': conversion from 'int' to 'lv_opa_t', possible loss of data
C:\Users\Josiah\Documents\Senior Design\Code\PowerSupplyMcPowerFace\src\GUI\lv_port_pc_visual_studio\LvglPlatform\lvgl\src\draw\sw\lv_draw_sw_box_shadow.c(645,60): warning C4244: '=': conversion from 'uint32_t' to 'uint16_t', possible loss of data
C:\Users\Josiah\Documents\Senior Design\Code\PowerSupplyMcPowerFace\src\GUI\lv_port_pc_visual_studio\LvglPlatform\lvgl\src\draw\sw\lv_draw_sw_box_shadow.c(646,67): warning C4244: '=': conversion from 'int32_t' to 'uint16_t', possible loss of data
C:\Users\Josiah\Documents\Senior Design\Code\PowerSupplyMcPowerFace\src\GUI\lv_port_pc_visual_studio\LvglPlatform\lvgl\src\draw\sw\lv_draw_sw_box_shadow.c(677,34): warning C4244: '=': conversion from 'int32_t' to 'uint16_t', possible loss of data
C:\Users\Josiah\Documents\Senior Design\Code\PowerSupplyMcPowerFace\src\GUI\lv_port_pc_visual_studio\LvglPlatform\lvgl\src\draw\sw\lv_draw_sw_box_shadow.c(700,57): warning C4244: '=': conversion from 'uint32_t' to 'uint16_t', possible loss of data
C:\Users\Josiah\Documents\Senior Design\Code\PowerSupplyMcPowerFace\src\GUI\lv_port_pc_visual_studio\LvglPlatform\lvgl\src\draw\sw\lv_draw_sw_box_shadow.c(701,44): warning C4244: '=': conversion from 'int32_t' to 'uint16_t', possible loss of data
C:\Users\Josiah\Documents\Senior Design\Code\PowerSupplyMcPowerFace\src\GUI\lv_port_pc_visual_studio\LvglPlatform\lvgl\src\draw\sw\lv_draw_sw_box_shadow.c(708,40): warning C4244: '=': conversion from 'int32_t' to 'uint16_t', possible loss of data
C:\Users\Josiah\Documents\Senior Design\Code\PowerSupplyMcPowerFace\src\GUI\lv_port_pc_visual_studio\LvglPlatform\lvgl\src\misc\lv_color.h(355,32): warning C4244: 'function': conversion from 'int' to 'uint8_t', possible loss of data
  (compiling source file '../LvglPlatform/lvgl/src/draw/vg_lite/lv_vg_lite_path.c')
  
C:\Users\Josiah\Documents\Senior Design\Code\PowerSupplyMcPowerFace\src\GUI\lv_port_pc_visual_studio\LvglPlatform\lvgl\src\misc\lv_color.h(355,46): warning C4244: 'function': conversion from 'int' to 'uint8_t', possible loss of data
  (compiling source file '../LvglPlatform/lvgl/src/draw/vg_lite/lv_vg_lite_path.c')
  
C:\Users\Josiah\Documents\Senior Design\Code\PowerSupplyMcPowerFace\src\GUI\lv_port_pc_visual_studio\LvglPlatform\lvgl\src\misc\lv_color.h(355,59): warning C4244: 'function': conversion from 'int' to 'uint8_t', possible loss of data
  (compiling source file '../LvglPlatform/lvgl/src/draw/vg_lite/lv_vg_lite_path.c')
  
C:\Users\Josiah\Documents\Senior Design\Code\PowerSupplyMcPowerFace\src\GUI\lv_port_pc_visual_studio\LvglPlatform\lvgl\src\draw\sw\lv_draw_sw_arc.c(191,1): warning C4701: potentially uninitialized local variable 'round_area_1' used
C:\Users\Josiah\Documents\Senior Design\Code\PowerSupplyMcPowerFace\src\GUI\lv_port_pc_visual_studio\LvglPlatform\lvgl\src\draw\sw\lv_draw_sw_arc.c(198,1): warning C4701: potentially uninitialized local variable 'round_area_2' used
C:\Users\Josiah\Documents\Senior Design\Code\PowerSupplyMcPowerFace\src\GUI\lv_port_pc_visual_studio\LvglPlatform\lvgl\src\draw\sw\lv_draw_sw_mask.c(259,46): warning C4244: '=': conversion from 'int32_t' to 'uint16_t', possible loss of data
C:\Users\Josiah\Documents\Senior Design\Code\PowerSupplyMcPowerFace\src\GUI\lv_port_pc_visual_studio\LvglPlatform\lvgl\src\draw\sw\lv_draw_sw_mask.c(262,28): warning C4244: '=': conversion from 'int32_t' to 'uint16_t', possible loss of data
C:\Users\Josiah\Documents\Senior Design\Code\PowerSupplyMcPowerFace\src\GUI\lv_port_pc_visual_studio\LvglPlatform\lvgl\src\draw\sw\lv_draw_sw_mask.c(290,77): warning C4244: 'function': conversion from 'int32_t' to 'int16_t', possible loss of data
C:\Users\Josiah\Documents\Senior Design\Code\PowerSupplyMcPowerFace\src\GUI\lv_port_pc_visual_studio\LvglPlatform\lvgl\src\draw\sw\lv_draw_sw_mask.c(291,75): warning C4244: 'function': conversion from 'int32_t' to 'int16_t', possible loss of data
C:\Users\Josiah\Documents\Senior Design\Code\PowerSupplyMcPowerFace\src\GUI\lv_port_pc_visual_studio\LvglPlatform\lvgl\src\draw\sw\lv_draw_sw_mask.c(511,21): warning C4244: '=': conversion from 'int32_t' to 'lv_opa_t', possible loss of data
C:\Users\Josiah\Documents\Senior Design\Code\PowerSupplyMcPowerFace\src\GUI\lv_port_pc_visual_studio\LvglPlatform\lvgl\src\draw\sw\lv_draw_sw_mask.c(520,22): warning C4244: '=': conversion from 'int32_t' to 'lv_opa_t', possible loss of data
C:\Users\Josiah\Documents\Senior Design\Code\PowerSupplyMcPowerFace\src\GUI\lv_port_pc_visual_studio\LvglPlatform\lvgl\src\draw\sw\lv_draw_sw_mask.c(531,31): warning C4244: '=': conversion from 'int32_t' to 'lv_opa_t', possible loss of data
C:\Users\Josiah\Documents\Senior Design\Code\PowerSupplyMcPowerFace\src\GUI\lv_port_pc_visual_studio\LvglPlatform\lvgl\src\draw\sw\lv_draw_sw_mask.c(612,29): warning C4244: '=': conversion from 'int32_t' to 'lv_opa_t', possible loss of data
C:\Users\Josiah\Documents\Senior Design\Code\PowerSupplyMcPowerFace\src\GUI\lv_port_pc_visual_studio\LvglPlatform\lvgl\src\draw\sw\lv_draw_sw_mask.c(638,38): warning C4244: '=': conversion from 'int32_t' to 'lv_opa_t', possible loss of data
C:\Users\Josiah\Documents\Senior Design\Code\PowerSupplyMcPowerFace\src\GUI\lv_port_pc_visual_studio\LvglPlatform\lvgl\src\draw\sw\lv_draw_sw_mask.c(647,25): warning C4244: '=': conversion from 'int32_t' to 'lv_opa_t', possible loss of data
C:\Users\Josiah\Documents\Senior Design\Code\PowerSupplyMcPowerFace\src\GUI\lv_port_pc_visual_studio\LvglPlatform\lvgl\src\draw\sw\lv_draw_sw_mask.c(670,25): warning C4244: '=': conversion from 'int32_t' to 'lv_opa_t', possible loss of data
C:\Users\Josiah\Documents\Senior Design\Code\PowerSupplyMcPowerFace\src\GUI\lv_port_pc_visual_studio\LvglPlatform\lvgl\src\draw\sw\lv_draw_sw_mask.c(679,51): warning C4244: '=': conversion from 'int32_t' to 'lv_opa_t', possible loss of data
  lv_vg_lite_utils.c
C:\Users\Josiah\Documents\Senior Design\Code\PowerSupplyMcPowerFace\src\GUI\lv_port_pc_visual_studio\LvglPlatform\lvgl\src\draw\sw\lv_draw_sw_mask.c(986,72): warning C4244: 'initializing': conversion from 'int32_t' to 'lv_opa_t', possible loss of data
C:\Users\Josiah\Documents\Senior Design\Code\PowerSupplyMcPowerFace\src\GUI\lv_port_pc_visual_studio\LvglPlatform\lvgl\src\draw\sw\lv_draw_sw_mask.c(1126,73): warning C4244: '=': conversion from 'uint32_t' to 'lv_opa_t', possible loss of data
C:\Users\Josiah\Documents\Senior Design\Code\PowerSupplyMcPowerFace\src\GUI\lv_port_pc_visual_studio\LvglPlatform\lvgl\src\draw\sw\lv_draw_sw_mask.c(1134,43): warning C4244: '=': conversion from 'uint32_t' to 'lv_opa_t', possible loss of data
C:\Users\Josiah\Documents\Senior Design\Code\PowerSupplyMcPowerFace\src\GUI\lv_port_pc_visual_studio\LvglPlatform\lvgl\src\draw\sw\lv_draw_sw_mask.c(1140,68): warning C4244: '=': conversion from 'uint32_t' to 'lv_opa_t', possible loss of data
C:\Users\Josiah\Documents\Senior Design\Code\PowerSupplyMcPowerFace\src\GUI\lv_port_pc_visual_studio\LvglPlatform\lvgl\src\draw\sw\lv_draw_sw_mask.c(1148,47): warning C4244: '=': conversion from 'uint32_t' to 'lv_opa_t', possible loss of data
C:\Users\Josiah\Documents\Senior Design\Code\PowerSupplyMcPowerFace\src\GUI\lv_port_pc_visual_studio\LvglPlatform\lvgl\src\draw\sw\lv_draw_sw_mask.c(1154,55): warning C4244: '=': conversion from 'uint32_t' to 'lv_opa_t', possible loss of data
C:\Users\Josiah\Documents\Senior Design\Code\PowerSupplyMcPowerFace\src\GUI\lv_port_pc_visual_studio\LvglPlatform\lvgl\src\draw\sw\lv_draw_sw_mask.c(1162,60): warning C4244: '=': conversion from 'uint32_t' to 'lv_opa_t', possible loss of data
C:\Users\Josiah\Documents\Senior Design\Code\PowerSupplyMcPowerFace\src\GUI\lv_port_pc_visual_studio\LvglPlatform\lvgl\src\draw\sw\lv_draw_sw_mask.c(1168,42): warning C4244: '=': conversion from 'uint32_t' to 'lv_opa_t', possible loss of data
C:\Users\Josiah\Documents\Senior Design\Code\PowerSupplyMcPowerFace\src\GUI\lv_port_pc_visual_studio\LvglPlatform\lvgl\src\draw\sw\lv_draw_sw_mask.c(1194,32): warning C4244: '=': conversion from 'int32_t' to 'lv_opa_t', possible loss of data
C:\Users\Josiah\Documents\Senior Design\Code\PowerSupplyMcPowerFace\src\GUI\lv_port_pc_visual_studio\LvglPlatform\lvgl\src\draw\sw\lv_draw_sw_mask.c(1210,32): warning C4244: '=': conversion from 'int32_t' to 'uint16_t', possible loss of data
C:\Users\Josiah\Documents\Senior Design\Code\PowerSupplyMcPowerFace\src\GUI\lv_port_pc_visual_studio\LvglPlatform\lvgl\src\draw\sw\lv_draw_sw_mask.c(1211,35): warning C4244: '=': conversion from 'int32_t' to 'uint16_t', possible loss of data
C:\Users\Josiah\Documents\Senior Design\Code\PowerSupplyMcPowerFace\src\GUI\lv_port_pc_visual_studio\LvglPlatform\lvgl\src\draw\sw\lv_draw_sw_mask.c(1213,34): warning C4244: '=': conversion from 'int32_t' to 'uint16_t', possible loss of data
  lv_linux_drm.c
  lv_linux_drm_common.c
C:\Users\Josiah\Documents\Senior Design\Code\PowerSupplyMcPowerFace\src\GUI\lv_port_pc_visual_studio\LvglPlatform\lvgl\src\misc\lv_color.h(355,32): warning C4244: 'function': conversion from 'int' to 'uint8_t', possible loss of data
  (compiling source file '../LvglPlatform/lvgl/src/draw/vg_lite/lv_vg_lite_utils.c')
  
C:\Users\Josiah\Documents\Senior Design\Code\PowerSupplyMcPowerFace\src\GUI\lv_port_pc_visual_studio\LvglPlatform\lvgl\src\misc\lv_color.h(355,46): warning C4244: 'function': conversion from 'int' to 'uint8_t', possible loss of data
  (compiling source file '../LvglPlatform/lvgl/src/draw/vg_lite/lv_vg_lite_utils.c')
  
C:\Users\Josiah\Documents\Senior Design\Code\PowerSupplyMcPowerFace\src\GUI\lv_port_pc_visual_studio\LvglPlatform\lvgl\src\misc\lv_color.h(355,59): warning C4244: 'function': conversion from 'int' to 'uint8_t', possible loss of data
  (compiling source file '../LvglPlatform/lvgl/src/draw/vg_lite/lv_vg_lite_utils.c')
  
  lv_linux_drm_egl.c
C:\Users\Josiah\Documents\Senior Design\Code\PowerSupplyMcPowerFace\src\GUI\lv_port_pc_visual_studio\LvglPlatform\lvgl\src\misc\lv_color.h(355,32): warning C4244: 'function': conversion from 'int' to 'uint8_t', possible loss of data
  (compiling source file '../LvglPlatform/lvgl/src/draw/vg_lite/lv_vg_lite_stroke.c')
  
C:\Users\Josiah\Documents\Senior Design\Code\PowerSupplyMcPowerFace\src\GUI\lv_port_pc_visual_studio\LvglPlatform\lvgl\src\misc\lv_color.h(355,46): warning C4244: 'function': conversion from 'int' to 'uint8_t', possible loss of data
  (compiling source file '../LvglPlatform/lvgl/src/draw/vg_lite/lv_vg_lite_stroke.c')
  
C:\Users\Josiah\Documents\Senior Design\Code\PowerSupplyMcPowerFace\src\GUI\lv_port_pc_visual_studio\LvglPlatform\lvgl\src\misc\lv_color.h(355,59): warning C4244: 'function': conversion from 'int' to 'uint8_t', possible loss of data
  (compiling source file '../LvglPlatform/lvgl/src/draw/vg_lite/lv_vg_lite_stroke.c')
  
C:\Users\Josiah\Documents\Senior Design\Code\PowerSupplyMcPowerFace\src\GUI\lv_port_pc_visual_studio\LvglPlatform\lvgl\src\misc\lv_color.h(355,32): warning C4244: 'function': conversion from 'int' to 'uint8_t', possible loss of data
  (compiling source file '../LvglPlatform/lvgl/src/drivers/display/drm/lv_linux_drm.c')
  
C:\Users\Josiah\Documents\Senior Design\Code\PowerSupplyMcPowerFace\src\GUI\lv_port_pc_visual_studio\LvglPlatform\lvgl\src\misc\lv_color.h(355,46): warning C4244: 'function': conversion from 'int' to 'uint8_t', possible loss of data
  (compiling source file '../LvglPlatform/lvgl/src/drivers/display/drm/lv_linux_drm.c')
  
C:\Users\Josiah\Documents\Senior Design\Code\PowerSupplyMcPowerFace\src\GUI\lv_port_pc_visual_studio\LvglPlatform\lvgl\src\misc\lv_color.h(355,59): warning C4244: 'function': conversion from 'int' to 'uint8_t', possible loss of data
  (compiling source file '../LvglPlatform/lvgl/src/drivers/display/drm/lv_linux_drm.c')
  
C:\Users\Josiah\Documents\Senior Design\Code\PowerSupplyMcPowerFace\src\GUI\lv_port_pc_visual_studio\LvglPlatform\lvgl\src\misc\lv_color.h(355,32): warning C4244: 'function': conversion from 'int' to 'uint8_t', possible loss of data
  (compiling source file '../LvglPlatform/lvgl/src/drivers/display/drm/lv_linux_drm_egl.c')
  
C:\Users\Josiah\Documents\Senior Design\Code\PowerSupplyMcPowerFace\src\GUI\lv_port_pc_visual_studio\LvglPlatform\lvgl\src\misc\lv_color.h(355,46): warning C4244: 'function': conversion from 'int' to 'uint8_t', possible loss of data
  (compiling source file '../LvglPlatform/lvgl/src/drivers/display/drm/lv_linux_drm_egl.c')
  
C:\Users\Josiah\Documents\Senior Design\Code\PowerSupplyMcPowerFace\src\GUI\lv_port_pc_visual_studio\LvglPlatform\lvgl\src\misc\lv_color.h(355,59): warning C4244: 'function': conversion from 'int' to 'uint8_t', possible loss of data
  (compiling source file '../LvglPlatform/lvgl/src/drivers/display/drm/lv_linux_drm_egl.c')
  
C:\Users\Josiah\Documents\Senior Design\Code\PowerSupplyMcPowerFace\src\GUI\lv_port_pc_visual_studio\LvglPlatform\lvgl\src\draw\sw\lv_draw_sw_grad.c(208,33): warning C4244: 'initializing': conversion from 'int32_t' to 'lv_opa_t', possible loss of data
C:\Users\Josiah\Documents\Senior Design\Code\PowerSupplyMcPowerFace\src\GUI\lv_port_pc_visual_studio\LvglPlatform\lvgl\src\misc\lv_color.h(355,32): warning C4244: 'function': conversion from 'int' to 'uint8_t', possible loss of data
  (compiling source file '../LvglPlatform/lvgl/src/drivers/display/drm/lv_linux_drm_common.c')
  
C:\Users\Josiah\Documents\Senior Design\Code\PowerSupplyMcPowerFace\src\GUI\lv_port_pc_visual_studio\LvglPlatform\lvgl\src\misc\lv_color.h(355,46): warning C4244: 'function': conversion from 'int' to 'uint8_t', possible loss of data
  (compiling source file '../LvglPlatform/lvgl/src/drivers/display/drm/lv_linux_drm_common.c')
  
C:\Users\Josiah\Documents\Senior Design\Code\PowerSupplyMcPowerFace\src\GUI\lv_port_pc_visual_studio\LvglPlatform\lvgl\src\misc\lv_color.h(355,59): warning C4244: 'function': conversion from 'int' to 'uint8_t', possible loss of data
  (compiling source file '../LvglPlatform/lvgl/src/drivers/display/drm/lv_linux_drm_common.c')
  
  lv_linux_fbdev.c
  lv_ft81x.c
  lv_ili9341.c
  lv_lcd_generic_mipi.c
  lv_nv3007.c
  lv_nxp_elcdif.c
  lv_renesas_glcdc.c
C:\Users\Josiah\Documents\Senior Design\Code\PowerSupplyMcPowerFace\src\GUI\lv_port_pc_visual_studio\LvglPlatform\lvgl\src\misc\lv_color.h(355,32): warning C4244: 'function': conversion from 'int' to 'uint8_t', possible loss of data
  (compiling source file '../LvglPlatform/lvgl/src/drivers/display/fb/lv_linux_fbdev.c')
  
C:\Users\Josiah\Documents\Senior Design\Code\PowerSupplyMcPowerFace\src\GUI\lv_port_pc_visual_studio\LvglPlatform\lvgl\src\misc\lv_color.h(355,46): warning C4244: 'function': conversion from 'int' to 'uint8_t', possible loss of data
  (compiling source file '../LvglPlatform/lvgl/src/drivers/display/fb/lv_linux_fbdev.c')
  
C:\Users\Josiah\Documents\Senior Design\Code\PowerSupplyMcPowerFace\src\GUI\lv_port_pc_visual_studio\LvglPlatform\lvgl\src\misc\lv_color.h(355,59): warning C4244: 'function': conversion from 'int' to 'uint8_t', possible loss of data
  (compiling source file '../LvglPlatform/lvgl/src/drivers/display/fb/lv_linux_fbdev.c')
  
  lv_st7735.c
C:\Users\Josiah\Documents\Senior Design\Code\PowerSupplyMcPowerFace\src\GUI\lv_port_pc_visual_studio\LvglPlatform\lvgl\src\misc\lv_color.h(355,32): warning C4244: 'function': conversion from 'int' to 'uint8_t', possible loss of data
  (compiling source file '../LvglPlatform/lvgl/src/drivers/display/lcd/lv_lcd_generic_mipi.c')
  
C:\Users\Josiah\Documents\Senior Design\Code\PowerSupplyMcPowerFace\src\GUI\lv_port_pc_visual_studio\LvglPlatform\lvgl\src\misc\lv_color.h(355,46): warning C4244: 'function': conversion from 'int' to 'uint8_t', possible loss of data
  (compiling source file '../LvglPlatform/lvgl/src/drivers/display/lcd/lv_lcd_generic_mipi.c')
  
C:\Users\Josiah\Documents\Senior Design\Code\PowerSupplyMcPowerFace\src\GUI\lv_port_pc_visual_studio\LvglPlatform\lvgl\src\misc\lv_color.h(355,59): warning C4244: 'function': conversion from 'int' to 'uint8_t', possible loss of data
  (compiling source file '../LvglPlatform/lvgl/src/drivers/display/lcd/lv_lcd_generic_mipi.c')
  
  lv_st7789.c
C:\Users\Josiah\Documents\Senior Design\Code\PowerSupplyMcPowerFace\src\GUI\lv_port_pc_visual_studio\LvglPlatform\lvgl\src\misc\lv_color.h(355,32): warning C4244: 'function': conversion from 'int' to 'uint8_t', possible loss of data
  (compiling source file '../LvglPlatform/lvgl/src/drivers/display/nxp_elcdif/lv_nxp_elcdif.c')
  
C:\Users\Josiah\Documents\Senior Design\Code\PowerSupplyMcPowerFace\src\GUI\lv_port_pc_visual_studio\LvglPlatform\lvgl\src\misc\lv_color.h(355,46): warning C4244: 'function': conversion from 'int' to 'uint8_t', possible loss of data
  (compiling source file '../LvglPlatform/lvgl/src/drivers/display/nxp_elcdif/lv_nxp_elcdif.c')
  
C:\Users\Josiah\Documents\Senior Design\Code\PowerSupplyMcPowerFace\src\GUI\lv_port_pc_visual_studio\LvglPlatform\lvgl\src\misc\lv_color.h(355,59): warning C4244: 'function': conversion from 'int' to 'uint8_t', possible loss of data
  (compiling source file '../LvglPlatform/lvgl/src/drivers/display/nxp_elcdif/lv_nxp_elcdif.c')
  
C:\Users\Josiah\Documents\Senior Design\Code\PowerSupplyMcPowerFace\src\GUI\lv_port_pc_visual_studio\LvglPlatform\lvgl\src\misc\lv_color.h(355,32): warning C4244: 'function': conversion from 'int' to 'uint8_t', possible loss of data
  (compiling source file '../LvglPlatform/lvgl/src/drivers/display/renesas_glcdc/lv_renesas_glcdc.c')
  
C:\Users\Josiah\Documents\Senior Design\Code\PowerSupplyMcPowerFace\src\GUI\lv_port_pc_visual_studio\LvglPlatform\lvgl\src\misc\lv_color.h(355,46): warning C4244: 'function': conversion from 'int' to 'uint8_t', possible loss of data
  (compiling source file '../LvglPlatform/lvgl/src/drivers/display/renesas_glcdc/lv_renesas_glcdc.c')
  
C:\Users\Josiah\Documents\Senior Design\Code\PowerSupplyMcPowerFace\src\GUI\lv_port_pc_visual_studio\LvglPlatform\lvgl\src\misc\lv_color.h(355,59): warning C4244: 'function': conversion from 'int' to 'uint8_t', possible loss of data
  (compiling source file '../LvglPlatform/lvgl/src/drivers/display/renesas_glcdc/lv_renesas_glcdc.c')
  
  lv_st7796.c
C:\Users\Josiah\Documents\Senior Design\Code\PowerSupplyMcPowerFace\src\GUI\lv_port_pc_visual_studio\LvglPlatform\lvgl\src\misc\lv_color.h(355,32): warning C4244: 'function': conversion from 'int' to 'uint8_t', possible loss of data
  (compiling source file '../LvglPlatform/lvgl/src/drivers/display/ili9341/lv_ili9341.c')
  
C:\Users\Josiah\Documents\Senior Design\Code\PowerSupplyMcPowerFace\src\GUI\lv_port_pc_visual_studio\LvglPlatform\lvgl\src\misc\lv_color.h(355,46): warning C4244: 'function': conversion from 'int' to 'uint8_t', possible loss of data
  (compiling source file '../LvglPlatform/lvgl/src/drivers/display/ili9341/lv_ili9341.c')
  
C:\Users\Josiah\Documents\Senior Design\Code\PowerSupplyMcPowerFace\src\GUI\lv_port_pc_visual_studio\LvglPlatform\lvgl\src\misc\lv_color.h(355,59): warning C4244: 'function': conversion from 'int' to 'uint8_t', possible loss of data
  (compiling source file '../LvglPlatform/lvgl/src/drivers/display/ili9341/lv_ili9341.c')
  
  lv_st_ltdc.c
  lv_draw_eve_display.c
C:\Users\Josiah\Documents\Senior Design\Code\PowerSupplyMcPowerFace\src\GUI\lv_port_pc_visual_studio\LvglPlatform\lvgl\src\misc\lv_color.h(355,32): warning C4244: 'function': conversion from 'int' to 'uint8_t', possible loss of data
  (compiling source file '../LvglPlatform/lvgl/src/drivers/display/st7789/lv_st7789.c')
  
C:\Users\Josiah\Documents\Senior Design\Code\PowerSupplyMcPowerFace\src\GUI\lv_port_pc_visual_studio\LvglPlatform\lvgl\src\misc\lv_color.h(355,46): warning C4244: 'function': conversion from 'int' to 'uint8_t', possible loss of data
  (compiling source file '../LvglPlatform/lvgl/src/drivers/display/st7789/lv_st7789.c')
  
C:\Users\Josiah\Documents\Senior Design\Code\PowerSupplyMcPowerFace\src\GUI\lv_port_pc_visual_studio\LvglPlatform\lvgl\src\misc\lv_color.h(355,59): warning C4244: 'function': conversion from 'int' to 'uint8_t', possible loss of data
  (compiling source file '../LvglPlatform/lvgl/src/drivers/display/st7789/lv_st7789.c')
  
  lv_evdev.c
  lv_libinput.c
  lv_xkb.c
C:\Users\Josiah\Documents\Senior Design\Code\PowerSupplyMcPowerFace\src\GUI\lv_port_pc_visual_studio\LvglPlatform\lvgl\src\misc\lv_color.h(355,32): warning C4244: 'function': conversion from 'int' to 'uint8_t', possible loss of data
  (compiling source file '../LvglPlatform/lvgl/src/drivers/display/nv3007/lv_nv3007.c')
  
C:\Users\Josiah\Documents\Senior Design\Code\PowerSupplyMcPowerFace\src\GUI\lv_port_pc_visual_studio\LvglPlatform\lvgl\src\misc\lv_color.h(355,46): warning C4244: 'function': conversion from 'int' to 'uint8_t', possible loss of data
  (compiling source file '../LvglPlatform/lvgl/src/drivers/display/nv3007/lv_nv3007.c')
  
C:\Users\Josiah\Documents\Senior Design\Code\PowerSupplyMcPowerFace\src\GUI\lv_port_pc_visual_studio\LvglPlatform\lvgl\src\misc\lv_color.h(355,59): warning C4244: 'function': conversion from 'int' to 'uint8_t', possible loss of data
  (compiling source file '../LvglPlatform/lvgl/src/drivers/display/nv3007/lv_nv3007.c')
  
C:\Users\Josiah\Documents\Senior Design\Code\PowerSupplyMcPowerFace\src\GUI\lv_port_pc_visual_studio\LvglPlatform\lvgl\src\misc\lv_color.h(355,32): warning C4244: 'function': conversion from 'int' to 'uint8_t', possible loss of data
  (compiling source file '../LvglPlatform/lvgl/src/drivers/display/st7735/lv_st7735.c')
  
C:\Users\Josiah\Documents\Senior Design\Code\PowerSupplyMcPowerFace\src\GUI\lv_port_pc_visual_studio\LvglPlatform\lvgl\src\misc\lv_color.h(355,46): warning C4244: 'function': conversion from 'int' to 'uint8_t', possible loss of data
  (compiling source file '../LvglPlatform/lvgl/src/drivers/display/st7735/lv_st7735.c')
  
C:\Users\Josiah\Documents\Senior Design\Code\PowerSupplyMcPowerFace\src\GUI\lv_port_pc_visual_studio\LvglPlatform\lvgl\src\misc\lv_color.h(355,59): warning C4244: 'function': conversion from 'int' to 'uint8_t', possible loss of data
  (compiling source file '../LvglPlatform/lvgl/src/drivers/display/st7735/lv_st7735.c')
  
C:\Users\Josiah\Documents\Senior Design\Code\PowerSupplyMcPowerFace\src\GUI\lv_port_pc_visual_studio\LvglPlatform\lvgl\src\misc\lv_color.h(355,32): warning C4244: 'function': conversion from 'int' to 'uint8_t', possible loss of data
  lv_nuttx_cache.c
  (compiling source file '../LvglPlatform/lvgl/src/drivers/display/st7796/lv_st7796.c')
  
C:\Users\Josiah\Documents\Senior Design\Code\PowerSupplyMcPowerFace\src\GUI\lv_port_pc_visual_studio\LvglPlatform\lvgl\src\misc\lv_color.h(355,46): warning C4244: 'function': conversion from 'int' to 'uint8_t', possible loss of data
  (compiling source file '../LvglPlatform/lvgl/src/drivers/display/st7796/lv_st7796.c')
  
C:\Users\Josiah\Documents\Senior Design\Code\PowerSupplyMcPowerFace\src\GUI\lv_port_pc_visual_studio\LvglPlatform\lvgl\src\misc\lv_color.h(355,59): warning C4244: 'function': conversion from 'int' to 'uint8_t', possible loss of data
  (compiling source file '../LvglPlatform/lvgl/src/drivers/display/st7796/lv_st7796.c')
  
  lv_nuttx_entry.c
  lv_nuttx_fbdev.c
  lv_nuttx_image_cache.c
  lv_nuttx_lcd.c
  lv_nuttx_libuv.c
  lv_nuttx_mouse.c
  lv_nuttx_profiler.c
C:\Users\Josiah\Documents\Senior Design\Code\PowerSupplyMcPowerFace\src\GUI\lv_port_pc_visual_studio\LvglPlatform\lvgl\src\misc\lv_color.h(355,32): warning C4244: 'function': conversion from 'int' to 'uint8_t', possible loss of data
  (compiling source file '../LvglPlatform/lvgl/src/drivers/nuttx/lv_nuttx_entry.c')
  
C:\Users\Josiah\Documents\Senior Design\Code\PowerSupplyMcPowerFace\src\GUI\lv_port_pc_visual_studio\LvglPlatform\lvgl\src\misc\lv_color.h(355,46): warning C4244: 'function': conversion from 'int' to 'uint8_t', possible loss of data
  (compiling source file '../LvglPlatform/lvgl/src/drivers/nuttx/lv_nuttx_entry.c')
  
C:\Users\Josiah\Documents\Senior Design\Code\PowerSupplyMcPowerFace\src\GUI\lv_port_pc_visual_studio\LvglPlatform\lvgl\src\misc\lv_color.h(355,59): warning C4244: 'function': conversion from 'int' to 'uint8_t', possible loss of data
  (compiling source file '../LvglPlatform/lvgl/src/drivers/nuttx/lv_nuttx_entry.c')
  
C:\Users\Josiah\Documents\Senior Design\Code\PowerSupplyMcPowerFace\src\GUI\lv_port_pc_visual_studio\LvglPlatform\lvgl\src\misc\lv_color.h(355,32): warning C4244: 'function': conversion from 'int' to 'uint8_t', possible loss of data
  (compiling source file '../LvglPlatform/lvgl/src/drivers/nuttx/lv_nuttx_fbdev.c')
  
C:\Users\Josiah\Documents\Senior Design\Code\PowerSupplyMcPowerFace\src\GUI\lv_port_pc_visual_studio\LvglPlatform\lvgl\src\misc\lv_color.h(355,46): warning C4244: 'function': conversion from 'int' to 'uint8_t', possible loss of data
  (compiling source file '../LvglPlatform/lvgl/src/drivers/nuttx/lv_nuttx_fbdev.c')
  
C:\Users\Josiah\Documents\Senior Design\Code\PowerSupplyMcPowerFace\src\GUI\lv_port_pc_visual_studio\LvglPlatform\lvgl\src\misc\lv_color.h(355,59): warning C4244: 'function': conversion from 'int' to 'uint8_t', possible loss of data
  (compiling source file '../LvglPlatform/lvgl/src/drivers/nuttx/lv_nuttx_fbdev.c')
  
  lv_nuttx_touchscreen.c
C:\Users\Josiah\Documents\Senior Design\Code\PowerSupplyMcPowerFace\src\GUI\lv_port_pc_visual_studio\LvglPlatform\lvgl\src\misc\lv_color.h(355,32): warning C4244: 'function': conversion from 'int' to 'uint8_t', possible loss of data
  (compiling source file '../LvglPlatform/lvgl/src/drivers/nuttx/lv_nuttx_image_cache.c')
  
C:\Users\Josiah\Documents\Senior Design\Code\PowerSupplyMcPowerFace\src\GUI\lv_port_pc_visual_studio\LvglPlatform\lvgl\src\misc\lv_color.h(355,46): warning C4244: 'function': conversion from 'int' to 'uint8_t', possible loss of data
  (compiling source file '../LvglPlatform/lvgl/src/drivers/nuttx/lv_nuttx_image_cache.c')
  
C:\Users\Josiah\Documents\Senior Design\Code\PowerSupplyMcPowerFace\src\GUI\lv_port_pc_visual_studio\LvglPlatform\lvgl\src\misc\lv_color.h(355,59): warning C4244: 'function': conversion from 'int' to 'uint8_t', possible loss of data
  (compiling source file '../LvglPlatform/lvgl/src/drivers/nuttx/lv_nuttx_image_cache.c')
  
C:\Users\Josiah\Documents\Senior Design\Code\PowerSupplyMcPowerFace\src\GUI\lv_port_pc_visual_studio\LvglPlatform\lvgl\src\misc\lv_color.h(355,32): warning C4244: 'function': conversion from 'int' to 'uint8_t', possible loss of data
  (compiling source file '../LvglPlatform/lvgl/src/drivers/nuttx/lv_nuttx_libuv.c')
  
C:\Users\Josiah\Documents\Senior Design\Code\PowerSupplyMcPowerFace\src\GUI\lv_port_pc_visual_studio\LvglPlatform\lvgl\src\misc\lv_color.h(355,46): warning C4244: 'function': conversion from 'int' to 'uint8_t', possible loss of data
  (compiling source file '../LvglPlatform/lvgl/src/drivers/nuttx/lv_nuttx_libuv.c')
  
C:\Users\Josiah\Documents\Senior Design\Code\PowerSupplyMcPowerFace\src\GUI\lv_port_pc_visual_studio\LvglPlatform\lvgl\src\misc\lv_color.h(355,59): warning C4244: 'function': conversion from 'int' to 'uint8_t', possible loss of data
  (compiling source file '../LvglPlatform/lvgl/src/drivers/nuttx/lv_nuttx_libuv.c')
  
C:\Users\Josiah\Documents\Senior Design\Code\PowerSupplyMcPowerFace\src\GUI\lv_port_pc_visual_studio\LvglPlatform\lvgl\src\misc\lv_color.h(355,32): warning C4244: 'function': conversion from 'int' to 'uint8_t', possible loss of data
  (compiling source file '../LvglPlatform/lvgl/src/drivers/nuttx/lv_nuttx_lcd.c')
  
C:\Users\Josiah\Documents\Senior Design\Code\PowerSupplyMcPowerFace\src\GUI\lv_port_pc_visual_studio\LvglPlatform\lvgl\src\misc\lv_color.h(355,46): warning C4244: 'function': conversion from 'int' to 'uint8_t', possible loss of data
  (compiling source file '../LvglPlatform/lvgl/src/drivers/nuttx/lv_nuttx_lcd.c')
  
C:\Users\Josiah\Documents\Senior Design\Code\PowerSupplyMcPowerFace\src\GUI\lv_port_pc_visual_studio\LvglPlatform\lvgl\src\misc\lv_color.h(355,59): warning C4244: 'function': conversion from 'int' to 'uint8_t', possible loss of data
  (compiling source file '../LvglPlatform/lvgl/src/drivers/nuttx/lv_nuttx_lcd.c')
  
C:\Users\Josiah\Documents\Senior Design\Code\PowerSupplyMcPowerFace\src\GUI\lv_port_pc_visual_studio\LvglPlatform\lvgl\src\misc\lv_color.h(355,32): warning C4244: 'function': conversion from 'int' to 'uint8_t', possible loss of data
  (compiling source file '../LvglPlatform/lvgl/src/drivers/nuttx/lv_nuttx_profiler.c')
  
C:\Users\Josiah\Documents\Senior Design\Code\PowerSupplyMcPowerFace\src\GUI\lv_port_pc_visual_studio\LvglPlatform\lvgl\src\misc\lv_color.h(355,46): warning C4244: 'function': conversion from 'int' to 'uint8_t', possible loss of data
  (compiling source file '../LvglPlatform/lvgl/src/drivers/nuttx/lv_nuttx_profiler.c')
  
C:\Users\Josiah\Documents\Senior Design\Code\PowerSupplyMcPowerFace\src\GUI\lv_port_pc_visual_studio\LvglPlatform\lvgl\src\misc\lv_color.h(355,59): warning C4244: 'function': conversion from 'int' to 'uint8_t', possible loss of data
  (compiling source file '../LvglPlatform/lvgl/src/drivers/nuttx/lv_nuttx_profiler.c')
  
C:\Users\Josiah\Documents\Senior Design\Code\PowerSupplyMcPowerFace\src\GUI\lv_port_pc_visual_studio\LvglPlatform\lvgl\src\misc\lv_color.h(355,32): warning C4244: 'function': conversion from 'int' to 'uint8_t', possible loss of data
  (compiling source file '../LvglPlatform/lvgl/src/drivers/libinput/lv_libinput.c')
  
C:\Users\Josiah\Documents\Senior Design\Code\PowerSupplyMcPowerFace\src\GUI\lv_port_pc_visual_studio\LvglPlatform\lvgl\src\misc\lv_color.h(355,46): warning C4244: 'function': conversion from 'int' to 'uint8_t', possible loss of data
  (compiling source file '../LvglPlatform/lvgl/src/drivers/libinput/lv_libinput.c')
  
C:\Users\Josiah\Documents\Senior Design\Code\PowerSupplyMcPowerFace\src\GUI\lv_port_pc_visual_studio\LvglPlatform\lvgl\src\misc\lv_color.h(355,59): warning C4244: 'function': conversion from 'int' to 'uint8_t', possible loss of data
  (compiling source file '../LvglPlatform/lvgl/src/drivers/libinput/lv_libinput.c')
  
C:\Users\Josiah\Documents\Senior Design\Code\PowerSupplyMcPowerFace\src\GUI\lv_port_pc_visual_studio\LvglPlatform\lvgl\src\misc\lv_color.h(355,32): warning C4244: 'function': conversion from 'int' to 'uint8_t', possible loss of data
  (compiling source file '../LvglPlatform/lvgl/src/drivers/nuttx/lv_nuttx_cache.c')
  
C:\Users\Josiah\Documents\Senior Design\Code\PowerSupplyMcPowerFace\src\GUI\lv_port_pc_visual_studio\LvglPlatform\lvgl\src\misc\lv_color.h(355,46): warning C4244: 'function': conversion from 'int' to 'uint8_t', possible loss of data
  (compiling source file '../LvglPlatform/lvgl/src/drivers/nuttx/lv_nuttx_cache.c')
  
C:\Users\Josiah\Documents\Senior Design\Code\PowerSupplyMcPowerFace\src\GUI\lv_port_pc_visual_studio\LvglPlatform\lvgl\src\misc\lv_color.h(355,59): warning C4244: 'function': conversion from 'int' to 'uint8_t', possible loss of data
  (compiling source file '../LvglPlatform/lvgl/src/drivers/nuttx/lv_nuttx_cache.c')
  
  lv_opengles_shader.c
  egl.c
  gles2.c
  lv_opengles_debug.c
  lv_opengles_driver.c
  lv_opengles_egl.c
  lv_opengles_glfw.c
  lv_opengles_texture.c
  lv_opengl_shader_manager.c
  lv_opengl_shader_program.c
  lv_qnx.c
  lv_sdl_keyboard.c
  lv_sdl_mouse.c
  lv_sdl_mousewheel.c
  lv_sdl_window.c
C:\Users\Josiah\Documents\Senior Design\Code\PowerSupplyMcPowerFace\src\GUI\lv_port_pc_visual_studio\LvglPlatform\lvgl\src\misc\lv_color.h(355,32): warning C4244: 'function': conversion from 'int' to 'uint8_t', possible loss of data
  (compiling source file '../LvglPlatform/lvgl/src/drivers/qnx/lv_qnx.c')
  
C:\Users\Josiah\Documents\Senior Design\Code\PowerSupplyMcPowerFace\src\GUI\lv_port_pc_visual_studio\LvglPlatform\lvgl\src\misc\lv_color.h(355,46): warning C4244: 'function': conversion from 'int' to 'uint8_t', possible loss of data
  (compiling source file '../LvglPlatform/lvgl/src/drivers/qnx/lv_qnx.c')
  
C:\Users\Josiah\Documents\Senior Design\Code\PowerSupplyMcPowerFace\src\GUI\lv_port_pc_visual_studio\LvglPlatform\lvgl\src\misc\lv_color.h(355,59): warning C4244: 'function': conversion from 'int' to 'uint8_t', possible loss of data
  (compiling source file '../LvglPlatform/lvgl/src/drivers/qnx/lv_qnx.c')
  
C:\Users\Josiah\Documents\Senior Design\Code\PowerSupplyMcPowerFace\src\GUI\lv_port_pc_visual_studio\LvglPlatform\lvgl\src\misc\lv_color.h(355,32): warning C4244: 'function': conversion from 'int' to 'uint8_t', possible loss of data
  (compiling source file '../LvglPlatform/lvgl/src/drivers/sdl/lv_sdl_window.c')
  
C:\Users\Josiah\Documents\Senior Design\Code\PowerSupplyMcPowerFace\src\GUI\lv_port_pc_visual_studio\LvglPlatform\lvgl\src\misc\lv_color.h(355,46): warning C4244: 'function': conversion from 'int' to 'uint8_t', possible loss of data
  (compiling source file '../LvglPlatform/lvgl/src/drivers/sdl/lv_sdl_window.c')
  
C:\Users\Josiah\Documents\Senior Design\Code\PowerSupplyMcPowerFace\src\GUI\lv_port_pc_visual_studio\LvglPlatform\lvgl\src\misc\lv_color.h(355,59): warning C4244: 'function': conversion from 'int' to 'uint8_t', possible loss of data
  (compiling source file '../LvglPlatform/lvgl/src/drivers/sdl/lv_sdl_window.c')
  
C:\Users\Josiah\Documents\Senior Design\Code\PowerSupplyMcPowerFace\src\GUI\lv_port_pc_visual_studio\LvglPlatform\lvgl\src\misc\lv_color.h(355,32): warning C4244: 'function': conversion from 'int' to 'uint8_t', possible loss of data
  (compiling source file '../LvglPlatform/lvgl/src/drivers/sdl/lv_sdl_mouse.c')
  
C:\Users\Josiah\Documents\Senior Design\Code\PowerSupplyMcPowerFace\src\GUI\lv_port_pc_visual_studio\LvglPlatform\lvgl\src\misc\lv_color.h(355,46): warning C4244: 'function': conversion from 'int' to 'uint8_t', possible loss of data
  (compiling source file '../LvglPlatform/lvgl/src/drivers/sdl/lv_sdl_mouse.c')
  
C:\Users\Josiah\Documents\Senior Design\Code\PowerSupplyMcPowerFace\src\GUI\lv_port_pc_visual_studio\LvglPlatform\lvgl\src\misc\lv_color.h(355,59): warning C4244: 'function': conversion from 'int' to 'uint8_t', possible loss of data
  (compiling source file '../LvglPlatform/lvgl/src/drivers/sdl/lv_sdl_mouse.c')
  
C:\Users\Josiah\Documents\Senior Design\Code\PowerSupplyMcPowerFace\src\GUI\lv_port_pc_visual_studio\LvglPlatform\lvgl\src\misc\lv_color.h(355,32): warning C4244: 'function': conversion from 'int' to 'uint8_t', possible loss of data
  (compiling source file '../LvglPlatform/lvgl/src/drivers/sdl/lv_sdl_keyboard.c')
  
C:\Users\Josiah\Documents\Senior Design\Code\PowerSupplyMcPowerFace\src\GUI\lv_port_pc_visual_studio\LvglPlatform\lvgl\src\misc\lv_color.h(355,46): warning C4244: 'function': conversion from 'int' to 'uint8_t', possible loss of data
  (compiling source file '../LvglPlatform/lvgl/src/drivers/sdl/lv_sdl_keyboard.c')
  
C:\Users\Josiah\Documents\Senior Design\Code\PowerSupplyMcPowerFace\src\GUI\lv_port_pc_visual_studio\LvglPlatform\lvgl\src\misc\lv_color.h(355,59): warning C4244: 'function': conversion from 'int' to 'uint8_t', possible loss of data
  (compiling source file '../LvglPlatform/lvgl/src/drivers/sdl/lv_sdl_keyboard.c')
  
C:\Users\Josiah\Documents\Senior Design\Code\PowerSupplyMcPowerFace\src\GUI\lv_port_pc_visual_studio\LvglPlatform\lvgl\src\misc\lv_color.h(355,32): warning C4244: 'function': conversion from 'int' to 'uint8_t', possible loss of data
  (compiling source file '../LvglPlatform/lvgl/src/drivers/sdl/lv_sdl_mousewheel.c')
  
C:\Users\Josiah\Documents\Senior Design\Code\PowerSupplyMcPowerFace\src\GUI\lv_port_pc_visual_studio\LvglPlatform\lvgl\src\misc\lv_color.h(355,46): warning C4244: 'function': conversion from 'int' to 'uint8_t', possible loss of data
  (compiling source file '../LvglPlatform/lvgl/src/drivers/sdl/lv_sdl_mousewheel.c')
  
C:\Users\Josiah\Documents\Senior Design\Code\PowerSupplyMcPowerFace\src\GUI\lv_port_pc_visual_studio\LvglPlatform\lvgl\src\misc\lv_color.h(355,59): warning C4244: 'function': conversion from 'int' to 'uint8_t', possible loss of data
  (compiling source file '../LvglPlatform/lvgl/src/drivers/sdl/lv_sdl_mousewheel.c')
  
  lv_uefi_context.c
  lv_uefi_display.c
  lv_uefi_indev_keyboard.c
  lv_uefi_indev_pointer.c
  lv_uefi_indev_touch.c
  lv_uefi_private.c
  lv_wayland.c
  lv_wayland_smm.c
  lv_wl_cache.c
  lv_wl_dmabuf.c
C:\Users\Josiah\Documents\Senior Design\Code\PowerSupplyMcPowerFace\src\GUI\lv_port_pc_visual_studio\LvglPlatform\lvgl\src\misc\lv_color.h(355,32): warning C4244: 'function': conversion from 'int' to 'uint8_t', possible loss of data
  (compiling source file '../LvglPlatform/lvgl/src/drivers/uefi/lv_uefi_indev_keyboard.c')
  
C:\Users\Josiah\Documents\Senior Design\Code\PowerSupplyMcPowerFace\src\GUI\lv_port_pc_visual_studio\LvglPlatform\lvgl\src\misc\lv_color.h(355,46): warning C4244: 'function': conversion from 'int' to 'uint8_t', possible loss of data
  (compiling source file '../LvglPlatform/lvgl/src/drivers/uefi/lv_uefi_indev_keyboard.c')
  
C:\Users\Josiah\Documents\Senior Design\Code\PowerSupplyMcPowerFace\src\GUI\lv_port_pc_visual_studio\LvglPlatform\lvgl\src\misc\lv_color.h(355,59): warning C4244: 'function': conversion from 'int' to 'uint8_t', possible loss of data
  (compiling source file '../LvglPlatform/lvgl/src/drivers/uefi/lv_uefi_indev_keyboard.c')
  
C:\Users\Josiah\Documents\Senior Design\Code\PowerSupplyMcPowerFace\src\GUI\lv_port_pc_visual_studio\LvglPlatform\lvgl\src\misc\lv_color.h(355,32): warning C4244: 'function': conversion from 'int' to 'uint8_t', possible loss of data
  (compiling source file '../LvglPlatform/lvgl/src/drivers/uefi/lv_uefi_private.c')
  
C:\Users\Josiah\Documents\Senior Design\Code\PowerSupplyMcPowerFace\src\GUI\lv_port_pc_visual_studio\LvglPlatform\lvgl\src\misc\lv_color.h(355,46): warning C4244: 'function': conversion from 'int' to 'uint8_t', possible loss of data
  (compiling source file '../LvglPlatform/lvgl/src/drivers/uefi/lv_uefi_private.c')
  
C:\Users\Josiah\Documents\Senior Design\Code\PowerSupplyMcPowerFace\src\GUI\lv_port_pc_visual_studio\LvglPlatform\lvgl\src\misc\lv_color.h(355,59): warning C4244: 'function': conversion from 'int' to 'uint8_t', possible loss of data
  (compiling source file '../LvglPlatform/lvgl/src/drivers/uefi/lv_uefi_private.c')
  
  lv_wl_keyboard.c
  lv_wl_pointer.c
C:\Users\Josiah\Documents\Senior Design\Code\PowerSupplyMcPowerFace\src\GUI\lv_port_pc_visual_studio\LvglPlatform\lvgl\src\misc\lv_color.h(355,32): warning C4244: 'function': conversion from 'int' to 'uint8_t', possible loss of data
  (compiling source file '../LvglPlatform/lvgl/src/drivers/uefi/lv_uefi_indev_pointer.c')
  
C:\Users\Josiah\Documents\Senior Design\Code\PowerSupplyMcPowerFace\src\GUI\lv_port_pc_visual_studio\LvglPlatform\lvgl\src\misc\lv_color.h(355,46): warning C4244: 'function': conversion from 'int' to 'uint8_t', possible loss of data
  (compiling source file '../LvglPlatform/lvgl/src/drivers/uefi/lv_uefi_indev_pointer.c')
  
C:\Users\Josiah\Documents\Senior Design\Code\PowerSupplyMcPowerFace\src\GUI\lv_port_pc_visual_studio\LvglPlatform\lvgl\src\misc\lv_color.h(355,59): warning C4244: 'function': conversion from 'int' to 'uint8_t', possible loss of data
  (compiling source file '../LvglPlatform/lvgl/src/drivers/uefi/lv_uefi_indev_pointer.c')
  
C:\Users\Josiah\Documents\Senior Design\Code\PowerSupplyMcPowerFace\src\GUI\lv_port_pc_visual_studio\LvglPlatform\lvgl\src\misc\lv_color.h(355,32): warning C4244: 'function': conversion from 'int' to 'uint8_t', possible loss of data
  (compiling source file '../LvglPlatform/lvgl/src/drivers/uefi/lv_uefi_context.c')
  
C:\Users\Josiah\Documents\Senior Design\Code\PowerSupplyMcPowerFace\src\GUI\lv_port_pc_visual_studio\LvglPlatform\lvgl\src\misc\lv_color.h(355,46): warning C4244: 'function': conversion from 'int' to 'uint8_t', possible loss of data
  (compiling source file '../LvglPlatform/lvgl/src/drivers/uefi/lv_uefi_context.c')
  
C:\Users\Josiah\Documents\Senior Design\Code\PowerSupplyMcPowerFace\src\GUI\lv_port_pc_visual_studio\LvglPlatform\lvgl\src\misc\lv_color.h(355,59): warning C4244: 'function': conversion from 'int' to 'uint8_t', possible loss of data
  (compiling source file '../LvglPlatform/lvgl/src/drivers/uefi/lv_uefi_context.c')
  
C:\Users\Josiah\Documents\Senior Design\Code\PowerSupplyMcPowerFace\src\GUI\lv_port_pc_visual_studio\LvglPlatform\lvgl\src\misc\lv_color.h(355,32): warning C4244: 'function': conversion from 'int' to 'uint8_t', possible loss of data
  (compiling source file '../LvglPlatform/lvgl/src/drivers/uefi/lv_uefi_indev_touch.c')
  
C:\Users\Josiah\Documents\Senior Design\Code\PowerSupplyMcPowerFace\src\GUI\lv_port_pc_visual_studio\LvglPlatform\lvgl\src\misc\lv_color.h(355,46): warning C4244: 'function': conversion from 'int' to 'uint8_t', possible loss of data
  (compiling source file '../LvglPlatform/lvgl/src/drivers/uefi/lv_uefi_indev_touch.c')
  
C:\Users\Josiah\Documents\Senior Design\Code\PowerSupplyMcPowerFace\src\GUI\lv_port_pc_visual_studio\LvglPlatform\lvgl\src\misc\lv_color.h(355,59): warning C4244: 'function': conversion from 'int' to 'uint8_t', possible loss of data
  (compiling source file '../LvglPlatform/lvgl/src/drivers/uefi/lv_uefi_indev_touch.c')
  
  lv_wl_pointer_axis.c
C:\Users\Josiah\Documents\Senior Design\Code\PowerSupplyMcPowerFace\src\GUI\lv_port_pc_visual_studio\LvglPlatform\lvgl\src\misc\lv_color.h(355,32): warning C4244: 'function': conversion from 'int' to 'uint8_t', possible loss of data
  (compiling source file '../LvglPlatform/lvgl/src/drivers/wayland/lv_wl_keyboard.c')
  
C:\Users\Josiah\Documents\Senior Design\Code\PowerSupplyMcPowerFace\src\GUI\lv_port_pc_visual_studio\LvglPlatform\lvgl\src\misc\lv_color.h(355,46): warning C4244: 'function': conversion from 'int' to 'uint8_t', possible loss of data
  (compiling source file '../LvglPlatform/lvgl/src/drivers/wayland/lv_wl_keyboard.c')
  
C:\Users\Josiah\Documents\Senior Design\Code\PowerSupplyMcPowerFace\src\GUI\lv_port_pc_visual_studio\LvglPlatform\lvgl\src\misc\lv_color.h(355,59): warning C4244: 'function': conversion from 'int' to 'uint8_t', possible loss of data
  (compiling source file '../LvglPlatform/lvgl/src/drivers/wayland/lv_wl_keyboard.c')
  
  lv_wl_seat.c
C:\Users\Josiah\Documents\Senior Design\Code\PowerSupplyMcPowerFace\src\GUI\lv_port_pc_visual_studio\LvglPlatform\lvgl\src\misc\lv_color.h(355,32): warning C4244: 'function': conversion from 'int' to 'uint8_t', possible loss of data
  (compiling source file '../LvglPlatform/lvgl/src/drivers/uefi/lv_uefi_display.c')
  
C:\Users\Josiah\Documents\Senior Design\Code\PowerSupplyMcPowerFace\src\GUI\lv_port_pc_visual_studio\LvglPlatform\lvgl\src\misc\lv_color.h(355,46): warning C4244: 'function': conversion from 'int' to 'uint8_t', possible loss of data
  (compiling source file '../LvglPlatform/lvgl/src/drivers/uefi/lv_uefi_display.c')
  
C:\Users\Josiah\Documents\Senior Design\Code\PowerSupplyMcPowerFace\src\GUI\lv_port_pc_visual_studio\LvglPlatform\lvgl\src\misc\lv_color.h(355,59): warning C4244: 'function': conversion from 'int' to 'uint8_t', possible loss of data
  (compiling source file '../LvglPlatform/lvgl/src/drivers/uefi/lv_uefi_display.c')
  
  lv_wl_shm.c
  lv_wl_touch.c
C:\Users\Josiah\Documents\Senior Design\Code\PowerSupplyMcPowerFace\src\GUI\lv_port_pc_visual_studio\LvglPlatform\lvgl\src\misc\lv_color.h(355,32): warning C4244: 'function': conversion from 'int' to 'uint8_t', possible loss of data
  (compiling source file '../LvglPlatform/lvgl/src/drivers/wayland/lv_wl_pointer_axis.c')
  
C:\Users\Josiah\Documents\Senior Design\Code\PowerSupplyMcPowerFace\src\GUI\lv_port_pc_visual_studio\LvglPlatform\lvgl\src\misc\lv_color.h(355,46): warning C4244: 'function': conversion from 'int' to 'uint8_t', possible loss of data
  (compiling source file '../LvglPlatform/lvgl/src/drivers/wayland/lv_wl_pointer_axis.c')
  
C:\Users\Josiah\Documents\Senior Design\Code\PowerSupplyMcPowerFace\src\GUI\lv_port_pc_visual_studio\LvglPlatform\lvgl\src\misc\lv_color.h(355,59): warning C4244: 'function': conversion from 'int' to 'uint8_t', possible loss of data
  (compiling source file '../LvglPlatform/lvgl/src/drivers/wayland/lv_wl_pointer_axis.c')
  
C:\Users\Josiah\Documents\Senior Design\Code\PowerSupplyMcPowerFace\src\GUI\lv_port_pc_visual_studio\LvglPlatform\lvgl\src\misc\lv_color.h(355,32): warning C4244: 'function': conversion from 'int' to 'uint8_t', possible loss of data
  (compiling source file '../LvglPlatform/lvgl/src/drivers/wayland/lv_wl_pointer.c')
  
C:\Users\Josiah\Documents\Senior Design\Code\PowerSupplyMcPowerFace\src\GUI\lv_port_pc_visual_studio\LvglPlatform\lvgl\src\misc\lv_color.h(355,46): warning C4244: 'function': conversion from 'int' to 'uint8_t', possible loss of data
  (compiling source file '../LvglPlatform/lvgl/src/drivers/wayland/lv_wl_pointer.c')
  
C:\Users\Josiah\Documents\Senior Design\Code\PowerSupplyMcPowerFace\src\GUI\lv_port_pc_visual_studio\LvglPlatform\lvgl\src\misc\lv_color.h(355,59): warning C4244: 'function': conversion from 'int' to 'uint8_t', possible loss of data
  (compiling source file '../LvglPlatform/lvgl/src/drivers/wayland/lv_wl_pointer.c')
  
  lv_wl_window.c
  lv_wl_window_decorations.c
C:\Users\Josiah\Documents\Senior Design\Code\PowerSupplyMcPowerFace\src\GUI\lv_port_pc_visual_studio\LvglPlatform\lvgl\src\misc\lv_color.h(355,32): warning C4244: 'function': conversion from 'int' to 'uint8_t', possible loss of data
  (compiling source file '../LvglPlatform/lvgl/src/drivers/wayland/lv_wl_window.c')
  
C:\Users\Josiah\Documents\Senior Design\Code\PowerSupplyMcPowerFace\src\GUI\lv_port_pc_visual_studio\LvglPlatform\lvgl\src\misc\lv_color.h(355,46): warning C4244: 'function': conversion from 'int' to 'uint8_t', possible loss of data
  (compiling source file '../LvglPlatform/lvgl/src/drivers/wayland/lv_wl_window.c')
  
C:\Users\Josiah\Documents\Senior Design\Code\PowerSupplyMcPowerFace\src\GUI\lv_port_pc_visual_studio\LvglPlatform\lvgl\src\misc\lv_color.h(355,59): warning C4244: 'function': conversion from 'int' to 'uint8_t', possible loss of data
  (compiling source file '../LvglPlatform/lvgl/src/drivers/wayland/lv_wl_window.c')
  
  lv_wl_xdg_shell.c
  lv_windows_context.c
  lv_windows_display.c
C:\Users\Josiah\Documents\Senior Design\Code\PowerSupplyMcPowerFace\src\GUI\lv_port_pc_visual_studio\LvglPlatform\lvgl\src\misc\lv_color.h(355,32): warning C4244: 'function': conversion from 'int' to 'uint8_t', possible loss of data
  (compiling source file '../LvglPlatform/lvgl/src/drivers/windows/lv_windows_context.c')
  
C:\Users\Josiah\Documents\Senior Design\Code\PowerSupplyMcPowerFace\src\GUI\lv_port_pc_visual_studio\LvglPlatform\lvgl\src\misc\lv_color.h(355,46): warning C4244: 'function': conversion from 'int' to 'uint8_t', possible loss of data
  (compiling source file '../LvglPlatform/lvgl/src/drivers/windows/lv_windows_context.c')
  
C:\Users\Josiah\Documents\Senior Design\Code\PowerSupplyMcPowerFace\src\GUI\lv_port_pc_visual_studio\LvglPlatform\lvgl\src\misc\lv_color.h(355,59): warning C4244: 'function': conversion from 'int' to 'uint8_t', possible loss of data
  (compiling source file '../LvglPlatform/lvgl/src/drivers/windows/lv_windows_context.c')
  
C:\Users\Josiah\Documents\Senior Design\Code\PowerSupplyMcPowerFace\src\GUI\lv_port_pc_visual_studio\LvglPlatform\lvgl\src\misc\lv_color.h(355,32): warning C4244: 'function': conversion from 'int' to 'uint8_t', possible loss of data
  (compiling source file '../LvglPlatform/lvgl/src/drivers/wayland/lv_wl_touch.c')
  
C:\Users\Josiah\Documents\Senior Design\Code\PowerSupplyMcPowerFace\src\GUI\lv_port_pc_visual_studio\LvglPlatform\lvgl\src\misc\lv_color.h(355,46): warning C4244: 'function': conversion from 'int' to 'uint8_t', possible loss of data
  (compiling source file '../LvglPlatform/lvgl/src/drivers/wayland/lv_wl_touch.c')
  
C:\Users\Josiah\Documents\Senior Design\Code\PowerSupplyMcPowerFace\src\GUI\lv_port_pc_visual_studio\LvglPlatform\lvgl\src\misc\lv_color.h(355,59): warning C4244: 'function': conversion from 'int' to 'uint8_t', possible loss of data
  (compiling source file '../LvglPlatform/lvgl/src/drivers/wayland/lv_wl_touch.c')
  
C:\Users\Josiah\Documents\Senior Design\Code\PowerSupplyMcPowerFace\src\GUI\lv_port_pc_visual_studio\LvglPlatform\lvgl\src\misc\lv_color.h(355,32): warning C4244: 'function': conversion from 'int' to 'uint8_t', possible loss of data
  (compiling source file '../LvglPlatform/lvgl/src/drivers/windows/lv_windows_display.c')
  
C:\Users\Josiah\Documents\Senior Design\Code\PowerSupplyMcPowerFace\src\GUI\lv_port_pc_visual_studio\LvglPlatform\lvgl\src\misc\lv_color.h(355,46): warning C4244: 'function': conversion from 'int' to 'uint8_t', possible loss of data
  (compiling source file '../LvglPlatform/lvgl/src/drivers/windows/lv_windows_display.c')
  
C:\Users\Josiah\Documents\Senior Design\Code\PowerSupplyMcPowerFace\src\GUI\lv_port_pc_visual_studio\LvglPlatform\lvgl\src\misc\lv_color.h(355,59): warning C4244: 'function': conversion from 'int' to 'uint8_t', possible loss of data
  (compiling source file '../LvglPlatform/lvgl/src/drivers/windows/lv_windows_display.c')
  
  lv_windows_input.c
  lv_x11_display.c
C:\Users\Josiah\Documents\Senior Design\Code\PowerSupplyMcPowerFace\src\GUI\lv_port_pc_visual_studio\LvglPlatform\lvgl\src\misc\lv_color.h(355,32): warning C4244: 'function': conversion from 'int' to 'uint8_t', possible loss of data
  (compiling source file '../LvglPlatform/lvgl/src/drivers/windows/lv_windows_input.c')
  
C:\Users\Josiah\Documents\Senior Design\Code\PowerSupplyMcPowerFace\src\GUI\lv_port_pc_visual_studio\LvglPlatform\lvgl\src\misc\lv_color.h(355,46): warning C4244: 'function': conversion from 'int' to 'uint8_t', possible loss of data
  (compiling source file '../LvglPlatform/lvgl/src/drivers/windows/lv_windows_input.c')
  
C:\Users\Josiah\Documents\Senior Design\Code\PowerSupplyMcPowerFace\src\GUI\lv_port_pc_visual_studio\LvglPlatform\lvgl\src\misc\lv_color.h(355,59): warning C4244: 'function': conversion from 'int' to 'uint8_t', possible loss of data
  (compiling source file '../LvglPlatform/lvgl/src/drivers/windows/lv_windows_input.c')
  
C:\Users\Josiah\Documents\Senior Design\Code\PowerSupplyMcPowerFace\src\GUI\lv_port_pc_visual_studio\LvglPlatform\lvgl\src\misc\lv_color.h(355,32): warning C4244: 'function': conversion from 'int' to 'uint8_t', possible loss of data
  (compiling source file '../LvglPlatform/lvgl/src/drivers/x11/lv_x11_display.c')
  
C:\Users\Josiah\Documents\Senior Design\Code\PowerSupplyMcPowerFace\src\GUI\lv_port_pc_visual_studio\LvglPlatform\lvgl\src\misc\lv_color.h(355,46): warning C4244: 'function': conversion from 'int' to 'uint8_t', possible loss of data
  (compiling source file '../LvglPlatform/lvgl/src/drivers/x11/lv_x11_display.c')
  
C:\Users\Josiah\Documents\Senior Design\Code\PowerSupplyMcPowerFace\src\GUI\lv_port_pc_visual_studio\LvglPlatform\lvgl\src\misc\lv_color.h(355,59): warning C4244: 'function': conversion from 'int' to 'uint8_t', possible loss of data
  (compiling source file '../LvglPlatform/lvgl/src/drivers/x11/lv_x11_display.c')
  
  lv_x11_input.c
  lv_binfont_loader.c
  lv_font.c
C:\Users\Josiah\Documents\Senior Design\Code\PowerSupplyMcPowerFace\src\GUI\lv_port_pc_visual_studio\LvglPlatform\lvgl\src\misc\lv_color.h(355,32): warning C4244: 'function': conversion from 'int' to 'uint8_t', possible loss of data
  (compiling source file '../LvglPlatform/lvgl/src/font/lv_binfont_loader.c')
  
C:\Users\Josiah\Documents\Senior Design\Code\PowerSupplyMcPowerFace\src\GUI\lv_port_pc_visual_studio\LvglPlatform\lvgl\src\misc\lv_color.h(355,46): warning C4244: 'function': conversion from 'int' to 'uint8_t', possible loss of data
  (compiling source file '../LvglPlatform/lvgl/src/font/lv_binfont_loader.c')
  
C:\Users\Josiah\Documents\Senior Design\Code\PowerSupplyMcPowerFace\src\GUI\lv_port_pc_visual_studio\LvglPlatform\lvgl\src\misc\lv_color.h(355,59): warning C4244: 'function': conversion from 'int' to 'uint8_t', possible loss of data
  (compiling source file '../LvglPlatform/lvgl/src/font/lv_binfont_loader.c')
  
C:\Users\Josiah\Documents\Senior Design\Code\PowerSupplyMcPowerFace\src\GUI\lv_port_pc_visual_studio\LvglPlatform\lvgl\src\misc\lv_color.h(355,32): warning C4244: 'function': conversion from 'int' to 'uint8_t', possible loss of data
  (compiling source file '../LvglPlatform/lvgl/src/drivers/x11/lv_x11_input.c')
  
C:\Users\Josiah\Documents\Senior Design\Code\PowerSupplyMcPowerFace\src\GUI\lv_port_pc_visual_studio\LvglPlatform\lvgl\src\misc\lv_color.h(355,46): warning C4244: 'function': conversion from 'int' to 'uint8_t', possible loss of data
  (compiling source file '../LvglPlatform/lvgl/src/drivers/x11/lv_x11_input.c')
  
C:\Users\Josiah\Documents\Senior Design\Code\PowerSupplyMcPowerFace\src\GUI\lv_port_pc_visual_studio\LvglPlatform\lvgl\src\misc\lv_color.h(355,59): warning C4244: 'function': conversion from 'int' to 'uint8_t', possible loss of data
  (compiling source file '../LvglPlatform/lvgl/src/drivers/x11/lv_x11_input.c')
  
C:\Users\Josiah\Documents\Senior Design\Code\PowerSupplyMcPowerFace\src\GUI\lv_port_pc_visual_studio\LvglPlatform\lvgl\src\misc\lv_color.h(355,32): warning C4244: 'function': conversion from 'int' to 'uint8_t', possible loss of data
  (compiling source file '../LvglPlatform/lvgl/src/font/lv_font.c')
  
C:\Users\Josiah\Documents\Senior Design\Code\PowerSupplyMcPowerFace\src\GUI\lv_port_pc_visual_studio\LvglPlatform\lvgl\src\misc\lv_color.h(355,46): warning C4244: 'function': conversion from 'int' to 'uint8_t', possible loss of data
  (compiling source file '../LvglPlatform/lvgl/src/font/lv_font.c')
  
C:\Users\Josiah\Documents\Senior Design\Code\PowerSupplyMcPowerFace\src\GUI\lv_port_pc_visual_studio\LvglPlatform\lvgl\src\misc\lv_color.h(355,59): warning C4244: 'function': conversion from 'int' to 'uint8_t', possible loss of data
  (compiling source file '../LvglPlatform/lvgl/src/font/lv_font.c')
  
C:\Users\Josiah\Documents\Senior Design\Code\PowerSupplyMcPowerFace\src\GUI\lv_port_pc_visual_studio\LvglPlatform\lvgl\src\font\lv_font.c(136,42): warning C4244: '=': conversion from 'int' to 'uint16_t', possible loss of data
C:\Users\Josiah\Documents\Senior Design\Code\PowerSupplyMcPowerFace\src\GUI\lv_port_pc_visual_studio\LvglPlatform\lvgl\src\font\lv_font.c(145,28): warning C4244: '=': conversion from 'const int32_t' to 'uint16_t', possible loss of data
  lv_font_dejavu_16_persian_hebrew.c
  lv_font_fmt_txt.c
C:\Users\Josiah\Documents\Senior Design\Code\PowerSupplyMcPowerFace\src\GUI\lv_port_pc_visual_studio\LvglPlatform\lvgl\src\misc\lv_color.h(355,32): warning C4244: 'function': conversion from 'int' to 'uint8_t', possible loss of data
  (compiling source file '../LvglPlatform/lvgl/src/font/lv_font_dejavu_16_persian_hebrew.c')
  
C:\Users\Josiah\Documents\Senior Design\Code\PowerSupplyMcPowerFace\src\GUI\lv_port_pc_visual_studio\LvglPlatform\lvgl\src\misc\lv_color.h(355,46): warning C4244: 'function': conversion from 'int' to 'uint8_t', possible loss of data
  (compiling source file '../LvglPlatform/lvgl/src/font/lv_font_dejavu_16_persian_hebrew.c')
  
C:\Users\Josiah\Documents\Senior Design\Code\PowerSupplyMcPowerFace\src\GUI\lv_port_pc_visual_studio\LvglPlatform\lvgl\src\misc\lv_color.h(355,59): warning C4244: 'function': conversion from 'int' to 'uint8_t', possible loss of data
  (compiling source file '../LvglPlatform/lvgl/src/font/lv_font_dejavu_16_persian_hebrew.c')
  
C:\Users\Josiah\Documents\Senior Design\Code\PowerSupplyMcPowerFace\src\GUI\lv_port_pc_visual_studio\LvglPlatform\lvgl\src\misc\lv_color.h(355,32): warning C4244: 'function': conversion from 'int' to 'uint8_t', possible loss of data
  (compiling source file '../LvglPlatform/lvgl/src/font/lv_font_fmt_txt.c')
  
C:\Users\Josiah\Documents\Senior Design\Code\PowerSupplyMcPowerFace\src\GUI\lv_port_pc_visual_studio\LvglPlatform\lvgl\src\misc\lv_color.h(355,46): warning C4244: 'function': conversion from 'int' to 'uint8_t', possible loss of data
  (compiling source file '../LvglPlatform/lvgl/src/font/lv_font_fmt_txt.c')
  
C:\Users\Josiah\Documents\Senior Design\Code\PowerSupplyMcPowerFace\src\GUI\lv_port_pc_visual_studio\LvglPlatform\lvgl\src\misc\lv_color.h(355,59): warning C4244: 'function': conversion from 'int' to 'uint8_t', possible loss of data
  (compiling source file '../LvglPlatform/lvgl/src/font/lv_font_fmt_txt.c')
  
  lv_font_montserrat_10.c
  lv_font_montserrat_12.c
C:\Users\Josiah\Documents\Senior Design\Code\PowerSupplyMcPowerFace\src\GUI\lv_port_pc_visual_studio\LvglPlatform\lvgl\src\misc\lv_color.h(355,32): warning C4244: 'function': conversion from 'int' to 'uint8_t', possible loss of data
  (compiling source file '../LvglPlatform/lvgl/src/font/lv_font_montserrat_10.c')
  
C:\Users\Josiah\Documents\Senior Design\Code\PowerSupplyMcPowerFace\src\GUI\lv_port_pc_visual_studio\LvglPlatform\lvgl\src\misc\lv_color.h(355,46): warning C4244: 'function': conversion from 'int' to 'uint8_t', possible loss of data
  (compiling source file '../LvglPlatform/lvgl/src/font/lv_font_montserrat_10.c')
  
C:\Users\Josiah\Documents\Senior Design\Code\PowerSupplyMcPowerFace\src\GUI\lv_port_pc_visual_studio\LvglPlatform\lvgl\src\misc\lv_color.h(355,59): warning C4244: 'function': conversion from 'int' to 'uint8_t', possible loss of data
  (compiling source file '../LvglPlatform/lvgl/src/font/lv_font_montserrat_10.c')
  
  lv_font_montserrat_14.c
C:\Users\Josiah\Documents\Senior Design\Code\PowerSupplyMcPowerFace\src\GUI\lv_port_pc_visual_studio\LvglPlatform\lvgl\src\misc\lv_color.h(355,32): warning C4244: 'function': conversion from 'int' to 'uint8_t', possible loss of data
  (compiling source file '../LvglPlatform/lvgl/src/font/lv_font_montserrat_12.c')
  
C:\Users\Josiah\Documents\Senior Design\Code\PowerSupplyMcPowerFace\src\GUI\lv_port_pc_visual_studio\LvglPlatform\lvgl\src\misc\lv_color.h(355,46): warning C4244: 'function': conversion from 'int' to 'uint8_t', possible loss of data
  (compiling source file '../LvglPlatform/lvgl/src/font/lv_font_montserrat_12.c')
  
C:\Users\Josiah\Documents\Senior Design\Code\PowerSupplyMcPowerFace\src\GUI\lv_port_pc_visual_studio\LvglPlatform\lvgl\src\misc\lv_color.h(355,59): warning C4244: 'function': conversion from 'int' to 'uint8_t', possible loss of data
  (compiling source file '../LvglPlatform/lvgl/src/font/lv_font_montserrat_12.c')
  
C:\Users\Josiah\Documents\Senior Design\Code\PowerSupplyMcPowerFace\src\GUI\lv_port_pc_visual_studio\LvglPlatform\lvgl\src\misc\lv_color.h(355,32): warning C4244: 'function': conversion from 'int' to 'uint8_t', possible loss of data
  (compiling source file '../LvglPlatform/lvgl/src/font/lv_font_montserrat_14.c')
  
C:\Users\Josiah\Documents\Senior Design\Code\PowerSupplyMcPowerFace\src\GUI\lv_port_pc_visual_studio\LvglPlatform\lvgl\src\misc\lv_color.h(355,46): warning C4244: 'function': conversion from 'int' to 'uint8_t', possible loss of data
  (compiling source file '../LvglPlatform/lvgl/src/font/lv_font_montserrat_14.c')
  
C:\Users\Josiah\Documents\Senior Design\Code\PowerSupplyMcPowerFace\src\GUI\lv_port_pc_visual_studio\LvglPlatform\lvgl\src\misc\lv_color.h(355,59): warning C4244: 'function': conversion from 'int' to 'uint8_t', possible loss of data
  (compiling source file '../LvglPlatform/lvgl/src/font/lv_font_montserrat_14.c')
  
  lv_font_montserrat_14_aligned.c
C:\Users\Josiah\Documents\Senior Design\Code\PowerSupplyMcPowerFace\src\GUI\lv_port_pc_visual_studio\LvglPlatform\lvgl\src\misc\lv_color.h(355,32): warning C4244: 'function': conversion from 'int' to 'uint8_t', possible loss of data
  (compiling source file '../LvglPlatform/lvgl/src/font/lv_font_montserrat_14_aligned.c')
  
C:\Users\Josiah\Documents\Senior Design\Code\PowerSupplyMcPowerFace\src\GUI\lv_port_pc_visual_studio\LvglPlatform\lvgl\src\misc\lv_color.h(355,46): warning C4244: 'function': conversion from 'int' to 'uint8_t', possible loss of data
  (compiling source file '../LvglPlatform/lvgl/src/font/lv_font_montserrat_14_aligned.c')
  
C:\Users\Josiah\Documents\Senior Design\Code\PowerSupplyMcPowerFace\src\GUI\lv_port_pc_visual_studio\LvglPlatform\lvgl\src\misc\lv_color.h(355,59): warning C4244: 'function': conversion from 'int' to 'uint8_t', possible loss of data
  (compiling source file '../LvglPlatform/lvgl/src/font/lv_font_montserrat_14_aligned.c')
  
  lv_font_montserrat_16.c
  lv_font_montserrat_18.c
  lv_font_montserrat_20.c
C:\Users\Josiah\Documents\Senior Design\Code\PowerSupplyMcPowerFace\src\GUI\lv_port_pc_visual_studio\LvglPlatform\lvgl\src\misc\lv_color.h(355,32): warning C4244: 'function': conversion from 'int' to 'uint8_t', possible loss of data
  (compiling source file '../LvglPlatform/lvgl/src/font/lv_font_montserrat_16.c')
  
C:\Users\Josiah\Documents\Senior Design\Code\PowerSupplyMcPowerFace\src\GUI\lv_port_pc_visual_studio\LvglPlatform\lvgl\src\misc\lv_color.h(355,46): warning C4244: 'function': conversion from 'int' to 'uint8_t', possible loss of data
  (compiling source file '../LvglPlatform/lvgl/src/font/lv_font_montserrat_16.c')
  
C:\Users\Josiah\Documents\Senior Design\Code\PowerSupplyMcPowerFace\src\GUI\lv_port_pc_visual_studio\LvglPlatform\lvgl\src\misc\lv_color.h(355,59): warning C4244: 'function': conversion from 'int' to 'uint8_t', possible loss of data
  (compiling source file '../LvglPlatform/lvgl/src/font/lv_font_montserrat_16.c')
  
C:\Users\Josiah\Documents\Senior Design\Code\PowerSupplyMcPowerFace\src\GUI\lv_port_pc_visual_studio\LvglPlatform\lvgl\src\misc\lv_color.h(355,32): warning C4244: 'function': conversion from 'int' to 'uint8_t', possible loss of data
  (compiling source file '../LvglPlatform/lvgl/src/font/lv_font_montserrat_20.c')
  
C:\Users\Josiah\Documents\Senior Design\Code\PowerSupplyMcPowerFace\src\GUI\lv_port_pc_visual_studio\LvglPlatform\lvgl\src\misc\lv_color.h(355,46): warning C4244: 'function': conversion from 'int' to 'uint8_t', possible loss of data
  (compiling source file '../LvglPlatform/lvgl/src/font/lv_font_montserrat_20.c')
  
C:\Users\Josiah\Documents\Senior Design\Code\PowerSupplyMcPowerFace\src\GUI\lv_port_pc_visual_studio\LvglPlatform\lvgl\src\misc\lv_color.h(355,59): warning C4244: 'function': conversion from 'int' to 'uint8_t', possible loss of data
  (compiling source file '../LvglPlatform/lvgl/src/font/lv_font_montserrat_20.c')
  
C:\Users\Josiah\Documents\Senior Design\Code\PowerSupplyMcPowerFace\src\GUI\lv_port_pc_visual_studio\LvglPlatform\lvgl\src\misc\lv_color.h(355,32): warning C4244: 'function': conversion from 'int' to 'uint8_t', possible loss of data
  (compiling source file '../LvglPlatform/lvgl/src/font/lv_font_montserrat_18.c')
  
C:\Users\Josiah\Documents\Senior Design\Code\PowerSupplyMcPowerFace\src\GUI\lv_port_pc_visual_studio\LvglPlatform\lvgl\src\misc\lv_color.h(355,46): warning C4244: 'function': conversion from 'int' to 'uint8_t', possible loss of data
  (compiling source file '../LvglPlatform/lvgl/src/font/lv_font_montserrat_18.c')
  
C:\Users\Josiah\Documents\Senior Design\Code\PowerSupplyMcPowerFace\src\GUI\lv_port_pc_visual_studio\LvglPlatform\lvgl\src\misc\lv_color.h(355,59): warning C4244: 'function': conversion from 'int' to 'uint8_t', possible loss of data
  (compiling source file '../LvglPlatform/lvgl/src/font/lv_font_montserrat_18.c')
  
  lv_font_montserrat_22.c
  lv_font_montserrat_24.c
C:\Users\Josiah\Documents\Senior Design\Code\PowerSupplyMcPowerFace\src\GUI\lv_port_pc_visual_studio\LvglPlatform\lvgl\src\misc\lv_color.h(355,32): warning C4244: 'function': conversion from 'int' to 'uint8_t', possible loss of data
  (compiling source file '../LvglPlatform/lvgl/src/font/lv_font_montserrat_22.c')
  
C:\Users\Josiah\Documents\Senior Design\Code\PowerSupplyMcPowerFace\src\GUI\lv_port_pc_visual_studio\LvglPlatform\lvgl\src\misc\lv_color.h(355,46): warning C4244: 'function': conversion from 'int' to 'uint8_t', possible loss of data
  (compiling source file '../LvglPlatform/lvgl/src/font/lv_font_montserrat_22.c')
  
C:\Users\Josiah\Documents\Senior Design\Code\PowerSupplyMcPowerFace\src\GUI\lv_port_pc_visual_studio\LvglPlatform\lvgl\src\misc\lv_color.h(355,59): warning C4244: 'function': conversion from 'int' to 'uint8_t', possible loss of data
  (compiling source file '../LvglPlatform/lvgl/src/font/lv_font_montserrat_22.c')
  
  lv_font_montserrat_26.c
  lv_font_montserrat_28.c
C:\Users\Josiah\Documents\Senior Design\Code\PowerSupplyMcPowerFace\src\GUI\lv_port_pc_visual_studio\LvglPlatform\lvgl\src\misc\lv_color.h(355,32): warning C4244: 'function': conversion from 'int' to 'uint8_t', possible loss of data
  (compiling source file '../LvglPlatform/lvgl/src/font/lv_font_montserrat_24.c')
  
C:\Users\Josiah\Documents\Senior Design\Code\PowerSupplyMcPowerFace\src\GUI\lv_port_pc_visual_studio\LvglPlatform\lvgl\src\misc\lv_color.h(355,46): warning C4244: 'function': conversion from 'int' to 'uint8_t', possible loss of data
  (compiling source file '../LvglPlatform/lvgl/src/font/lv_font_montserrat_24.c')
  
C:\Users\Josiah\Documents\Senior Design\Code\PowerSupplyMcPowerFace\src\GUI\lv_port_pc_visual_studio\LvglPlatform\lvgl\src\misc\lv_color.h(355,59): warning C4244: 'function': conversion from 'int' to 'uint8_t', possible loss of data
  (compiling source file '../LvglPlatform/lvgl/src/font/lv_font_montserrat_24.c')
  
C:\Users\Josiah\Documents\Senior Design\Code\PowerSupplyMcPowerFace\src\GUI\lv_port_pc_visual_studio\LvglPlatform\lvgl\src\misc\lv_color.h(355,32): warning C4244: 'function': conversion from 'int' to 'uint8_t', possible loss of data
  (compiling source file '../LvglPlatform/lvgl/src/font/lv_font_montserrat_26.c')
  
C:\Users\Josiah\Documents\Senior Design\Code\PowerSupplyMcPowerFace\src\GUI\lv_port_pc_visual_studio\LvglPlatform\lvgl\src\misc\lv_color.h(355,46): warning C4244: 'function': conversion from 'int' to 'uint8_t', possible loss of data
  (compiling source file '../LvglPlatform/lvgl/src/font/lv_font_montserrat_26.c')
  
C:\Users\Josiah\Documents\Senior Design\Code\PowerSupplyMcPowerFace\src\GUI\lv_port_pc_visual_studio\LvglPlatform\lvgl\src\misc\lv_color.h(355,59): warning C4244: 'function': conversion from 'int' to 'uint8_t', possible loss of data
  (compiling source file '../LvglPlatform/lvgl/src/font/lv_font_montserrat_26.c')
  
C:\Users\Josiah\Documents\Senior Design\Code\PowerSupplyMcPowerFace\src\GUI\lv_port_pc_visual_studio\LvglPlatform\lvgl\src\misc\lv_color.h(355,32): warning C4244: 'function': conversion from 'int' to 'uint8_t', possible loss of data
  (compiling source file '../LvglPlatform/lvgl/src/font/lv_font_montserrat_28.c')
  
C:\Users\Josiah\Documents\Senior Design\Code\PowerSupplyMcPowerFace\src\GUI\lv_port_pc_visual_studio\LvglPlatform\lvgl\src\misc\lv_color.h(355,46): warning C4244: 'function': conversion from 'int' to 'uint8_t', possible loss of data
  (compiling source file '../LvglPlatform/lvgl/src/font/lv_font_montserrat_28.c')
  
C:\Users\Josiah\Documents\Senior Design\Code\PowerSupplyMcPowerFace\src\GUI\lv_port_pc_visual_studio\LvglPlatform\lvgl\src\misc\lv_color.h(355,59): warning C4244: 'function': conversion from 'int' to 'uint8_t', possible loss of data
  (compiling source file '../LvglPlatform/lvgl/src/font/lv_font_montserrat_28.c')
  
  lv_font_montserrat_28_compressed.c
C:\Users\Josiah\Documents\Senior Design\Code\PowerSupplyMcPowerFace\src\GUI\lv_port_pc_visual_studio\LvglPlatform\lvgl\src\misc\lv_color.h(355,32): warning C4244: 'function': conversion from 'int' to 'uint8_t', possible loss of data
  (compiling source file '../LvglPlatform/lvgl/src/font/lv_font_montserrat_28_compressed.c')
  
C:\Users\Josiah\Documents\Senior Design\Code\PowerSupplyMcPowerFace\src\GUI\lv_port_pc_visual_studio\LvglPlatform\lvgl\src\misc\lv_color.h(355,46): warning C4244: 'function': conversion from 'int' to 'uint8_t', possible loss of data
  (compiling source file '../LvglPlatform/lvgl/src/font/lv_font_montserrat_28_compressed.c')
  
C:\Users\Josiah\Documents\Senior Design\Code\PowerSupplyMcPowerFace\src\GUI\lv_port_pc_visual_studio\LvglPlatform\lvgl\src\misc\lv_color.h(355,59): warning C4244: 'function': conversion from 'int' to 'uint8_t', possible loss of data
  (compiling source file '../LvglPlatform/lvgl/src/font/lv_font_montserrat_28_compressed.c')
  
  lv_font_montserrat_30.c
  lv_font_montserrat_32.c
  lv_font_montserrat_34.c
C:\Users\Josiah\Documents\Senior Design\Code\PowerSupplyMcPowerFace\src\GUI\lv_port_pc_visual_studio\LvglPlatform\lvgl\src\misc\lv_color.h(355,32): warning C4244: 'function': conversion from 'int' to 'uint8_t', possible loss of data
  (compiling source file '../LvglPlatform/lvgl/src/font/lv_font_montserrat_30.c')
  
C:\Users\Josiah\Documents\Senior Design\Code\PowerSupplyMcPowerFace\src\GUI\lv_port_pc_visual_studio\LvglPlatform\lvgl\src\misc\lv_color.h(355,46): warning C4244: 'function': conversion from 'int' to 'uint8_t', possible loss of data
  (compiling source file '../LvglPlatform/lvgl/src/font/lv_font_montserrat_30.c')
  
C:\Users\Josiah\Documents\Senior Design\Code\PowerSupplyMcPowerFace\src\GUI\lv_port_pc_visual_studio\LvglPlatform\lvgl\src\misc\lv_color.h(355,59): warning C4244: 'function': conversion from 'int' to 'uint8_t', possible loss of data
  (compiling source file '../LvglPlatform/lvgl/src/font/lv_font_montserrat_30.c')
  
C:\Users\Josiah\Documents\Senior Design\Code\PowerSupplyMcPowerFace\src\GUI\lv_port_pc_visual_studio\LvglPlatform\lvgl\src\misc\lv_color.h(355,32): warning C4244: 'function': conversion from 'int' to 'uint8_t', possible loss of data
  (compiling source file '../LvglPlatform/lvgl/src/font/lv_font_montserrat_34.c')
  
C:\Users\Josiah\Documents\Senior Design\Code\PowerSupplyMcPowerFace\src\GUI\lv_port_pc_visual_studio\LvglPlatform\lvgl\src\misc\lv_color.h(355,46): warning C4244: 'function': conversion from 'int' to 'uint8_t', possible loss of data
  (compiling source file '../LvglPlatform/lvgl/src/font/lv_font_montserrat_34.c')
  
C:\Users\Josiah\Documents\Senior Design\Code\PowerSupplyMcPowerFace\src\GUI\lv_port_pc_visual_studio\LvglPlatform\lvgl\src\misc\lv_color.h(355,59): warning C4244: 'function': conversion from 'int' to 'uint8_t', possible loss of data
  (compiling source file '../LvglPlatform/lvgl/src/font/lv_font_montserrat_34.c')
  
C:\Users\Josiah\Documents\Senior Design\Code\PowerSupplyMcPowerFace\src\GUI\lv_port_pc_visual_studio\LvglPlatform\lvgl\src\font\lv_binfont_loader.c(319,26): warning C4244: '=': conversion from 'uint32_t' to 'uint16_t', possible loss of data
C:\Users\Josiah\Documents\Senior Design\Code\PowerSupplyMcPowerFace\src\GUI\lv_port_pc_visual_studio\LvglPlatform\lvgl\src\font\lv_binfont_loader.c(371,23): warning C4244: '=': conversion from 'int' to 'int8_t', possible loss of data
C:\Users\Josiah\Documents\Senior Design\Code\PowerSupplyMcPowerFace\src\GUI\lv_port_pc_visual_studio\LvglPlatform\lvgl\src\font\lv_binfont_loader.c(376,23): warning C4244: '=': conversion from 'int' to 'int8_t', possible loss of data
C:\Users\Josiah\Documents\Senior Design\Code\PowerSupplyMcPowerFace\src\GUI\lv_port_pc_visual_studio\LvglPlatform\lvgl\src\font\lv_binfont_loader.c(381,23): warning C4244: '=': conversion from 'unsigned int' to 'uint8_t', possible loss of data
C:\Users\Josiah\Documents\Senior Design\Code\PowerSupplyMcPowerFace\src\GUI\lv_port_pc_visual_studio\LvglPlatform\lvgl\src\font\lv_binfont_loader.c(386,23): warning C4244: '=': conversion from 'unsigned int' to 'uint8_t', possible loss of data
C:\Users\Josiah\Documents\Senior Design\Code\PowerSupplyMcPowerFace\src\GUI\lv_port_pc_visual_studio\LvglPlatform\lvgl\src\font\lv_binfont_loader.c(444,47): warning C4244: '=': conversion from 'unsigned int' to 'uint8_t', possible loss of data
C:\Users\Josiah\Documents\Senior Design\Code\PowerSupplyMcPowerFace\src\GUI\lv_port_pc_visual_studio\LvglPlatform\lvgl\src\font\lv_binfont_loader.c(449,54): warning C4244: '=': conversion from 'unsigned int' to 'uint8_t', possible loss of data
C:\Users\Josiah\Documents\Senior Design\Code\PowerSupplyMcPowerFace\src\GUI\lv_port_pc_visual_studio\LvglPlatform\lvgl\src\misc\lv_color.h(355,32): warning C4244: 'function': conversion from 'int' to 'uint8_t', possible loss of data
  (compiling source file '../LvglPlatform/lvgl/src/font/lv_font_montserrat_32.c')
  
C:\Users\Josiah\Documents\Senior Design\Code\PowerSupplyMcPowerFace\src\GUI\lv_port_pc_visual_studio\LvglPlatform\lvgl\src\misc\lv_color.h(355,46): warning C4244: 'function': conversion from 'int' to 'uint8_t', possible loss of data
  (compiling source file '../LvglPlatform/lvgl/src/font/lv_font_montserrat_32.c')
  
C:\Users\Josiah\Documents\Senior Design\Code\PowerSupplyMcPowerFace\src\GUI\lv_port_pc_visual_studio\LvglPlatform\lvgl\src\misc\lv_color.h(355,59): warning C4244: 'function': conversion from 'int' to 'uint8_t', possible loss of data
  (compiling source file '../LvglPlatform/lvgl/src/font/lv_font_montserrat_32.c')
  
  lv_font_montserrat_36.c
  lv_font_montserrat_38.c
C:\Users\Josiah\Documents\Senior Design\Code\PowerSupplyMcPowerFace\src\GUI\lv_port_pc_visual_studio\LvglPlatform\lvgl\src\font\lv_font_fmt_txt.c(117,52): warning C4244: 'initializing': conversion from 'uint32_t' to 'uint16_t', possible loss of data
C:\Users\Josiah\Documents\Senior Design\Code\PowerSupplyMcPowerFace\src\GUI\lv_port_pc_visual_studio\LvglPlatform\lvgl\src\font\lv_font_fmt_txt.c(167,52): warning C4244: 'initializing': conversion from 'uint32_t' to 'uint16_t', possible loss of data
C:\Users\Josiah\Documents\Senior Design\Code\PowerSupplyMcPowerFace\src\GUI\lv_port_pc_visual_studio\LvglPlatform\lvgl\src\font\lv_font_fmt_txt.c(190,52): warning C4244: 'initializing': conversion from 'uint32_t' to 'uint16_t', possible loss of data
C:\Users\Josiah\Documents\Senior Design\Code\PowerSupplyMcPowerFace\src\GUI\lv_port_pc_visual_studio\LvglPlatform\lvgl\src\font\lv_font_fmt_txt.c(253,22): warning C4244: '=': conversion from 'uint32_t' to 'uint16_t', possible loss of data
C:\Users\Josiah\Documents\Senior Design\Code\PowerSupplyMcPowerFace\src\GUI\lv_port_pc_visual_studio\LvglPlatform\lvgl\src\font\lv_font_fmt_txt.c(267,27): warning C4244: '=': conversion from 'uint32_t' to 'uint16_t', possible loss of data
C:\Users\Josiah\Documents\Senior Design\Code\PowerSupplyMcPowerFace\src\GUI\lv_port_pc_visual_studio\LvglPlatform\lvgl\src\font\lv_font_fmt_txt.c(308,28): warning C4244: 'initializing': conversion from 'uint32_t' to 'uint16_t', possible loss of data
C:\Users\Josiah\Documents\Senior Design\Code\PowerSupplyMcPowerFace\src\GUI\lv_port_pc_visual_studio\LvglPlatform\lvgl\src\font\lv_font_fmt_txt.c(318,28): warning C4244: 'initializing': conversion from 'uint32_t' to 'uint16_t', possible loss of data
C:\Users\Josiah\Documents\Senior Design\Code\PowerSupplyMcPowerFace\src\GUI\lv_port_pc_visual_studio\LvglPlatform\lvgl\src\misc\lv_color.h(355,32): warning C4244: 'function': conversion from 'int' to 'uint8_t', possible loss of data
  (compiling source file '../LvglPlatform/lvgl/src/font/lv_font_montserrat_36.c')
  
C:\Users\Josiah\Documents\Senior Design\Code\PowerSupplyMcPowerFace\src\GUI\lv_port_pc_visual_studio\LvglPlatform\lvgl\src\misc\lv_color.h(355,46): warning C4244: 'function': conversion from 'int' to 'uint8_t', possible loss of data
  (compiling source file '../LvglPlatform/lvgl/src/font/lv_font_montserrat_36.c')
  
C:\Users\Josiah\Documents\Senior Design\Code\PowerSupplyMcPowerFace\src\GUI\lv_port_pc_visual_studio\LvglPlatform\lvgl\src\misc\lv_color.h(355,59): warning C4244: 'function': conversion from 'int' to 'uint8_t', possible loss of data
  (compiling source file '../LvglPlatform/lvgl/src/font/lv_font_montserrat_36.c')
  
C:\Users\Josiah\Documents\Senior Design\Code\PowerSupplyMcPowerFace\src\GUI\lv_port_pc_visual_studio\LvglPlatform\lvgl\src\misc\lv_color.h(355,32): warning C4244: 'function': conversion from 'int' to 'uint8_t', possible loss of data
  (compiling source file '../LvglPlatform/lvgl/src/font/lv_font_montserrat_38.c')
  
C:\Users\Josiah\Documents\Senior Design\Code\PowerSupplyMcPowerFace\src\GUI\lv_port_pc_visual_studio\LvglPlatform\lvgl\src\misc\lv_color.h(355,46): warning C4244: 'function': conversion from 'int' to 'uint8_t', possible loss of data
  (compiling source file '../LvglPlatform/lvgl/src/font/lv_font_montserrat_38.c')
  
C:\Users\Josiah\Documents\Senior Design\Code\PowerSupplyMcPowerFace\src\GUI\lv_port_pc_visual_studio\LvglPlatform\lvgl\src\misc\lv_color.h(355,59): warning C4244: 'function': conversion from 'int' to 'uint8_t', possible loss of data
  (compiling source file '../LvglPlatform/lvgl/src/font/lv_font_montserrat_38.c')
  
  lv_font_montserrat_40.c
  lv_font_montserrat_42.c
C:\Users\Josiah\Documents\Senior Design\Code\PowerSupplyMcPowerFace\src\GUI\lv_port_pc_visual_studio\LvglPlatform\lvgl\src\font\lv_font_fmt_txt.c(219,1): warning C4702: unreachable code
  lv_font_montserrat_44.c
C:\Users\Josiah\Documents\Senior Design\Code\PowerSupplyMcPowerFace\src\GUI\lv_port_pc_visual_studio\LvglPlatform\lvgl\src\misc\lv_color.h(355,32): warning C4244: 'function': conversion from 'int' to 'uint8_t', possible loss of data
  (compiling source file '../LvglPlatform/lvgl/src/font/lv_font_montserrat_44.c')
  
C:\Users\Josiah\Documents\Senior Design\Code\PowerSupplyMcPowerFace\src\GUI\lv_port_pc_visual_studio\LvglPlatform\lvgl\src\misc\lv_color.h(355,46): warning C4244: 'function': conversion from 'int' to 'uint8_t', possible loss of data
  (compiling source file '../LvglPlatform/lvgl/src/font/lv_font_montserrat_44.c')
  
C:\Users\Josiah\Documents\Senior Design\Code\PowerSupplyMcPowerFace\src\GUI\lv_port_pc_visual_studio\LvglPlatform\lvgl\src\misc\lv_color.h(355,59): warning C4244: 'function': conversion from 'int' to 'uint8_t', possible loss of data
  (compiling source file '../LvglPlatform/lvgl/src/font/lv_font_montserrat_44.c')
  
C:\Users\Josiah\Documents\Senior Design\Code\PowerSupplyMcPowerFace\src\GUI\lv_port_pc_visual_studio\LvglPlatform\lvgl\src\misc\lv_color.h(355,32): warning C4244: 'function': conversion from 'int' to 'uint8_t', possible loss of data
  (compiling source file '../LvglPlatform/lvgl/src/font/lv_font_montserrat_40.c')
  
C:\Users\Josiah\Documents\Senior Design\Code\PowerSupplyMcPowerFace\src\GUI\lv_port_pc_visual_studio\LvglPlatform\lvgl\src\misc\lv_color.h(355,46): warning C4244: 'function': conversion from 'int' to 'uint8_t', possible loss of data
  (compiling source file '../LvglPlatform/lvgl/src/font/lv_font_montserrat_40.c')
  
C:\Users\Josiah\Documents\Senior Design\Code\PowerSupplyMcPowerFace\src\GUI\lv_port_pc_visual_studio\LvglPlatform\lvgl\src\misc\lv_color.h(355,59): warning C4244: 'function': conversion from 'int' to 'uint8_t', possible loss of data
  (compiling source file '../LvglPlatform/lvgl/src/font/lv_font_montserrat_40.c')
  
C:\Users\Josiah\Documents\Senior Design\Code\PowerSupplyMcPowerFace\src\GUI\lv_port_pc_visual_studio\LvglPlatform\lvgl\src\misc\lv_color.h(355,32): warning C4244: 'function': conversion from 'int' to 'uint8_t', possible loss of data
  (compiling source file '../LvglPlatform/lvgl/src/font/lv_font_montserrat_42.c')
  
C:\Users\Josiah\Documents\Senior Design\Code\PowerSupplyMcPowerFace\src\GUI\lv_port_pc_visual_studio\LvglPlatform\lvgl\src\misc\lv_color.h(355,46): warning C4244: 'function': conversion from 'int' to 'uint8_t', possible loss of data
  (compiling source file '../LvglPlatform/lvgl/src/font/lv_font_montserrat_42.c')
  
C:\Users\Josiah\Documents\Senior Design\Code\PowerSupplyMcPowerFace\src\GUI\lv_port_pc_visual_studio\LvglPlatform\lvgl\src\misc\lv_color.h(355,59): warning C4244: 'function': conversion from 'int' to 'uint8_t', possible loss of data
  (compiling source file '../LvglPlatform/lvgl/src/font/lv_font_montserrat_42.c')
  
  lv_font_montserrat_46.c
  lv_font_montserrat_48.c
C:\Users\Josiah\Documents\Senior Design\Code\PowerSupplyMcPowerFace\src\GUI\lv_port_pc_visual_studio\LvglPlatform\lvgl\src\misc\lv_color.h(355,32): warning C4244: 'function': conversion from 'int' to 'uint8_t', possible loss of data
  (compiling source file '../LvglPlatform/lvgl/src/font/lv_font_montserrat_46.c')
  
C:\Users\Josiah\Documents\Senior Design\Code\PowerSupplyMcPowerFace\src\GUI\lv_port_pc_visual_studio\LvglPlatform\lvgl\src\misc\lv_color.h(355,46): warning C4244: 'function': conversion from 'int' to 'uint8_t', possible loss of data
  (compiling source file '../LvglPlatform/lvgl/src/font/lv_font_montserrat_46.c')
  
C:\Users\Josiah\Documents\Senior Design\Code\PowerSupplyMcPowerFace\src\GUI\lv_port_pc_visual_studio\LvglPlatform\lvgl\src\misc\lv_color.h(355,59): warning C4244: 'function': conversion from 'int' to 'uint8_t', possible loss of data
  (compiling source file '../LvglPlatform/lvgl/src/font/lv_font_montserrat_46.c')
  
C:\Users\Josiah\Documents\Senior Design\Code\PowerSupplyMcPowerFace\src\GUI\lv_port_pc_visual_studio\LvglPlatform\lvgl\src\misc\lv_color.h(355,32): warning C4244: 'function': conversion from 'int' to 'uint8_t', possible loss of data
  (compiling source file '../LvglPlatform/lvgl/src/font/lv_font_montserrat_48.c')
  
C:\Users\Josiah\Documents\Senior Design\Code\PowerSupplyMcPowerFace\src\GUI\lv_port_pc_visual_studio\LvglPlatform\lvgl\src\misc\lv_color.h(355,46): warning C4244: 'function': conversion from 'int' to 'uint8_t', possible loss of data
  (compiling source file '../LvglPlatform/lvgl/src/font/lv_font_montserrat_48.c')
  
C:\Users\Josiah\Documents\Senior Design\Code\PowerSupplyMcPowerFace\src\GUI\lv_port_pc_visual_studio\LvglPlatform\lvgl\src\misc\lv_color.h(355,59): warning C4244: 'function': conversion from 'int' to 'uint8_t', possible loss of data
  (compiling source file '../LvglPlatform/lvgl/src/font/lv_font_montserrat_48.c')
  
  lv_font_montserrat_8.c
  lv_font_source_han_sans_sc_14_cjk.c
  lv_font_source_han_sans_sc_16_cjk.c
C:\Users\Josiah\Documents\Senior Design\Code\PowerSupplyMcPowerFace\src\GUI\lv_port_pc_visual_studio\LvglPlatform\lvgl\src\misc\lv_color.h(355,32): warning C4244: 'function': conversion from 'int' to 'uint8_t', possible loss of data
  (compiling source file '../LvglPlatform/lvgl/src/font/lv_font_montserrat_8.c')
  
C:\Users\Josiah\Documents\Senior Design\Code\PowerSupplyMcPowerFace\src\GUI\lv_port_pc_visual_studio\LvglPlatform\lvgl\src\misc\lv_color.h(355,46): warning C4244: 'function': conversion from 'int' to 'uint8_t', possible loss of data
  (compiling source file '../LvglPlatform/lvgl/src/font/lv_font_montserrat_8.c')
  
C:\Users\Josiah\Documents\Senior Design\Code\PowerSupplyMcPowerFace\src\GUI\lv_port_pc_visual_studio\LvglPlatform\lvgl\src\misc\lv_color.h(355,59): warning C4244: 'function': conversion from 'int' to 'uint8_t', possible loss of data
  (compiling source file '../LvglPlatform/lvgl/src/font/lv_font_montserrat_8.c')
  
  lv_font_unscii_16.c
C:\Users\Josiah\Documents\Senior Design\Code\PowerSupplyMcPowerFace\src\GUI\lv_port_pc_visual_studio\LvglPlatform\lvgl\src\misc\lv_color.h(355,32): warning C4244: 'function': conversion from 'int' to 'uint8_t', possible loss of data
  (compiling source file '../LvglPlatform/lvgl/src/font/lv_font_source_han_sans_sc_14_cjk.c')
  
C:\Users\Josiah\Documents\Senior Design\Code\PowerSupplyMcPowerFace\src\GUI\lv_port_pc_visual_studio\LvglPlatform\lvgl\src\misc\lv_color.h(355,46): warning C4244: 'function': conversion from 'int' to 'uint8_t', possible loss of data
  (compiling source file '../LvglPlatform/lvgl/src/font/lv_font_source_han_sans_sc_14_cjk.c')
  
C:\Users\Josiah\Documents\Senior Design\Code\PowerSupplyMcPowerFace\src\GUI\lv_port_pc_visual_studio\LvglPlatform\lvgl\src\misc\lv_color.h(355,59): warning C4244: 'function': conversion from 'int' to 'uint8_t', possible loss of data
  (compiling source file '../LvglPlatform/lvgl/src/font/lv_font_source_han_sans_sc_14_cjk.c')
  
C:\Users\Josiah\Documents\Senior Design\Code\PowerSupplyMcPowerFace\src\GUI\lv_port_pc_visual_studio\LvglPlatform\lvgl\src\misc\lv_color.h(355,32): warning C4244: 'function': conversion from 'int' to 'uint8_t', possible loss of data
  (compiling source file '../LvglPlatform/lvgl/src/font/lv_font_source_han_sans_sc_16_cjk.c')
  
C:\Users\Josiah\Documents\Senior Design\Code\PowerSupplyMcPowerFace\src\GUI\lv_port_pc_visual_studio\LvglPlatform\lvgl\src\misc\lv_color.h(355,46): warning C4244: 'function': conversion from 'int' to 'uint8_t', possible loss of data
  (compiling source file '../LvglPlatform/lvgl/src/font/lv_font_source_han_sans_sc_16_cjk.c')
  
C:\Users\Josiah\Documents\Senior Design\Code\PowerSupplyMcPowerFace\src\GUI\lv_port_pc_visual_studio\LvglPlatform\lvgl\src\misc\lv_color.h(355,59): warning C4244: 'function': conversion from 'int' to 'uint8_t', possible loss of data
  (compiling source file '../LvglPlatform/lvgl/src/font/lv_font_source_han_sans_sc_16_cjk.c')
  
  lv_font_unscii_8.c
C:\Users\Josiah\Documents\Senior Design\Code\PowerSupplyMcPowerFace\src\GUI\lv_port_pc_visual_studio\LvglPlatform\lvgl\src\misc\lv_color.h(355,32): warning C4244: 'function': conversion from 'int' to 'uint8_t', possible loss of data
  (compiling source file '../LvglPlatform/lvgl/src/font/lv_font_unscii_16.c')
  
C:\Users\Josiah\Documents\Senior Design\Code\PowerSupplyMcPowerFace\src\GUI\lv_port_pc_visual_studio\LvglPlatform\lvgl\src\misc\lv_color.h(355,46): warning C4244: 'function': conversion from 'int' to 'uint8_t', possible loss of data
  (compiling source file '../LvglPlatform/lvgl/src/font/lv_font_unscii_16.c')
  
C:\Users\Josiah\Documents\Senior Design\Code\PowerSupplyMcPowerFace\src\GUI\lv_port_pc_visual_studio\LvglPlatform\lvgl\src\misc\lv_color.h(355,59): warning C4244: 'function': conversion from 'int' to 'uint8_t', possible loss of data
  (compiling source file '../LvglPlatform/lvgl/src/font/lv_font_unscii_16.c')
  
  lv_indev.c
  lv_indev_gesture.c
C:\Users\Josiah\Documents\Senior Design\Code\PowerSupplyMcPowerFace\src\GUI\lv_port_pc_visual_studio\LvglPlatform\lvgl\src\misc\lv_color.h(355,32): warning C4244: 'function': conversion from 'int' to 'uint8_t', possible loss of data
  (compiling source file '../LvglPlatform/lvgl/src/indev/lv_indev.c')
  
C:\Users\Josiah\Documents\Senior Design\Code\PowerSupplyMcPowerFace\src\GUI\lv_port_pc_visual_studio\LvglPlatform\lvgl\src\misc\lv_color.h(355,46): warning C4244: 'function': conversion from 'int' to 'uint8_t', possible loss of data
  (compiling source file '../LvglPlatform/lvgl/src/indev/lv_indev.c')
  
C:\Users\Josiah\Documents\Senior Design\Code\PowerSupplyMcPowerFace\src\GUI\lv_port_pc_visual_studio\LvglPlatform\lvgl\src\misc\lv_color.h(355,59): warning C4244: 'function': conversion from 'int' to 'uint8_t', possible loss of data
  (compiling source file '../LvglPlatform/lvgl/src/indev/lv_indev.c')
  
  lv_indev_scroll.c
C:\Users\Josiah\Documents\Senior Design\Code\PowerSupplyMcPowerFace\src\GUI\lv_port_pc_visual_studio\LvglPlatform\lvgl\src\misc\lv_color.h(355,32): warning C4244: 'function': conversion from 'int' to 'uint8_t', possible loss of data
  (compiling source file '../LvglPlatform/lvgl/src/indev/lv_indev_gesture.c')
  
C:\Users\Josiah\Documents\Senior Design\Code\PowerSupplyMcPowerFace\src\GUI\lv_port_pc_visual_studio\LvglPlatform\lvgl\src\misc\lv_color.h(355,46): warning C4244: 'function': conversion from 'int' to 'uint8_t', possible loss of data
  (compiling source file '../LvglPlatform/lvgl/src/indev/lv_indev_gesture.c')
  
C:\Users\Josiah\Documents\Senior Design\Code\PowerSupplyMcPowerFace\src\GUI\lv_port_pc_visual_studio\LvglPlatform\lvgl\src\misc\lv_color.h(355,59): warning C4244: 'function': conversion from 'int' to 'uint8_t', possible loss of data
  (compiling source file '../LvglPlatform/lvgl/src/indev/lv_indev_gesture.c')
  
C:\Users\Josiah\Documents\Senior Design\Code\PowerSupplyMcPowerFace\src\GUI\lv_port_pc_visual_studio\LvglPlatform\lvgl\src\misc\lv_color.h(355,32): warning C4244: 'function': conversion from 'int' to 'uint8_t', possible loss of data
  (compiling source file '../LvglPlatform/lvgl/src/font/lv_font_unscii_8.c')
  
C:\Users\Josiah\Documents\Senior Design\Code\PowerSupplyMcPowerFace\src\GUI\lv_port_pc_visual_studio\LvglPlatform\lvgl\src\misc\lv_color.h(355,46): warning C4244: 'function': conversion from 'int' to 'uint8_t', possible loss of data
  (compiling source file '../LvglPlatform/lvgl/src/font/lv_font_unscii_8.c')
  
C:\Users\Josiah\Documents\Senior Design\Code\PowerSupplyMcPowerFace\src\GUI\lv_port_pc_visual_studio\LvglPlatform\lvgl\src\misc\lv_color.h(355,59): warning C4244: 'function': conversion from 'int' to 'uint8_t', possible loss of data
  (compiling source file '../LvglPlatform/lvgl/src/font/lv_font_unscii_8.c')
  
  lv_flex.c
C:\Users\Josiah\Documents\Senior Design\Code\PowerSupplyMcPowerFace\src\GUI\lv_port_pc_visual_studio\LvglPlatform\lvgl\src\misc\lv_color.h(355,32): warning C4244: 'function': conversion from 'int' to 'uint8_t', possible loss of data
  (compiling source file '../LvglPlatform/lvgl/src/indev/lv_indev_scroll.c')
  
C:\Users\Josiah\Documents\Senior Design\Code\PowerSupplyMcPowerFace\src\GUI\lv_port_pc_visual_studio\LvglPlatform\lvgl\src\misc\lv_color.h(355,46): warning C4244: 'function': conversion from 'int' to 'uint8_t', possible loss of data
  (compiling source file '../LvglPlatform/lvgl/src/indev/lv_indev_scroll.c')
  
C:\Users\Josiah\Documents\Senior Design\Code\PowerSupplyMcPowerFace\src\GUI\lv_port_pc_visual_studio\LvglPlatform\lvgl\src\misc\lv_color.h(355,59): warning C4244: 'function': conversion from 'int' to 'uint8_t', possible loss of data
  (compiling source file '../LvglPlatform/lvgl/src/indev/lv_indev_scroll.c')
  
  lv_grid.c
  lv_layout.c
C:\Users\Josiah\Documents\Senior Design\Code\PowerSupplyMcPowerFace\src\GUI\lv_port_pc_visual_studio\LvglPlatform\lvgl\src\misc\lv_color.h(355,32): warning C4244: 'function': conversion from 'int' to 'uint8_t', possible loss of data
  (compiling source file '../LvglPlatform/lvgl/src/layouts/flex/lv_flex.c')
  
C:\Users\Josiah\Documents\Senior Design\Code\PowerSupplyMcPowerFace\src\GUI\lv_port_pc_visual_studio\LvglPlatform\lvgl\src\misc\lv_color.h(355,46): warning C4244: 'function': conversion from 'int' to 'uint8_t', possible loss of data
  (compiling source file '../LvglPlatform/lvgl/src/layouts/flex/lv_flex.c')
  
C:\Users\Josiah\Documents\Senior Design\Code\PowerSupplyMcPowerFace\src\GUI\lv_port_pc_visual_studio\LvglPlatform\lvgl\src\misc\lv_color.h(355,59): warning C4244: 'function': conversion from 'int' to 'uint8_t', possible loss of data
  (compiling source file '../LvglPlatform/lvgl/src/layouts/flex/lv_flex.c')
  
C:\Users\Josiah\Documents\Senior Design\Code\PowerSupplyMcPowerFace\src\GUI\lv_port_pc_visual_studio\LvglPlatform\lvgl\src\indev\lv_indev_scroll.c(72,18): warning C4244: '+=': conversion from 'int32_t' to 'int16_t', possible loss of data
C:\Users\Josiah\Documents\Senior Design\Code\PowerSupplyMcPowerFace\src\GUI\lv_port_pc_visual_studio\LvglPlatform\lvgl\src\indev\lv_indev_scroll.c(75,42): warning C4244: '=': conversion from 'int32_t' to 'int16_t', possible loss of data
C:\Users\Josiah\Documents\Senior Design\Code\PowerSupplyMcPowerFace\src\GUI\lv_port_pc_visual_studio\LvglPlatform\lvgl\src\indev\lv_indev_scroll.c(76,42): warning C4244: '=': conversion from 'int32_t' to 'int16_t', possible loss of data
C:\Users\Josiah\Documents\Senior Design\Code\PowerSupplyMcPowerFace\src\GUI\lv_port_pc_visual_studio\LvglPlatform\lvgl\src\indev\lv_indev_scroll.c(90,31): warning C4244: '=': conversion from 'int' to 'int16_t', possible loss of data
C:\Users\Josiah\Documents\Senior Design\Code\PowerSupplyMcPowerFace\src\GUI\lv_port_pc_visual_studio\LvglPlatform\lvgl\src\indev\lv_indev_scroll.c(91,31): warning C4244: '=': conversion from 'int' to 'int16_t', possible loss of data
C:\Users\Josiah\Documents\Senior Design\Code\PowerSupplyMcPowerFace\src\GUI\lv_port_pc_visual_studio\LvglPlatform\lvgl\src\indev\lv_indev_scroll.c(296,22): warning C4244: '+=': conversion from 'int32_t' to 'int16_t', possible loss of data
C:\Users\Josiah\Documents\Senior Design\Code\PowerSupplyMcPowerFace\src\GUI\lv_port_pc_visual_studio\LvglPlatform\lvgl\src\misc\lv_color.h(355,32): warning C4244: 'function': conversion from 'int' to 'uint8_t', possible loss of data
  (compiling source file '../LvglPlatform/lvgl/src/layouts/grid/lv_grid.c')
  
C:\Users\Josiah\Documents\Senior Design\Code\PowerSupplyMcPowerFace\src\GUI\lv_port_pc_visual_studio\LvglPlatform\lvgl\src\misc\lv_color.h(355,46): warning C4244: 'function': conversion from 'int' to 'uint8_t', possible loss of data
  (compiling source file '../LvglPlatform/lvgl/src/layouts/grid/lv_grid.c')
  
C:\Users\Josiah\Documents\Senior Design\Code\PowerSupplyMcPowerFace\src\GUI\lv_port_pc_visual_studio\LvglPlatform\lvgl\src\misc\lv_color.h(355,59): warning C4244: 'function': conversion from 'int' to 'uint8_t', possible loss of data
  (compiling source file '../LvglPlatform/lvgl/src/layouts/grid/lv_grid.c')
  
  code128.c
  lv_barcode.c
  lv_bin_decoder.c
C:\Users\Josiah\Documents\Senior Design\Code\PowerSupplyMcPowerFace\src\GUI\lv_port_pc_visual_studio\LvglPlatform\lvgl\src\misc\lv_color.h(355,32): warning C4244: 'function': conversion from 'int' to 'uint8_t', possible loss of data
  (compiling source file '../LvglPlatform/lvgl/src/layouts/lv_layout.c')
  
C:\Users\Josiah\Documents\Senior Design\Code\PowerSupplyMcPowerFace\src\GUI\lv_port_pc_visual_studio\LvglPlatform\lvgl\src\misc\lv_color.h(355,46): warning C4244: 'function': conversion from 'int' to 'uint8_t', possible loss of data
  (compiling source file '../LvglPlatform/lvgl/src/layouts/lv_layout.c')
  
C:\Users\Josiah\Documents\Senior Design\Code\PowerSupplyMcPowerFace\src\GUI\lv_port_pc_visual_studio\LvglPlatform\lvgl\src\misc\lv_color.h(355,59): warning C4244: 'function': conversion from 'int' to 'uint8_t', possible loss of data
  (compiling source file '../LvglPlatform/lvgl/src/layouts/lv_layout.c')
  
  lv_bmp.c
C:\Users\Josiah\Documents\Senior Design\Code\PowerSupplyMcPowerFace\src\GUI\lv_port_pc_visual_studio\LvglPlatform\lvgl\src\misc\lv_color.h(355,32): warning C4244: 'function': conversion from 'int' to 'uint8_t', possible loss of data
  (compiling source file '../LvglPlatform/lvgl/src/libs/barcode/code128.c')
  
C:\Users\Josiah\Documents\Senior Design\Code\PowerSupplyMcPowerFace\src\GUI\lv_port_pc_visual_studio\LvglPlatform\lvgl\src\misc\lv_color.h(355,46): warning C4244: 'function': conversion from 'int' to 'uint8_t', possible loss of data
  (compiling source file '../LvglPlatform/lvgl/src/libs/barcode/code128.c')
  
C:\Users\Josiah\Documents\Senior Design\Code\PowerSupplyMcPowerFace\src\GUI\lv_port_pc_visual_studio\LvglPlatform\lvgl\src\misc\lv_color.h(355,59): warning C4244: 'function': conversion from 'int' to 'uint8_t', possible loss of data
  (compiling source file '../LvglPlatform/lvgl/src/libs/barcode/code128.c')
  
C:\Users\Josiah\Documents\Senior Design\Code\PowerSupplyMcPowerFace\src\GUI\lv_port_pc_visual_studio\LvglPlatform\lvgl\src\misc\lv_color.h(355,32): warning C4244: 'function': conversion from 'int' to 'uint8_t', possible loss of data
  (compiling source file '../LvglPlatform/lvgl/src/libs/barcode/lv_barcode.c')
  
C:\Users\Josiah\Documents\Senior Design\Code\PowerSupplyMcPowerFace\src\GUI\lv_port_pc_visual_studio\LvglPlatform\lvgl\src\misc\lv_color.h(355,46): warning C4244: 'function': conversion from 'int' to 'uint8_t', possible loss of data
  (compiling source file '../LvglPlatform/lvgl/src/libs/barcode/lv_barcode.c')
  
C:\Users\Josiah\Documents\Senior Design\Code\PowerSupplyMcPowerFace\src\GUI\lv_port_pc_visual_studio\LvglPlatform\lvgl\src\misc\lv_color.h(355,59): warning C4244: 'function': conversion from 'int' to 'uint8_t', possible loss of data
  (compiling source file '../LvglPlatform/lvgl/src/libs/barcode/lv_barcode.c')
  
C:\Users\Josiah\Documents\Senior Design\Code\PowerSupplyMcPowerFace\src\GUI\lv_port_pc_visual_studio\LvglPlatform\lvgl\src\misc\lv_color.h(355,32): warning C4244: 'function': conversion from 'int' to 'uint8_t', possible loss of data
  (compiling source file '../LvglPlatform/lvgl/src/libs/bmp/lv_bmp.c')
  
C:\Users\Josiah\Documents\Senior Design\Code\PowerSupplyMcPowerFace\src\GUI\lv_port_pc_visual_studio\LvglPlatform\lvgl\src\misc\lv_color.h(355,46): warning C4244: 'function': conversion from 'int' to 'uint8_t', possible loss of data
  (compiling source file '../LvglPlatform/lvgl/src/libs/bmp/lv_bmp.c')
  
C:\Users\Josiah\Documents\Senior Design\Code\PowerSupplyMcPowerFace\src\GUI\lv_port_pc_visual_studio\LvglPlatform\lvgl\src\misc\lv_color.h(355,59): warning C4244: 'function': conversion from 'int' to 'uint8_t', possible loss of data
  (compiling source file '../LvglPlatform/lvgl/src/libs/bmp/lv_bmp.c')
  
  xmlparse.c
C:\Users\Josiah\Documents\Senior Design\Code\PowerSupplyMcPowerFace\src\GUI\lv_port_pc_visual_studio\LvglPlatform\lvgl\src\misc\lv_color.h(355,32): warning C4244: 'function': conversion from 'int' to 'uint8_t', possible loss of data
  (compiling source file '../LvglPlatform/lvgl/src/libs/bin_decoder/lv_bin_decoder.c')
  
C:\Users\Josiah\Documents\Senior Design\Code\PowerSupplyMcPowerFace\src\GUI\lv_port_pc_visual_studio\LvglPlatform\lvgl\src\misc\lv_color.h(355,46): warning C4244: 'function': conversion from 'int' to 'uint8_t', possible loss of data
  (compiling source file '../LvglPlatform/lvgl/src/libs/bin_decoder/lv_bin_decoder.c')
  
C:\Users\Josiah\Documents\Senior Design\Code\PowerSupplyMcPowerFace\src\GUI\lv_port_pc_visual_studio\LvglPlatform\lvgl\src\misc\lv_color.h(355,59): warning C4244: 'function': conversion from 'int' to 'uint8_t', possible loss of data
  (compiling source file '../LvglPlatform/lvgl/src/libs/bin_decoder/lv_bin_decoder.c')
  
  xmlrole.c
  xmltok.c
  xmltok_impl.c
  xmltok_ns.c
  lv_ffmpeg.c
  lv_freetype.c
  lv_freetype_glyph.c
  lv_freetype_image.c
  lv_freetype_outline.c
  lv_ftsystem.c
  decomp_raw.c
  frogfs.c
C:\Users\Josiah\Documents\Senior Design\Code\PowerSupplyMcPowerFace\src\GUI\lv_port_pc_visual_studio\LvglPlatform\lvgl\src\misc\lv_color.h(355,32): warning C4244: 'function': conversion from 'int' to 'uint8_t', possible loss of data
  (compiling source file '../LvglPlatform/lvgl/src/libs/freetype/lv_freetype_outline.c')
  
C:\Users\Josiah\Documents\Senior Design\Code\PowerSupplyMcPowerFace\src\GUI\lv_port_pc_visual_studio\LvglPlatform\lvgl\src\misc\lv_color.h(355,46): warning C4244: 'function': conversion from 'int' to 'uint8_t', possible loss of data
  (compiling source file '../LvglPlatform/lvgl/src/libs/freetype/lv_freetype_outline.c')
  
C:\Users\Josiah\Documents\Senior Design\Code\PowerSupplyMcPowerFace\src\GUI\lv_port_pc_visual_studio\LvglPlatform\lvgl\src\misc\lv_color.h(355,59): warning C4244: 'function': conversion from 'int' to 'uint8_t', possible loss of data
  (compiling source file '../LvglPlatform/lvgl/src/libs/freetype/lv_freetype_outline.c')
  
C:\Users\Josiah\Documents\Senior Design\Code\PowerSupplyMcPowerFace\src\GUI\lv_port_pc_visual_studio\LvglPlatform\lvgl\src\misc\lv_color.h(355,32): warning C4244: 'function': conversion from 'int' to 'uint8_t', possible loss of data
  (compiling source file '../LvglPlatform/lvgl/src/libs/freetype/lv_ftsystem.c')
  
C:\Users\Josiah\Documents\Senior Design\Code\PowerSupplyMcPowerFace\src\GUI\lv_port_pc_visual_studio\LvglPlatform\lvgl\src\misc\lv_color.h(355,46): warning C4244: 'function': conversion from 'int' to 'uint8_t', possible loss of data
  (compiling source file '../LvglPlatform/lvgl/src/libs/freetype/lv_ftsystem.c')
  
C:\Users\Josiah\Documents\Senior Design\Code\PowerSupplyMcPowerFace\src\GUI\lv_port_pc_visual_studio\LvglPlatform\lvgl\src\misc\lv_color.h(355,59): warning C4244: 'function': conversion from 'int' to 'uint8_t', possible loss of data
  (compiling source file '../LvglPlatform/lvgl/src/libs/freetype/lv_ftsystem.c')
  
C:\Users\Josiah\Documents\Senior Design\Code\PowerSupplyMcPowerFace\src\GUI\lv_port_pc_visual_studio\LvglPlatform\lvgl\src\libs\frogfs\src\frogfs_format.h(63,14): warning C4200: nonstandard extension used: zero-sized array in struct/union
  (compiling source file '../LvglPlatform/lvgl/src/libs/frogfs/src/decomp_raw.c')
  
C:\Users\Josiah\Documents\Senior Design\Code\PowerSupplyMcPowerFace\src\GUI\lv_port_pc_visual_studio\LvglPlatform\lvgl\src\libs\frogfs\src\decomp_raw.c(41,23): warning C4267: '=': conversion from 'size_t' to 'long', possible loss of data
C:\Users\Josiah\Documents\Senior Design\Code\PowerSupplyMcPowerFace\src\GUI\lv_port_pc_visual_studio\LvglPlatform\lvgl\src\misc\lv_color.h(355,32): warning C4244: 'function': conversion from 'int' to 'uint8_t', possible loss of data
  (compiling source file '../LvglPlatform/lvgl/src/libs/freetype/lv_freetype_glyph.c')
  
C:\Users\Josiah\Documents\Senior Design\Code\PowerSupplyMcPowerFace\src\GUI\lv_port_pc_visual_studio\LvglPlatform\lvgl\src\misc\lv_color.h(355,46): warning C4244: 'function': conversion from 'int' to 'uint8_t', possible loss of data
  (compiling source file '../LvglPlatform/lvgl/src/libs/freetype/lv_freetype_glyph.c')
  
C:\Users\Josiah\Documents\Senior Design\Code\PowerSupplyMcPowerFace\src\GUI\lv_port_pc_visual_studio\LvglPlatform\lvgl\src\misc\lv_color.h(355,59): warning C4244: 'function': conversion from 'int' to 'uint8_t', possible loss of data
  (compiling source file '../LvglPlatform/lvgl/src/libs/freetype/lv_freetype_glyph.c')
  
  lv_fs_cbfs.c
  lv_fs_fatfs.c
C:\Users\Josiah\Documents\Senior Design\Code\PowerSupplyMcPowerFace\src\GUI\lv_port_pc_visual_studio\LvglPlatform\lvgl\src\misc\lv_color.h(355,32): warning C4244: 'function': conversion from 'int' to 'uint8_t', possible loss of data
  (compiling source file '../LvglPlatform/lvgl/src/libs/freetype/lv_freetype_image.c')
  
C:\Users\Josiah\Documents\Senior Design\Code\PowerSupplyMcPowerFace\src\GUI\lv_port_pc_visual_studio\LvglPlatform\lvgl\src\misc\lv_color.h(355,46): warning C4244: 'function': conversion from 'int' to 'uint8_t', possible loss of data
  (compiling source file '../LvglPlatform/lvgl/src/libs/freetype/lv_freetype_image.c')
  
C:\Users\Josiah\Documents\Senior Design\Code\PowerSupplyMcPowerFace\src\GUI\lv_port_pc_visual_studio\LvglPlatform\lvgl\src\misc\lv_color.h(355,59): warning C4244: 'function': conversion from 'int' to 'uint8_t', possible loss of data
  (compiling source file '../LvglPlatform/lvgl/src/libs/freetype/lv_freetype_image.c')
  
  lv_fs_frogfs.c
C:\Users\Josiah\Documents\Senior Design\Code\PowerSupplyMcPowerFace\src\GUI\lv_port_pc_visual_studio\LvglPlatform\lvgl\src\misc\lv_color.h(355,32): warning C4244: 'function': conversion from 'int' to 'uint8_t', possible loss of data
  (compiling source file '../LvglPlatform/lvgl/src/libs/fsdrv/lv_fs_fatfs.c')
  
C:\Users\Josiah\Documents\Senior Design\Code\PowerSupplyMcPowerFace\src\GUI\lv_port_pc_visual_studio\LvglPlatform\lvgl\src\misc\lv_color.h(355,46): warning C4244: 'function': conversion from 'int' to 'uint8_t', possible loss of data
  (compiling source file '../LvglPlatform/lvgl/src/libs/fsdrv/lv_fs_fatfs.c')
  
C:\Users\Josiah\Documents\Senior Design\Code\PowerSupplyMcPowerFace\src\GUI\lv_port_pc_visual_studio\LvglPlatform\lvgl\src\misc\lv_color.h(355,59): warning C4244: 'function': conversion from 'int' to 'uint8_t', possible loss of data
  (compiling source file '../LvglPlatform/lvgl/src/libs/fsdrv/lv_fs_fatfs.c')
  
  lv_fs_littlefs.c
C:\Users\Josiah\Documents\Senior Design\Code\PowerSupplyMcPowerFace\src\GUI\lv_port_pc_visual_studio\LvglPlatform\lvgl\src\misc\lv_color.h(355,32): warning C4244: 'function': conversion from 'int' to 'uint8_t', possible loss of data
  (compiling source file '../LvglPlatform/lvgl/src/libs/fsdrv/lv_fs_littlefs.c')
  
C:\Users\Josiah\Documents\Senior Design\Code\PowerSupplyMcPowerFace\src\GUI\lv_port_pc_visual_studio\LvglPlatform\lvgl\src\misc\lv_color.h(355,46): warning C4244: 'function': conversion from 'int' to 'uint8_t', possible loss of data
  (compiling source file '../LvglPlatform/lvgl/src/libs/fsdrv/lv_fs_littlefs.c')
  
C:\Users\Josiah\Documents\Senior Design\Code\PowerSupplyMcPowerFace\src\GUI\lv_port_pc_visual_studio\LvglPlatform\lvgl\src\misc\lv_color.h(355,59): warning C4244: 'function': conversion from 'int' to 'uint8_t', possible loss of data
  (compiling source file '../LvglPlatform/lvgl/src/libs/fsdrv/lv_fs_littlefs.c')
  
C:\Users\Josiah\Documents\Senior Design\Code\PowerSupplyMcPowerFace\src\GUI\lv_port_pc_visual_studio\LvglPlatform\lvgl\src\misc\lv_color.h(355,32): warning C4244: 'function': conversion from 'int' to 'uint8_t', possible loss of data
  (compiling source file '../LvglPlatform/lvgl/src/libs/fsdrv/lv_fs_frogfs.c')
  
C:\Users\Josiah\Documents\Senior Design\Code\PowerSupplyMcPowerFace\src\GUI\lv_port_pc_visual_studio\LvglPlatform\lvgl\src\misc\lv_color.h(355,46): warning C4244: 'function': conversion from 'int' to 'uint8_t', possible loss of data
  (compiling source file '../LvglPlatform/lvgl/src/libs/fsdrv/lv_fs_frogfs.c')
  
C:\Users\Josiah\Documents\Senior Design\Code\PowerSupplyMcPowerFace\src\GUI\lv_port_pc_visual_studio\LvglPlatform\lvgl\src\misc\lv_color.h(355,59): warning C4244: 'function': conversion from 'int' to 'uint8_t', possible loss of data
  (compiling source file '../LvglPlatform/lvgl/src/libs/fsdrv/lv_fs_frogfs.c')
  
  lv_fs_memfs.c
  lv_fs_posix.c
  lv_fs_stdio.c
  lv_fs_uefi.c
C:\Users\Josiah\Documents\Senior Design\Code\PowerSupplyMcPowerFace\src\GUI\lv_port_pc_visual_studio\LvglPlatform\lvgl\src\misc\lv_color.h(355,32): warning C4244: 'function': conversion from 'int' to 'uint8_t', possible loss of data
  (compiling source file '../LvglPlatform/lvgl/src/libs/fsdrv/lv_fs_memfs.c')
  
C:\Users\Josiah\Documents\Senior Design\Code\PowerSupplyMcPowerFace\src\GUI\lv_port_pc_visual_studio\LvglPlatform\lvgl\src\misc\lv_color.h(355,46): warning C4244: 'function': conversion from 'int' to 'uint8_t', possible loss of data
  (compiling source file '../LvglPlatform/lvgl/src/libs/fsdrv/lv_fs_memfs.c')
  
C:\Users\Josiah\Documents\Senior Design\Code\PowerSupplyMcPowerFace\src\GUI\lv_port_pc_visual_studio\LvglPlatform\lvgl\src\misc\lv_color.h(355,59): warning C4244: 'function': conversion from 'int' to 'uint8_t', possible loss of data
  (compiling source file '../LvglPlatform/lvgl/src/libs/fsdrv/lv_fs_memfs.c')
  
C:\Users\Josiah\Documents\Senior Design\Code\PowerSupplyMcPowerFace\src\GUI\lv_port_pc_visual_studio\LvglPlatform\lvgl\src\misc\lv_color.h(355,32): warning C4244: 'function': conversion from 'int' to 'uint8_t', possible loss of data
  (compiling source file '../LvglPlatform/lvgl/src/libs/fsdrv/lv_fs_uefi.c')
  
C:\Users\Josiah\Documents\Senior Design\Code\PowerSupplyMcPowerFace\src\GUI\lv_port_pc_visual_studio\LvglPlatform\lvgl\src\misc\lv_color.h(355,46): warning C4244: 'function': conversion from 'int' to 'uint8_t', possible loss of data
  (compiling source file '../LvglPlatform/lvgl/src/libs/fsdrv/lv_fs_uefi.c')
  
C:\Users\Josiah\Documents\Senior Design\Code\PowerSupplyMcPowerFace\src\GUI\lv_port_pc_visual_studio\LvglPlatform\lvgl\src\misc\lv_color.h(355,59): warning C4244: 'function': conversion from 'int' to 'uint8_t', possible loss of data
  (compiling source file '../LvglPlatform/lvgl/src/libs/fsdrv/lv_fs_uefi.c')
  
C:\Users\Josiah\Documents\Senior Design\Code\PowerSupplyMcPowerFace\src\GUI\lv_port_pc_visual_studio\LvglPlatform\lvgl\src\misc\lv_color.h(355,32): warning C4244: 'function': conversion from 'int' to 'uint8_t', possible loss of data
  (compiling source file '../LvglPlatform/lvgl/src/libs/fsdrv/lv_fs_posix.c')
  
C:\Users\Josiah\Documents\Senior Design\Code\PowerSupplyMcPowerFace\src\GUI\lv_port_pc_visual_studio\LvglPlatform\lvgl\src\misc\lv_color.h(355,46): warning C4244: 'function': conversion from 'int' to 'uint8_t', possible loss of data
  (compiling source file '../LvglPlatform/lvgl/src/libs/fsdrv/lv_fs_posix.c')
  
C:\Users\Josiah\Documents\Senior Design\Code\PowerSupplyMcPowerFace\src\GUI\lv_port_pc_visual_studio\LvglPlatform\lvgl\src\misc\lv_color.h(355,59): warning C4244: 'function': conversion from 'int' to 'uint8_t', possible loss of data
  (compiling source file '../LvglPlatform/lvgl/src/libs/fsdrv/lv_fs_posix.c')
  
C:\Users\Josiah\Documents\Senior Design\Code\PowerSupplyMcPowerFace\src\GUI\lv_port_pc_visual_studio\LvglPlatform\lvgl\src\misc\lv_color.h(355,32): warning C4244: 'function': conversion from 'int' to 'uint8_t', possible loss of data
  (compiling source file '../LvglPlatform/lvgl/src/libs/fsdrv/lv_fs_stdio.c')
  
C:\Users\Josiah\Documents\Senior Design\Code\PowerSupplyMcPowerFace\src\GUI\lv_port_pc_visual_studio\LvglPlatform\lvgl\src\misc\lv_color.h(355,46): warning C4244: 'function': conversion from 'int' to 'uint8_t', possible loss of data
  (compiling source file '../LvglPlatform/lvgl/src/libs/fsdrv/lv_fs_stdio.c')
  
C:\Users\Josiah\Documents\Senior Design\Code\PowerSupplyMcPowerFace\src\GUI\lv_port_pc_visual_studio\LvglPlatform\lvgl\src\misc\lv_color.h(355,59): warning C4244: 'function': conversion from 'int' to 'uint8_t', possible loss of data
  (compiling source file '../LvglPlatform/lvgl/src/libs/fsdrv/lv_fs_stdio.c')
  
  lv_fs_win32.c
  EVE_commands.c
  EVE_supplemental.c
C:\Users\Josiah\Documents\Senior Design\Code\PowerSupplyMcPowerFace\src\GUI\lv_port_pc_visual_studio\LvglPlatform\lvgl\src\layouts\lv_layout.c(71,35): warning C4018: '<=': signed/unsigned mismatch
C:\Users\Josiah\Documents\Senior Design\Code\PowerSupplyMcPowerFace\src\GUI\lv_port_pc_visual_studio\LvglPlatform\lvgl\src\indev\lv_indev.c(1494,26): warning C4244: '+=': conversion from 'int32_t' to 'int16_t', possible loss of data
C:\Users\Josiah\Documents\Senior Design\Code\PowerSupplyMcPowerFace\src\GUI\lv_port_pc_visual_studio\LvglPlatform\lvgl\src\indev\lv_indev.c(1497,50): warning C4244: '=': conversion from 'int32_t' to 'int16_t', possible loss of data
C:\Users\Josiah\Documents\Senior Design\Code\PowerSupplyMcPowerFace\src\GUI\lv_port_pc_visual_studio\LvglPlatform\lvgl\src\indev\lv_indev.c(1498,50): warning C4244: '=': conversion from 'int32_t' to 'int16_t', possible loss of data
C:\Users\Josiah\Documents\Senior Design\Code\PowerSupplyMcPowerFace\src\GUI\lv_port_pc_visual_studio\LvglPlatform\lvgl\src\indev\lv_indev.c(1512,39): warning C4244: '=': conversion from 'int' to 'int16_t', possible loss of data
C:\Users\Josiah\Documents\Senior Design\Code\PowerSupplyMcPowerFace\src\GUI\lv_port_pc_visual_studio\LvglPlatform\lvgl\src\indev\lv_indev.c(1513,39): warning C4244: '=': conversion from 'int' to 'int16_t', possible loss of data
  gif.c
C:\Users\Josiah\Documents\Senior Design\Code\PowerSupplyMcPowerFace\src\GUI\lv_port_pc_visual_studio\LvglPlatform\lvgl\src\misc\lv_color.h(355,32): warning C4244: 'function': conversion from 'int' to 'uint8_t', possible loss of data
  (compiling source file '../LvglPlatform/lvgl/src/libs/fsdrv/lv_fs_win32.c')
  
C:\Users\Josiah\Documents\Senior Design\Code\PowerSupplyMcPowerFace\src\GUI\lv_port_pc_visual_studio\LvglPlatform\lvgl\src\misc\lv_color.h(355,46): warning C4244: 'function': conversion from 'int' to 'uint8_t', possible loss of data
  (compiling source file '../LvglPlatform/lvgl/src/libs/fsdrv/lv_fs_win32.c')
  
C:\Users\Josiah\Documents\Senior Design\Code\PowerSupplyMcPowerFace\src\GUI\lv_port_pc_visual_studio\LvglPlatform\lvgl\src\misc\lv_color.h(355,59): warning C4244: 'function': conversion from 'int' to 'uint8_t', possible loss of data
  (compiling source file '../LvglPlatform/lvgl/src/libs/fsdrv/lv_fs_win32.c')
  
  lv_gif.c
C:\Users\Josiah\Documents\Senior Design\Code\PowerSupplyMcPowerFace\src\GUI\lv_port_pc_visual_studio\LvglPlatform\lvgl\src\libs\gif\AnimatedGIF\src\gif.c(1203,46): warning C4244: '=': conversion from 'int' to 'uint16_t', possible loss of data
C:\Users\Josiah\Documents\Senior Design\Code\PowerSupplyMcPowerFace\src\GUI\lv_port_pc_visual_studio\LvglPlatform\lvgl\src\libs\gif\AnimatedGIF\src\gif.c(1311,31): warning C4244: '-=': conversion from 'int' to 'uint16_t', possible loss of data
C:\Users\Josiah\Documents\Senior Design\Code\PowerSupplyMcPowerFace\src\GUI\lv_port_pc_visual_studio\LvglPlatform\lvgl\src\libs\gif\AnimatedGIF\src\gif.c(1453,79): warning C4244: '=': conversion from 'unsigned short' to 'unsigned char', possible loss of data
C:\Users\Josiah\Documents\Senior Design\Code\PowerSupplyMcPowerFace\src\GUI\lv_port_pc_visual_studio\LvglPlatform\lvgl\src\libs\gif\AnimatedGIF\src\gif.c(1463,39): warning C4310: cast truncates constant value
  chromatic.c
C:\Users\Josiah\Documents\Senior Design\Code\PowerSupplyMcPowerFace\src\GUI\lv_port_pc_visual_studio\LvglPlatform\lvgl\src\libs\gif\AnimatedGIF\src\gif.c(1470,17): warning C4244: '=': conversion from 'unsigned short' to 'unsigned char', possible loss of data
  lv_gltf_view_shader.c
  lv_gltf_ibl_sampler.c
  lv_gstreamer.c
  lv_libjpeg_turbo.c
  lv_libpng.c
  lodepng.c
  lv_lodepng.c
C:\Users\Josiah\Documents\Senior Design\Code\PowerSupplyMcPowerFace\src\GUI\lv_port_pc_visual_studio\LvglPlatform\lvgl\src\misc\lv_color.h(355,32): warning C4244: 'function': conversion from 'int' to 'uint8_t', possible loss of data
  (compiling source file '../LvglPlatform/lvgl/src/libs/libjpeg_turbo/lv_libjpeg_turbo.c')
  
C:\Users\Josiah\Documents\Senior Design\Code\PowerSupplyMcPowerFace\src\GUI\lv_port_pc_visual_studio\LvglPlatform\lvgl\src\misc\lv_color.h(355,46): warning C4244: 'function': conversion from 'int' to 'uint8_t', possible loss of data
  (compiling source file '../LvglPlatform/lvgl/src/libs/libjpeg_turbo/lv_libjpeg_turbo.c')
  
C:\Users\Josiah\Documents\Senior Design\Code\PowerSupplyMcPowerFace\src\GUI\lv_port_pc_visual_studio\LvglPlatform\lvgl\src\misc\lv_color.h(355,59): warning C4244: 'function': conversion from 'int' to 'uint8_t', possible loss of data
  (compiling source file '../LvglPlatform/lvgl/src/libs/libjpeg_turbo/lv_libjpeg_turbo.c')
  
C:\Users\Josiah\Documents\Senior Design\Code\PowerSupplyMcPowerFace\src\GUI\lv_port_pc_visual_studio\LvglPlatform\lvgl\src\misc\lv_color.h(355,32): warning C4244: 'function': conversion from 'int' to 'uint8_t', possible loss of data
  (compiling source file '../LvglPlatform/lvgl/src/libs/libpng/lv_libpng.c')
  
C:\Users\Josiah\Documents\Senior Design\Code\PowerSupplyMcPowerFace\src\GUI\lv_port_pc_visual_studio\LvglPlatform\lvgl\src\misc\lv_color.h(355,46): warning C4244: 'function': conversion from 'int' to 'uint8_t', possible loss of data
  (compiling source file '../LvglPlatform/lvgl/src/libs/libpng/lv_libpng.c')
  
C:\Users\Josiah\Documents\Senior Design\Code\PowerSupplyMcPowerFace\src\GUI\lv_port_pc_visual_studio\LvglPlatform\lvgl\src\misc\lv_color.h(355,59): warning C4244: 'function': conversion from 'int' to 'uint8_t', possible loss of data
  (compiling source file '../LvglPlatform/lvgl/src/libs/libpng/lv_libpng.c')
  
  lz4.c
  lv_qrcode.c
C:\Users\Josiah\Documents\Senior Design\Code\PowerSupplyMcPowerFace\src\GUI\lv_port_pc_visual_studio\LvglPlatform\lvgl\src\misc\lv_color.h(355,32): warning C4244: 'function': conversion from 'int' to 'uint8_t', possible loss of data
  (compiling source file '../LvglPlatform/lvgl/src/libs/lodepng/lv_lodepng.c')
  
C:\Users\Josiah\Documents\Senior Design\Code\PowerSupplyMcPowerFace\src\GUI\lv_port_pc_visual_studio\LvglPlatform\lvgl\src\misc\lv_color.h(355,46): warning C4244: 'function': conversion from 'int' to 'uint8_t', possible loss of data
  (compiling source file '../LvglPlatform/lvgl/src/libs/lodepng/lv_lodepng.c')
  
C:\Users\Josiah\Documents\Senior Design\Code\PowerSupplyMcPowerFace\src\GUI\lv_port_pc_visual_studio\LvglPlatform\lvgl\src\misc\lv_color.h(355,59): warning C4244: 'function': conversion from 'int' to 'uint8_t', possible loss of data
  (compiling source file '../LvglPlatform/lvgl/src/libs/lodepng/lv_lodepng.c')
  
  qrcodegen.c
C:\Users\Josiah\Documents\Senior Design\Code\PowerSupplyMcPowerFace\src\GUI\lv_port_pc_visual_studio\LvglPlatform\lvgl\src\misc\lv_color.h(355,32): warning C4244: 'function': conversion from 'int' to 'uint8_t', possible loss of data
  (compiling source file '../LvglPlatform/lvgl/src/libs/lodepng/lodepng.c')
  
C:\Users\Josiah\Documents\Senior Design\Code\PowerSupplyMcPowerFace\src\GUI\lv_port_pc_visual_studio\LvglPlatform\lvgl\src\misc\lv_color.h(355,46): warning C4244: 'function': conversion from 'int' to 'uint8_t', possible loss of data
  (compiling source file '../LvglPlatform/lvgl/src/libs/lodepng/lodepng.c')
  
C:\Users\Josiah\Documents\Senior Design\Code\PowerSupplyMcPowerFace\src\GUI\lv_port_pc_visual_studio\LvglPlatform\lvgl\src\misc\lv_color.h(355,59): warning C4244: 'function': conversion from 'int' to 'uint8_t', possible loss of data
  (compiling source file '../LvglPlatform/lvgl/src/libs/lodepng/lodepng.c')
  
C:\Users\Josiah\Documents\Senior Design\Code\PowerSupplyMcPowerFace\src\GUI\lv_port_pc_visual_studio\LvglPlatform\lvgl\src\misc\lv_color.h(355,32): warning C4244: 'function': conversion from 'int' to 'uint8_t', possible loss of data
  (compiling source file '../LvglPlatform/lvgl/src/libs/qrcode/lv_qrcode.c')
  
C:\Users\Josiah\Documents\Senior Design\Code\PowerSupplyMcPowerFace\src\GUI\lv_port_pc_visual_studio\LvglPlatform\lvgl\src\misc\lv_color.h(355,46): warning C4244: 'function': conversion from 'int' to 'uint8_t', possible loss of data
  (compiling source file '../LvglPlatform/lvgl/src/libs/qrcode/lv_qrcode.c')
  
C:\Users\Josiah\Documents\Senior Design\Code\PowerSupplyMcPowerFace\src\GUI\lv_port_pc_visual_studio\LvglPlatform\lvgl\src\misc\lv_color.h(355,59): warning C4244: 'function': conversion from 'int' to 'uint8_t', possible loss of data
  (compiling source file '../LvglPlatform/lvgl/src/libs/qrcode/lv_qrcode.c')
  
C:\Users\Josiah\Documents\Senior Design\Code\PowerSupplyMcPowerFace\src\GUI\lv_port_pc_visual_studio\LvglPlatform\lvgl\src\misc\lv_color.h(355,32): warning C4244: 'function': conversion from 'int' to 'uint8_t', possible loss of data
  (compiling source file '../LvglPlatform/lvgl/src/libs/qrcode/qrcodegen.c')
  
C:\Users\Josiah\Documents\Senior Design\Code\PowerSupplyMcPowerFace\src\GUI\lv_port_pc_visual_studio\LvglPlatform\lvgl\src\misc\lv_color.h(355,46): warning C4244: 'function': conversion from 'int' to 'uint8_t', possible loss of data
  (compiling source file '../LvglPlatform/lvgl/src/libs/qrcode/qrcodegen.c')
  
C:\Users\Josiah\Documents\Senior Design\Code\PowerSupplyMcPowerFace\src\GUI\lv_port_pc_visual_studio\LvglPlatform\lvgl\src\misc\lv_color.h(355,59): warning C4244: 'function': conversion from 'int' to 'uint8_t', possible loss of data
  (compiling source file '../LvglPlatform/lvgl/src/libs/qrcode/qrcodegen.c')
  
  lv_rle.c
  lv_rlottie.c
  lv_svg.c
  lv_svg_decoder.c
C:\Users\Josiah\Documents\Senior Design\Code\PowerSupplyMcPowerFace\src\GUI\lv_port_pc_visual_studio\LvglPlatform\lvgl\src\misc\lv_color.h(355,32): warning C4244: 'function': conversion from 'int' to 'uint8_t', possible loss of data
  (compiling source file '../LvglPlatform/lvgl/src/libs/rlottie/lv_rlottie.c')
  
C:\Users\Josiah\Documents\Senior Design\Code\PowerSupplyMcPowerFace\src\GUI\lv_port_pc_visual_studio\LvglPlatform\lvgl\src\misc\lv_color.h(355,46): warning C4244: 'function': conversion from 'int' to 'uint8_t', possible loss of data
  (compiling source file '../LvglPlatform/lvgl/src/libs/rlottie/lv_rlottie.c')
  
C:\Users\Josiah\Documents\Senior Design\Code\PowerSupplyMcPowerFace\src\GUI\lv_port_pc_visual_studio\LvglPlatform\lvgl\src\misc\lv_color.h(355,59): warning C4244: 'function': conversion from 'int' to 'uint8_t', possible loss of data
  (compiling source file '../LvglPlatform/lvgl/src/libs/rlottie/lv_rlottie.c')
  
  lv_svg_parser.c
  lv_svg_render.c
C:\Users\Josiah\Documents\Senior Design\Code\PowerSupplyMcPowerFace\src\GUI\lv_port_pc_visual_studio\LvglPlatform\lvgl\src\misc\lv_color.h(355,32): warning C4244: 'function': conversion from 'int' to 'uint8_t', possible loss of data
  (compiling source file '../LvglPlatform/lvgl/src/libs/svg/lv_svg_decoder.c')
  
C:\Users\Josiah\Documents\Senior Design\Code\PowerSupplyMcPowerFace\src\GUI\lv_port_pc_visual_studio\LvglPlatform\lvgl\src\misc\lv_color.h(355,46): warning C4244: 'function': conversion from 'int' to 'uint8_t', possible loss of data
  (compiling source file '../LvglPlatform/lvgl/src/libs/svg/lv_svg_decoder.c')
  
C:\Users\Josiah\Documents\Senior Design\Code\PowerSupplyMcPowerFace\src\GUI\lv_port_pc_visual_studio\LvglPlatform\lvgl\src\misc\lv_color.h(355,59): warning C4244: 'function': conversion from 'int' to 'uint8_t', possible loss of data
  (compiling source file '../LvglPlatform/lvgl/src/libs/svg/lv_svg_decoder.c')
  
  lv_svg_token.c
  lv_tiny_ttf.c
  lv_tjpgd.c
  tjpgd.c
  lv_vg_lite_hal.c
  vg_lite_os.c
C:\Users\Josiah\Documents\Senior Design\Code\PowerSupplyMcPowerFace\src\GUI\lv_port_pc_visual_studio\LvglPlatform\lvgl\src\misc\lv_color.h(355,32): warning C4244: 'function': conversion from 'int' to 'uint8_t', possible loss of data
  (compiling source file '../LvglPlatform/lvgl/src/libs/svg/lv_svg_render.c')
  
C:\Users\Josiah\Documents\Senior Design\Code\PowerSupplyMcPowerFace\src\GUI\lv_port_pc_visual_studio\LvglPlatform\lvgl\src\misc\lv_color.h(355,46): warning C4244: 'function': conversion from 'int' to 'uint8_t', possible loss of data
  (compiling source file '../LvglPlatform/lvgl/src/libs/svg/lv_svg_render.c')
  
C:\Users\Josiah\Documents\Senior Design\Code\PowerSupplyMcPowerFace\src\GUI\lv_port_pc_visual_studio\LvglPlatform\lvgl\src\misc\lv_color.h(355,59): warning C4244: 'function': conversion from 'int' to 'uint8_t', possible loss of data
  (compiling source file '../LvglPlatform/lvgl/src/libs/svg/lv_svg_render.c')
  
  vg_lite_kernel.c
C:\Users\Josiah\Documents\Senior Design\Code\PowerSupplyMcPowerFace\src\GUI\lv_port_pc_visual_studio\LvglPlatform\lvgl\src\misc\lv_color.h(355,32): warning C4244: 'function': conversion from 'int' to 'uint8_t', possible loss of data
  (compiling source file '../LvglPlatform/lvgl/src/libs/tjpgd/lv_tjpgd.c')
  
C:\Users\Josiah\Documents\Senior Design\Code\PowerSupplyMcPowerFace\src\GUI\lv_port_pc_visual_studio\LvglPlatform\lvgl\src\misc\lv_color.h(355,46): warning C4244: 'function': conversion from 'int' to 'uint8_t', possible loss of data
  (compiling source file '../LvglPlatform/lvgl/src/libs/tjpgd/lv_tjpgd.c')
  
C:\Users\Josiah\Documents\Senior Design\Code\PowerSupplyMcPowerFace\src\GUI\lv_port_pc_visual_studio\LvglPlatform\lvgl\src\misc\lv_color.h(355,59): warning C4244: 'function': conversion from 'int' to 'uint8_t', possible loss of data
  (compiling source file '../LvglPlatform/lvgl/src/libs/tjpgd/lv_tjpgd.c')
  
  vg_lite.c
  vg_lite_image.c
  vg_lite_matrix.c
  vg_lite_path.c
  vg_lite_stroke.c
  lv_init.c
C:\Users\Josiah\Documents\Senior Design\Code\PowerSupplyMcPowerFace\src\GUI\lv_port_pc_visual_studio\LvglPlatform\lvgl\src\misc\lv_color.h(355,32): warning C4244: 'function': conversion from 'int' to 'uint8_t', possible loss of data
  (compiling source file '../LvglPlatform/lvgl/src/lv_init.c')
  
C:\Users\Josiah\Documents\Senior Design\Code\PowerSupplyMcPowerFace\src\GUI\lv_port_pc_visual_studio\LvglPlatform\lvgl\src\misc\lv_color.h(355,46): warning C4244: 'function': conversion from 'int' to 'uint8_t', possible loss of data
  (compiling source file '../LvglPlatform/lvgl/src/lv_init.c')
  
C:\Users\Josiah\Documents\Senior Design\Code\PowerSupplyMcPowerFace\src\GUI\lv_port_pc_visual_studio\LvglPlatform\lvgl\src\misc\lv_color.h(355,59): warning C4244: 'function': conversion from 'int' to 'uint8_t', possible loss of data
  (compiling source file '../LvglPlatform/lvgl/src/lv_init.c')
  
  lv_cache_lru_ll.c
  lv_cache_lru_rb.c
  lv_cache_sc_da.c
  lv_image_cache.c
C:\Users\Josiah\Documents\Senior Design\Code\PowerSupplyMcPowerFace\src\GUI\lv_port_pc_visual_studio\LvglPlatform\lvgl\src\misc\lv_color.h(355,32): warning C4244: 'function': conversion from 'int' to 'uint8_t', possible loss of data
  (compiling source file '../LvglPlatform/lvgl/src/libs/tiny_ttf/lv_tiny_ttf.c')
  
C:\Users\Josiah\Documents\Senior Design\Code\PowerSupplyMcPowerFace\src\GUI\lv_port_pc_visual_studio\LvglPlatform\lvgl\src\misc\lv_color.h(355,46): warning C4244: 'function': conversion from 'int' to 'uint8_t', possible loss of data
  (compiling source file '../LvglPlatform/lvgl/src/libs/tiny_ttf/lv_tiny_ttf.c')
  
C:\Users\Josiah\Documents\Senior Design\Code\PowerSupplyMcPowerFace\src\GUI\lv_port_pc_visual_studio\LvglPlatform\lvgl\src\misc\lv_color.h(355,59): warning C4244: 'function': conversion from 'int' to 'uint8_t', possible loss of data
  (compiling source file '../LvglPlatform/lvgl/src/libs/tiny_ttf/lv_tiny_ttf.c')
  
C:\Users\Josiah\Documents\Senior Design\Code\PowerSupplyMcPowerFace\src\GUI\lv_port_pc_visual_studio\LvglPlatform\lvgl\src\misc\lv_color.h(355,32): warning C4244: 'function': conversion from 'int' to 'uint8_t', possible loss of data
  (compiling source file '../LvglPlatform/lvgl/src/misc/cache/instance/lv_image_cache.c')
  
C:\Users\Josiah\Documents\Senior Design\Code\PowerSupplyMcPowerFace\src\GUI\lv_port_pc_visual_studio\LvglPlatform\lvgl\src\misc\lv_color.h(355,46): warning C4244: 'function': conversion from 'int' to 'uint8_t', possible loss of data
  (compiling source file '../LvglPlatform/lvgl/src/misc/cache/instance/lv_image_cache.c')
  
C:\Users\Josiah\Documents\Senior Design\Code\PowerSupplyMcPowerFace\src\GUI\lv_port_pc_visual_studio\LvglPlatform\lvgl\src\misc\lv_color.h(355,59): warning C4244: 'function': conversion from 'int' to 'uint8_t', possible loss of data
  (compiling source file '../LvglPlatform/lvgl/src/misc/cache/instance/lv_image_cache.c')
  
  lv_image_header_cache.c
  lv_cache.c
  lv_cache_entry.c
C:\Users\Josiah\Documents\Senior Design\Code\PowerSupplyMcPowerFace\src\GUI\lv_port_pc_visual_studio\LvglPlatform\lvgl\src\misc\lv_color.h(355,32): warning C4244: 'function': conversion from 'int' to 'uint8_t', possible loss of data
  (compiling source file '../LvglPlatform/lvgl/src/misc/cache/instance/lv_image_header_cache.c')
  
C:\Users\Josiah\Documents\Senior Design\Code\PowerSupplyMcPowerFace\src\GUI\lv_port_pc_visual_studio\LvglPlatform\lvgl\src\misc\lv_color.h(355,46): warning C4244: 'function': conversion from 'int' to 'uint8_t', possible loss of data
  (compiling source file '../LvglPlatform/lvgl/src/misc/cache/instance/lv_image_header_cache.c')
  
C:\Users\Josiah\Documents\Senior Design\Code\PowerSupplyMcPowerFace\src\GUI\lv_port_pc_visual_studio\LvglPlatform\lvgl\src\misc\lv_color.h(355,59): warning C4244: 'function': conversion from 'int' to 'uint8_t', possible loss of data
  (compiling source file '../LvglPlatform/lvgl/src/misc/cache/instance/lv_image_header_cache.c')
  
  lv_anim.c
C:\Users\Josiah\Documents\Senior Design\Code\PowerSupplyMcPowerFace\src\GUI\lv_port_pc_visual_studio\LvglPlatform\lvgl\src\misc\lv_color.h(355,32): warning C4244: 'function': conversion from 'int' to 'uint8_t', possible loss of data
  (compiling source file '../LvglPlatform/lvgl/src/misc/lv_anim.c')
  
C:\Users\Josiah\Documents\Senior Design\Code\PowerSupplyMcPowerFace\src\GUI\lv_port_pc_visual_studio\LvglPlatform\lvgl\src\misc\lv_color.h(355,46): warning C4244: 'function': conversion from 'int' to 'uint8_t', possible loss of data
  (compiling source file '../LvglPlatform/lvgl/src/misc/lv_anim.c')
  
C:\Users\Josiah\Documents\Senior Design\Code\PowerSupplyMcPowerFace\src\GUI\lv_port_pc_visual_studio\LvglPlatform\lvgl\src\misc\lv_color.h(355,59): warning C4244: 'function': conversion from 'int' to 'uint8_t', possible loss of data
  (compiling source file '../LvglPlatform/lvgl/src/misc/lv_anim.c')
  
  lv_anim_timeline.c
C:\Users\Josiah\Documents\Senior Design\Code\PowerSupplyMcPowerFace\src\GUI\lv_port_pc_visual_studio\LvglPlatform\lvgl\src\misc\lv_anim_timeline.c(194,12): warning C4244: 'return': conversion from 'int32_t' to 'uint16_t', possible loss of data
  lv_area.c
  lv_array.c
C:\Users\Josiah\Documents\Senior Design\Code\PowerSupplyMcPowerFace\src\GUI\lv_port_pc_visual_studio\LvglPlatform\lvgl\src\misc\lv_color.h(355,32): warning C4244: 'function': conversion from 'int' to 'uint8_t', possible loss of data
  (compiling source file '../LvglPlatform/lvgl/src/misc/lv_area.c')
  
C:\Users\Josiah\Documents\Senior Design\Code\PowerSupplyMcPowerFace\src\GUI\lv_port_pc_visual_studio\LvglPlatform\lvgl\src\misc\lv_color.h(355,46): warning C4244: 'function': conversion from 'int' to 'uint8_t', possible loss of data
  (compiling source file '../LvglPlatform/lvgl/src/misc/lv_area.c')
  
C:\Users\Josiah\Documents\Senior Design\Code\PowerSupplyMcPowerFace\src\GUI\lv_port_pc_visual_studio\LvglPlatform\lvgl\src\misc\lv_color.h(355,59): warning C4244: 'function': conversion from 'int' to 'uint8_t', possible loss of data
  (compiling source file '../LvglPlatform/lvgl/src/misc/lv_area.c')
  
  lv_async.c
  lv_bidi.c
  lv_circle_buf.c
C:\Users\Josiah\Documents\Senior Design\Code\PowerSupplyMcPowerFace\src\GUI\lv_port_pc_visual_studio\LvglPlatform\lvgl\src\misc\lv_color.h(355,32): warning C4244: 'function': conversion from 'int' to 'uint8_t', possible loss of data
  (compiling source file '../LvglPlatform/lvgl/src/misc/lv_bidi.c')
  
C:\Users\Josiah\Documents\Senior Design\Code\PowerSupplyMcPowerFace\src\GUI\lv_port_pc_visual_studio\LvglPlatform\lvgl\src\misc\lv_color.h(355,46): warning C4244: 'function': conversion from 'int' to 'uint8_t', possible loss of data
  (compiling source file '../LvglPlatform/lvgl/src/misc/lv_bidi.c')
  
C:\Users\Josiah\Documents\Senior Design\Code\PowerSupplyMcPowerFace\src\GUI\lv_port_pc_visual_studio\LvglPlatform\lvgl\src\misc\lv_color.h(355,59): warning C4244: 'function': conversion from 'int' to 'uint8_t', possible loss of data
  (compiling source file '../LvglPlatform/lvgl/src/misc/lv_bidi.c')
  
  lv_color.c
C:\Users\Josiah\Documents\Senior Design\Code\PowerSupplyMcPowerFace\src\GUI\lv_port_pc_visual_studio\LvglPlatform\lvgl\src\misc\lv_color.h(355,32): warning C4244: 'function': conversion from 'int' to 'uint8_t', possible loss of data
  (compiling source file '../LvglPlatform/lvgl/src/misc/lv_color.c')
  
C:\Users\Josiah\Documents\Senior Design\Code\PowerSupplyMcPowerFace\src\GUI\lv_port_pc_visual_studio\LvglPlatform\lvgl\src\misc\lv_color.h(355,46): warning C4244: 'function': conversion from 'int' to 'uint8_t', possible loss of data
  (compiling source file '../LvglPlatform/lvgl/src/misc/lv_color.c')
  
C:\Users\Josiah\Documents\Senior Design\Code\PowerSupplyMcPowerFace\src\GUI\lv_port_pc_visual_studio\LvglPlatform\lvgl\src\misc\lv_color.h(355,59): warning C4244: 'function': conversion from 'int' to 'uint8_t', possible loss of data
  (compiling source file '../LvglPlatform/lvgl/src/misc/lv_color.c')
  
C:\Users\Josiah\Documents\Senior Design\Code\PowerSupplyMcPowerFace\src\GUI\lv_port_pc_visual_studio\LvglPlatform\lvgl\src\misc\lv_color.c(161,19): warning C4244: '=': conversion from 'int' to 'uint8_t', possible loss of data
C:\Users\Josiah\Documents\Senior Design\Code\PowerSupplyMcPowerFace\src\GUI\lv_port_pc_visual_studio\LvglPlatform\lvgl\src\misc\lv_color.c(162,37): warning C4244: '=': conversion from 'int' to 'uint8_t', possible loss of data
C:\Users\Josiah\Documents\Senior Design\Code\PowerSupplyMcPowerFace\src\GUI\lv_port_pc_visual_studio\LvglPlatform\lvgl\src\misc\lv_color.c(227,25): warning C4244: '=': conversion from 'int' to 'uint8_t', possible loss of data
C:\Users\Josiah\Documents\Senior Design\Code\PowerSupplyMcPowerFace\src\GUI\lv_port_pc_visual_studio\LvglPlatform\lvgl\src\misc\lv_color.c(247,13): warning C4244: '=': conversion from 'int32_t' to 'uint16_t', possible loss of data
C:\Users\Josiah\Documents\Senior Design\Code\PowerSupplyMcPowerFace\src\GUI\lv_port_pc_visual_studio\LvglPlatform\lvgl\src\misc\lv_color.c(331,36): warning C4244: '=': conversion from 'uint32_t' to 'uint16_t', possible loss of data
C:\Users\Josiah\Documents\Senior Design\Code\PowerSupplyMcPowerFace\src\GUI\lv_port_pc_visual_studio\LvglPlatform\lvgl\src\misc\lv_color.c(420,66): warning C4244: 'function': conversion from 'int' to 'lv_opa_t', possible loss of data
  lv_color_op.c
  lv_event.c
C:\Users\Josiah\Documents\Senior Design\Code\PowerSupplyMcPowerFace\src\GUI\lv_port_pc_visual_studio\LvglPlatform\lvgl\src\misc\lv_color.h(355,32): warning C4244: 'function': conversion from 'int' to 'uint8_t', possible loss of data
  (compiling source file '../LvglPlatform/lvgl/src/misc/lv_color_op.c')
  
C:\Users\Josiah\Documents\Senior Design\Code\PowerSupplyMcPowerFace\src\GUI\lv_port_pc_visual_studio\LvglPlatform\lvgl\src\misc\lv_color.h(355,46): warning C4244: 'function': conversion from 'int' to 'uint8_t', possible loss of data
  (compiling source file '../LvglPlatform/lvgl/src/misc/lv_color_op.c')
  
C:\Users\Josiah\Documents\Senior Design\Code\PowerSupplyMcPowerFace\src\GUI\lv_port_pc_visual_studio\LvglPlatform\lvgl\src\misc\lv_color.h(355,59): warning C4244: 'function': conversion from 'int' to 'uint8_t', possible loss of data
  (compiling source file '../LvglPlatform/lvgl/src/misc/lv_color_op.c')
  
C:\Users\Josiah\Documents\Senior Design\Code\PowerSupplyMcPowerFace\src\GUI\lv_port_pc_visual_studio\LvglPlatform\lvgl\src\misc\lv_color_op.c(73,25): warning C4244: '=': conversion from 'uint32_t' to 'uint8_t', possible loss of data
C:\Users\Josiah\Documents\Senior Design\Code\PowerSupplyMcPowerFace\src\GUI\lv_port_pc_visual_studio\LvglPlatform\lvgl\src\misc\lv_color_op.c(74,25): warning C4244: '=': conversion from 'uint32_t' to 'uint8_t', possible loss of data
C:\Users\Josiah\Documents\Senior Design\Code\PowerSupplyMcPowerFace\src\GUI\lv_port_pc_visual_studio\LvglPlatform\lvgl\src\misc\lv_color_op.c(75,25): warning C4244: '=': conversion from 'uint32_t' to 'uint8_t', possible loss of data
  lv_fs.c
  lv_grad.c
  lv_iter.c
C:\Users\Josiah\Documents\Senior Design\Code\PowerSupplyMcPowerFace\src\GUI\lv_port_pc_visual_studio\LvglPlatform\lvgl\src\misc\lv_color.h(355,32): warning C4244: 'function': conversion from 'int' to 'uint8_t', possible loss of data
  (compiling source file '../LvglPlatform/lvgl/src/misc/lv_grad.c')
  
C:\Users\Josiah\Documents\Senior Design\Code\PowerSupplyMcPowerFace\src\GUI\lv_port_pc_visual_studio\LvglPlatform\lvgl\src\misc\lv_color.h(355,46): warning C4244: 'function': conversion from 'int' to 'uint8_t', possible loss of data
  (compiling source file '../LvglPlatform/lvgl/src/misc/lv_grad.c')
  
C:\Users\Josiah\Documents\Senior Design\Code\PowerSupplyMcPowerFace\src\GUI\lv_port_pc_visual_studio\LvglPlatform\lvgl\src\misc\lv_color.h(355,59): warning C4244: 'function': conversion from 'int' to 'uint8_t', possible loss of data
  (compiling source file '../LvglPlatform/lvgl/src/misc/lv_grad.c')
  
C:\Users\Josiah\Documents\Senior Design\Code\PowerSupplyMcPowerFace\src\GUI\lv_port_pc_visual_studio\LvglPlatform\lvgl\src\misc\lv_grad.c(42,24): warning C4244: '=': conversion from 'int' to 'uint8_t', possible loss of data
C:\Users\Josiah\Documents\Senior Design\Code\PowerSupplyMcPowerFace\src\GUI\lv_port_pc_visual_studio\LvglPlatform\lvgl\src\misc\lv_grad.c(46,44): warning C4244: '=': conversion from 'int' to 'uint8_t', possible loss of data
C:\Users\Josiah\Documents\Senior Design\Code\PowerSupplyMcPowerFace\src\GUI\lv_port_pc_visual_studio\LvglPlatform\lvgl\src\misc\lv_grad.c(99,39): warning C4244: '=': conversion from 'int32_t' to 'int16_t', possible loss of data
C:\Users\Josiah\Documents\Senior Design\Code\PowerSupplyMcPowerFace\src\GUI\lv_port_pc_visual_studio\LvglPlatform\lvgl\src\misc\lv_grad.c(100,37): warning C4244: '=': conversion from 'int32_t' to 'int16_t', possible loss of data
C:\Users\Josiah\Documents\Senior Design\Code\PowerSupplyMcPowerFace\src\GUI\lv_port_pc_visual_studio\LvglPlatform\lvgl\src\misc\lv_color.h(355,32): warning C4244: 'function': conversion from 'int' to 'uint8_t', possible loss of data
  (compiling source file '../LvglPlatform/lvgl/src/misc/lv_event.c')
  
C:\Users\Josiah\Documents\Senior Design\Code\PowerSupplyMcPowerFace\src\GUI\lv_port_pc_visual_studio\LvglPlatform\lvgl\src\misc\lv_color.h(355,46): warning C4244: 'function': conversion from 'int' to 'uint8_t', possible loss of data
  (compiling source file '../LvglPlatform/lvgl/src/misc/lv_event.c')
  
C:\Users\Josiah\Documents\Senior Design\Code\PowerSupplyMcPowerFace\src\GUI\lv_port_pc_visual_studio\LvglPlatform\lvgl\src\misc\lv_color.h(355,59): warning C4244: 'function': conversion from 'int' to 'uint8_t', possible loss of data
  (compiling source file '../LvglPlatform/lvgl/src/misc/lv_event.c')
  
C:\Users\Josiah\Documents\Senior Design\Code\PowerSupplyMcPowerFace\src\GUI\lv_port_pc_visual_studio\LvglPlatform\lvgl\src\misc\cache\class\lv_cache_lru_ll.c(418,16): warning C4267: 'return': conversion from 'size_t' to 'uint32_t', possible loss of data
C:\Users\Josiah\Documents\Senior Design\Code\PowerSupplyMcPowerFace\src\GUI\lv_port_pc_visual_studio\LvglPlatform\lvgl\src\misc\lv_color.h(355,32): warning C4244: 'function': conversion from 'int' to 'uint8_t', possible loss of data
  (compiling source file '../LvglPlatform/lvgl/src/misc/lv_fs.c')
  
C:\Users\Josiah\Documents\Senior Design\Code\PowerSupplyMcPowerFace\src\GUI\lv_port_pc_visual_studio\LvglPlatform\lvgl\src\misc\lv_color.h(355,46): warning C4244: 'function': conversion from 'int' to 'uint8_t', possible loss of data
  (compiling source file '../LvglPlatform/lvgl/src/misc/lv_fs.c')
  
C:\Users\Josiah\Documents\Senior Design\Code\PowerSupplyMcPowerFace\src\GUI\lv_port_pc_visual_studio\LvglPlatform\lvgl\src\misc\lv_color.h(355,59): warning C4244: 'function': conversion from 'int' to 'uint8_t', possible loss of data
  (compiling source file '../LvglPlatform/lvgl/src/misc/lv_fs.c')
  
C:\Users\Josiah\Documents\Senior Design\Code\PowerSupplyMcPowerFace\src\GUI\lv_port_pc_visual_studio\LvglPlatform\lvgl\src\misc\cache\class\lv_cache_lru_rb.c(470,16): warning C4267: 'return': conversion from 'size_t' to 'uint32_t', possible loss of data
  lv_ll.c
  lv_log.c
  lv_lru.c
  lv_math.c
  lv_matrix.c
C:\Users\Josiah\Documents\Senior Design\Code\PowerSupplyMcPowerFace\src\GUI\lv_port_pc_visual_studio\LvglPlatform\lvgl\src\misc\lv_lru.c(144,51): warning C4267: 'function': conversion from 'size_t' to 'uint32_t', possible loss of data
C:\Users\Josiah\Documents\Senior Design\Code\PowerSupplyMcPowerFace\src\GUI\lv_port_pc_visual_studio\LvglPlatform\lvgl\src\misc\lv_lru.c(149,46): warning C4267: 'function': conversion from 'size_t' to 'uint32_t', possible loss of data
C:\Users\Josiah\Documents\Senior Design\Code\PowerSupplyMcPowerFace\src\GUI\lv_port_pc_visual_studio\LvglPlatform\lvgl\src\misc\lv_lru.c(194,51): warning C4267: 'function': conversion from 'size_t' to 'uint32_t', possible loss of data
C:\Users\Josiah\Documents\Senior Design\Code\PowerSupplyMcPowerFace\src\GUI\lv_port_pc_visual_studio\LvglPlatform\lvgl\src\misc\lv_lru.c(197,46): warning C4267: 'function': conversion from 'size_t' to 'uint32_t', possible loss of data
C:\Users\Josiah\Documents\Senior Design\Code\PowerSupplyMcPowerFace\src\GUI\lv_port_pc_visual_studio\LvglPlatform\lvgl\src\misc\lv_lru.c(218,51): warning C4267: 'function': conversion from 'size_t' to 'uint32_t', possible loss of data
C:\Users\Josiah\Documents\Senior Design\Code\PowerSupplyMcPowerFace\src\GUI\lv_port_pc_visual_studio\LvglPlatform\lvgl\src\misc\lv_lru.c(221,46): warning C4267: 'function': conversion from 'size_t' to 'uint32_t', possible loss of data
C:\Users\Josiah\Documents\Senior Design\Code\PowerSupplyMcPowerFace\src\GUI\lv_port_pc_visual_studio\LvglPlatform\lvgl\src\misc\lv_lru.c(237,33): warning C4245: 'initializing': conversion from 'int' to 'uint32_t', signed/unsigned mismatch
C:\Users\Josiah\Documents\Senior Design\Code\PowerSupplyMcPowerFace\src\GUI\lv_port_pc_visual_studio\LvglPlatform\lvgl\src\misc\lv_lru.c(238,33): warning C4245: 'initializing': conversion from 'int' to 'uint64_t', signed/unsigned mismatch
C:\Users\Josiah\Documents\Senior Design\Code\PowerSupplyMcPowerFace\src\GUI\lv_port_pc_visual_studio\LvglPlatform\lvgl\src\misc\lv_color.h(355,32): warning C4244: 'function': conversion from 'int' to 'uint8_t', possible loss of data
  (compiling source file '../LvglPlatform/lvgl/src/misc/lv_log.c')
  
C:\Users\Josiah\Documents\Senior Design\Code\PowerSupplyMcPowerFace\src\GUI\lv_port_pc_visual_studio\LvglPlatform\lvgl\src\misc\lv_color.h(355,46): warning C4244: 'function': conversion from 'int' to 'uint8_t', possible loss of data
  (compiling source file '../LvglPlatform/lvgl/src/misc/lv_log.c')
  
C:\Users\Josiah\Documents\Senior Design\Code\PowerSupplyMcPowerFace\src\GUI\lv_port_pc_visual_studio\LvglPlatform\lvgl\src\misc\lv_color.h(355,59): warning C4244: 'function': conversion from 'int' to 'uint8_t', possible loss of data
  (compiling source file '../LvglPlatform/lvgl/src/misc/lv_log.c')
  
C:\Users\Josiah\Documents\Senior Design\Code\PowerSupplyMcPowerFace\src\GUI\lv_port_pc_visual_studio\LvglPlatform\lvgl\src\misc\lv_color.h(355,32): warning C4244: 'function': conversion from 'int' to 'uint8_t', possible loss of data
  (compiling source file '../LvglPlatform/lvgl/src/misc/lv_math.c')
  
C:\Users\Josiah\Documents\Senior Design\Code\PowerSupplyMcPowerFace\src\GUI\lv_port_pc_visual_studio\LvglPlatform\lvgl\src\misc\lv_color.h(355,46): warning C4244: 'function': conversion from 'int' to 'uint8_t', possible loss of data
  (compiling source file '../LvglPlatform/lvgl/src/misc/lv_math.c')
  
C:\Users\Josiah\Documents\Senior Design\Code\PowerSupplyMcPowerFace\src\GUI\lv_port_pc_visual_studio\LvglPlatform\lvgl\src\misc\lv_color.h(355,59): warning C4244: 'function': conversion from 'int' to 'uint8_t', possible loss of data
  (compiling source file '../LvglPlatform/lvgl/src/misc/lv_math.c')
  
  lv_palette.c
  lv_profiler_builtin.c
  lv_profiler_builtin_posix.c
  lv_rb.c
C:\Users\Josiah\Documents\Senior Design\Code\PowerSupplyMcPowerFace\src\GUI\lv_port_pc_visual_studio\LvglPlatform\lvgl\src\misc\lv_color.h(355,32): warning C4244: 'function': conversion from 'int' to 'uint8_t', possible loss of data
  (compiling source file '../LvglPlatform/lvgl/src/misc/lv_palette.c')
  
C:\Users\Josiah\Documents\Senior Design\Code\PowerSupplyMcPowerFace\src\GUI\lv_port_pc_visual_studio\LvglPlatform\lvgl\src\misc\lv_color.h(355,46): warning C4244: 'function': conversion from 'int' to 'uint8_t', possible loss of data
  (compiling source file '../LvglPlatform/lvgl/src/misc/lv_palette.c')
  
C:\Users\Josiah\Documents\Senior Design\Code\PowerSupplyMcPowerFace\src\GUI\lv_port_pc_visual_studio\LvglPlatform\lvgl\src\misc\lv_color.h(355,59): warning C4244: 'function': conversion from 'int' to 'uint8_t', possible loss of data
  (compiling source file '../LvglPlatform/lvgl/src/misc/lv_palette.c')
  
  lv_style.c
  lv_style_gen.c
  lv_templ.c
  lv_text.c
C:\Users\Josiah\Documents\Senior Design\Code\PowerSupplyMcPowerFace\src\GUI\lv_port_pc_visual_studio\LvglPlatform\lvgl\src\misc\lv_color.h(355,32): warning C4244: 'function': conversion from 'int' to 'uint8_t', possible loss of data
  (compiling source file '../LvglPlatform/lvgl/src/misc/lv_style_gen.c')
  
C:\Users\Josiah\Documents\Senior Design\Code\PowerSupplyMcPowerFace\src\GUI\lv_port_pc_visual_studio\LvglPlatform\lvgl\src\misc\lv_color.h(355,46): warning C4244: 'function': conversion from 'int' to 'uint8_t', possible loss of data
  (compiling source file '../LvglPlatform/lvgl/src/misc/lv_style_gen.c')
  
C:\Users\Josiah\Documents\Senior Design\Code\PowerSupplyMcPowerFace\src\GUI\lv_port_pc_visual_studio\LvglPlatform\lvgl\src\misc\lv_color.h(355,59): warning C4244: 'function': conversion from 'int' to 'uint8_t', possible loss of data
  (compiling source file '../LvglPlatform/lvgl/src/misc/lv_style_gen.c')
  
C:\Users\Josiah\Documents\Senior Design\Code\PowerSupplyMcPowerFace\src\GUI\lv_port_pc_visual_studio\LvglPlatform\lvgl\src\misc\lv_color.h(355,32): warning C4244: 'function': conversion from 'int' to 'uint8_t', possible loss of data
  (compiling source file '../LvglPlatform/lvgl/src/misc/lv_profiler_builtin.c')
  
C:\Users\Josiah\Documents\Senior Design\Code\PowerSupplyMcPowerFace\src\GUI\lv_port_pc_visual_studio\LvglPlatform\lvgl\src\misc\lv_color.h(355,46): warning C4244: 'function': conversion from 'int' to 'uint8_t', possible loss of data
  (compiling source file '../LvglPlatform/lvgl/src/misc/lv_profiler_builtin.c')
  
C:\Users\Josiah\Documents\Senior Design\Code\PowerSupplyMcPowerFace\src\GUI\lv_port_pc_visual_studio\LvglPlatform\lvgl\src\misc\lv_color.h(355,59): warning C4244: 'function': conversion from 'int' to 'uint8_t', possible loss of data
  (compiling source file '../LvglPlatform/lvgl/src/misc/lv_profiler_builtin.c')
  
  lv_text_ap.c
C:\Users\Josiah\Documents\Senior Design\Code\PowerSupplyMcPowerFace\src\GUI\lv_port_pc_visual_studio\LvglPlatform\lvgl\src\misc\lv_color.h(355,32): warning C4244: 'function': conversion from 'int' to 'uint8_t', possible loss of data
  (compiling source file '../LvglPlatform/lvgl/src/misc/lv_text.c')
  
C:\Users\Josiah\Documents\Senior Design\Code\PowerSupplyMcPowerFace\src\GUI\lv_port_pc_visual_studio\LvglPlatform\lvgl\src\misc\lv_color.h(355,46): warning C4244: 'function': conversion from 'int' to 'uint8_t', possible loss of data
  (compiling source file '../LvglPlatform/lvgl/src/misc/lv_text.c')
  
C:\Users\Josiah\Documents\Senior Design\Code\PowerSupplyMcPowerFace\src\GUI\lv_port_pc_visual_studio\LvglPlatform\lvgl\src\misc\lv_color.h(355,59): warning C4244: 'function': conversion from 'int' to 'uint8_t', possible loss of data
  (compiling source file '../LvglPlatform/lvgl/src/misc/lv_text.c')
  
  lv_timer.c
C:\Users\Josiah\Documents\Senior Design\Code\PowerSupplyMcPowerFace\src\GUI\lv_port_pc_visual_studio\LvglPlatform\lvgl\src\misc\lv_color.h(355,32): warning C4244: 'function': conversion from 'int' to 'uint8_t', possible loss of data
  (compiling source file '../LvglPlatform/lvgl/src/misc/lv_text_ap.c')
  
C:\Users\Josiah\Documents\Senior Design\Code\PowerSupplyMcPowerFace\src\GUI\lv_port_pc_visual_studio\LvglPlatform\lvgl\src\misc\lv_color.h(355,46): warning C4244: 'function': conversion from 'int' to 'uint8_t', possible loss of data
  (compiling source file '../LvglPlatform/lvgl/src/misc/lv_text_ap.c')
  
C:\Users\Josiah\Documents\Senior Design\Code\PowerSupplyMcPowerFace\src\GUI\lv_port_pc_visual_studio\LvglPlatform\lvgl\src\misc\lv_color.h(355,59): warning C4244: 'function': conversion from 'int' to 'uint8_t', possible loss of data
  (compiling source file '../LvglPlatform/lvgl/src/misc/lv_text_ap.c')
  
C:\Users\Josiah\Documents\Senior Design\Code\PowerSupplyMcPowerFace\src\GUI\lv_port_pc_visual_studio\LvglPlatform\lvgl\src\misc\lv_color.h(355,32): warning C4244: 'function': conversion from 'int' to 'uint8_t', possible loss of data
  (compiling source file '../LvglPlatform/lvgl/src/misc/lv_style.c')
  
C:\Users\Josiah\Documents\Senior Design\Code\PowerSupplyMcPowerFace\src\GUI\lv_port_pc_visual_studio\LvglPlatform\lvgl\src\misc\lv_color.h(355,46): warning C4244: 'function': conversion from 'int' to 'uint8_t', possible loss of data
  (compiling source file '../LvglPlatform/lvgl/src/misc/lv_style.c')
  
C:\Users\Josiah\Documents\Senior Design\Code\PowerSupplyMcPowerFace\src\GUI\lv_port_pc_visual_studio\LvglPlatform\lvgl\src\misc\lv_color.h(355,59): warning C4244: 'function': conversion from 'int' to 'uint8_t', possible loss of data
  (compiling source file '../LvglPlatform/lvgl/src/misc/lv_style.c')
  
C:\Users\Josiah\Documents\Senior Design\Code\PowerSupplyMcPowerFace\src\GUI\lv_port_pc_visual_studio\LvglPlatform\lvgl\src\misc\lv_text.c(121,21): warning C4244: '=': conversion from 'int32_t' to 'uint16_t', possible loss of data
C:\Users\Josiah\Documents\Senior Design\Code\PowerSupplyMcPowerFace\src\GUI\lv_port_pc_visual_studio\LvglPlatform\lvgl\src\misc\lv_color.h(355,32): warning C4244: 'function': conversion from 'int' to 'uint8_t', possible loss of data
  (compiling source file '../LvglPlatform/lvgl/src/misc/lv_timer.c')
  
C:\Users\Josiah\Documents\Senior Design\Code\PowerSupplyMcPowerFace\src\GUI\lv_port_pc_visual_studio\LvglPlatform\lvgl\src\misc\lv_color.h(355,46): warning C4244: 'function': conversion from 'int' to 'uint8_t', possible loss of data
  (compiling source file '../LvglPlatform/lvgl/src/misc/lv_timer.c')
  
C:\Users\Josiah\Documents\Senior Design\Code\PowerSupplyMcPowerFace\src\GUI\lv_port_pc_visual_studio\LvglPlatform\lvgl\src\misc\lv_color.h(355,59): warning C4244: 'function': conversion from 'int' to 'uint8_t', possible loss of data
  (compiling source file '../LvglPlatform/lvgl/src/misc/lv_timer.c')
  
  lv_tree.c
  lv_utils.c
  lv_cmsis_rtos2.c
  lv_freertos.c
C:\Users\Josiah\Documents\Senior Design\Code\PowerSupplyMcPowerFace\src\GUI\lv_port_pc_visual_studio\LvglPlatform\lvgl\src\misc\lv_color.h(355,32): warning C4244: 'function': conversion from 'int' to 'uint8_t', possible loss of data
  (compiling source file '../LvglPlatform/lvgl/src/misc/lv_utils.c')
  
C:\Users\Josiah\Documents\Senior Design\Code\PowerSupplyMcPowerFace\src\GUI\lv_port_pc_visual_studio\LvglPlatform\lvgl\src\misc\lv_color.h(355,46): warning C4244: 'function': conversion from 'int' to 'uint8_t', possible loss of data
  (compiling source file '../LvglPlatform/lvgl/src/misc/lv_utils.c')
  
C:\Users\Josiah\Documents\Senior Design\Code\PowerSupplyMcPowerFace\src\GUI\lv_port_pc_visual_studio\LvglPlatform\lvgl\src\misc\lv_color.h(355,59): warning C4244: 'function': conversion from 'int' to 'uint8_t', possible loss of data
  (compiling source file '../LvglPlatform/lvgl/src/misc/lv_utils.c')
  
  lv_linux.c
C:\Users\Josiah\Documents\Senior Design\Code\PowerSupplyMcPowerFace\src\GUI\lv_port_pc_visual_studio\LvglPlatform\lvgl\src\misc\cache\lv_cache.c(55,24): warning C4267: '=': conversion from 'size_t' to 'uint32_t', possible loss of data
C:\Users\Josiah\Documents\Senior Design\Code\PowerSupplyMcPowerFace\src\GUI\lv_port_pc_visual_studio\LvglPlatform\lvgl\src\misc\cache\lv_cache.c(56,23): warning C4267: '=': conversion from 'size_t' to 'uint32_t', possible loss of data
C:\Users\Josiah\Documents\Senior Design\Code\PowerSupplyMcPowerFace\src\GUI\lv_port_pc_visual_studio\LvglPlatform\lvgl\src\misc\cache\lv_cache.c(253,23): warning C4267: '=': conversion from 'size_t' to 'uint32_t', possible loss of data
  lv_mqx.c
  lv_os.c
  lv_os_none.c
C:\Users\Josiah\Documents\Senior Design\Code\PowerSupplyMcPowerFace\src\GUI\lv_port_pc_visual_studio\LvglPlatform\lvgl\src\misc\lv_area.c(479,31): warning C4244: 'function': conversion from 'int32_t' to 'int16_t', possible loss of data
C:\Users\Josiah\Documents\Senior Design\Code\PowerSupplyMcPowerFace\src\GUI\lv_port_pc_visual_studio\LvglPlatform\lvgl\src\misc\lv_area.c(480,31): warning C4244: 'function': conversion from 'int32_t' to 'int16_t', possible loss of data
C:\Users\Josiah\Documents\Senior Design\Code\PowerSupplyMcPowerFace\src\GUI\lv_port_pc_visual_studio\LvglPlatform\lvgl\src\misc\lv_area.c(482,41): warning C4244: 'function': conversion from 'int' to 'int16_t', possible loss of data
C:\Users\Josiah\Documents\Senior Design\Code\PowerSupplyMcPowerFace\src\GUI\lv_port_pc_visual_studio\LvglPlatform\lvgl\src\misc\lv_area.c(483,42): warning C4244: 'function': conversion from 'int' to 'int16_t', possible loss of data
  lv_pthread.c
  lv_rtthread.c
  lv_sdl2.c
  lv_windows.c
  lv_file_explorer.c
  lv_font_manager.c
C:\Users\Josiah\Documents\Senior Design\Code\PowerSupplyMcPowerFace\src\GUI\lv_port_pc_visual_studio\LvglPlatform\lvgl\src\misc\lv_color.h(355,32): warning C4244: 'function': conversion from 'int' to 'uint8_t', possible loss of data
  (compiling source file '../LvglPlatform/lvgl/src/others/font_manager/lv_font_manager.c')
  
C:\Users\Josiah\Documents\Senior Design\Code\PowerSupplyMcPowerFace\src\GUI\lv_port_pc_visual_studio\LvglPlatform\lvgl\src\misc\lv_color.h(355,46): warning C4244: 'function': conversion from 'int' to 'uint8_t', possible loss of data
  (compiling source file '../LvglPlatform/lvgl/src/others/font_manager/lv_font_manager.c')
  
C:\Users\Josiah\Documents\Senior Design\Code\PowerSupplyMcPowerFace\src\GUI\lv_port_pc_visual_studio\LvglPlatform\lvgl\src\misc\lv_color.h(355,59): warning C4244: 'function': conversion from 'int' to 'uint8_t', possible loss of data
  (compiling source file '../LvglPlatform/lvgl/src/others/font_manager/lv_font_manager.c')
  
C:\Users\Josiah\Documents\Senior Design\Code\PowerSupplyMcPowerFace\src\GUI\lv_port_pc_visual_studio\LvglPlatform\lvgl\src\misc\lv_color.h(355,32): warning C4244: 'function': conversion from 'int' to 'uint8_t', possible loss of data
  (compiling source file '../LvglPlatform/lvgl/src/others/file_explorer/lv_file_explorer.c')
  
C:\Users\Josiah\Documents\Senior Design\Code\PowerSupplyMcPowerFace\src\GUI\lv_port_pc_visual_studio\LvglPlatform\lvgl\src\misc\lv_color.h(355,46): warning C4244: 'function': conversion from 'int' to 'uint8_t', possible loss of data
  (compiling source file '../LvglPlatform/lvgl/src/others/file_explorer/lv_file_explorer.c')
  
C:\Users\Josiah\Documents\Senior Design\Code\PowerSupplyMcPowerFace\src\GUI\lv_port_pc_visual_studio\LvglPlatform\lvgl\src\misc\lv_color.h(355,59): warning C4244: 'function': conversion from 'int' to 'uint8_t', possible loss of data
  (compiling source file '../LvglPlatform/lvgl/src/others/file_explorer/lv_file_explorer.c')
  
  lv_font_manager_recycle.c
  lv_fragment.c
C:\Users\Josiah\Documents\Senior Design\Code\PowerSupplyMcPowerFace\src\GUI\lv_port_pc_visual_studio\LvglPlatform\lvgl\src\misc\lv_color.h(355,32): warning C4244: 'function': conversion from 'int' to 'uint8_t', possible loss of data
  (compiling source file '../LvglPlatform/lvgl/src/others/fragment/lv_fragment.c')
  
C:\Users\Josiah\Documents\Senior Design\Code\PowerSupplyMcPowerFace\src\GUI\lv_port_pc_visual_studio\LvglPlatform\lvgl\src\misc\lv_color.h(355,46): warning C4244: 'function': conversion from 'int' to 'uint8_t', possible loss of data
  (compiling source file '../LvglPlatform/lvgl/src/others/fragment/lv_fragment.c')
  
C:\Users\Josiah\Documents\Senior Design\Code\PowerSupplyMcPowerFace\src\GUI\lv_port_pc_visual_studio\LvglPlatform\lvgl\src\misc\lv_color.h(355,59): warning C4244: 'function': conversion from 'int' to 'uint8_t', possible loss of data
  (compiling source file '../LvglPlatform/lvgl/src/others/fragment/lv_fragment.c')
  
  lv_fragment_manager.c
C:\Users\Josiah\Documents\Senior Design\Code\PowerSupplyMcPowerFace\src\GUI\lv_port_pc_visual_studio\LvglPlatform\lvgl\src\misc\lv_color.h(355,32): warning C4244: 'function': conversion from 'int' to 'uint8_t', possible loss of data
  (compiling source file '../LvglPlatform/lvgl/src/others/fragment/lv_fragment_manager.c')
  
C:\Users\Josiah\Documents\Senior Design\Code\PowerSupplyMcPowerFace\src\GUI\lv_port_pc_visual_studio\LvglPlatform\lvgl\src\misc\lv_color.h(355,46): warning C4244: 'function': conversion from 'int' to 'uint8_t', possible loss of data
  (compiling source file '../LvglPlatform/lvgl/src/others/fragment/lv_fragment_manager.c')
  
C:\Users\Josiah\Documents\Senior Design\Code\PowerSupplyMcPowerFace\src\GUI\lv_port_pc_visual_studio\LvglPlatform\lvgl\src\misc\lv_color.h(355,59): warning C4244: 'function': conversion from 'int' to 'uint8_t', possible loss of data
  (compiling source file '../LvglPlatform/lvgl/src/others/fragment/lv_fragment_manager.c')
  
  lv_gridnav.c
  lv_ime_pinyin.c
  lv_imgfont.c
C:\Users\Josiah\Documents\Senior Design\Code\PowerSupplyMcPowerFace\src\GUI\lv_port_pc_visual_studio\LvglPlatform\lvgl\src\misc\lv_color.h(355,32): warning C4244: 'function': conversion from 'int' to 'uint8_t', possible loss of data
  (compiling source file '../LvglPlatform/lvgl/src/others/gridnav/lv_gridnav.c')
  
C:\Users\Josiah\Documents\Senior Design\Code\PowerSupplyMcPowerFace\src\GUI\lv_port_pc_visual_studio\LvglPlatform\lvgl\src\misc\lv_color.h(355,46): warning C4244: 'function': conversion from 'int' to 'uint8_t', possible loss of data
  (compiling source file '../LvglPlatform/lvgl/src/others/gridnav/lv_gridnav.c')
  
C:\Users\Josiah\Documents\Senior Design\Code\PowerSupplyMcPowerFace\src\GUI\lv_port_pc_visual_studio\LvglPlatform\lvgl\src\misc\lv_color.h(355,59): warning C4244: 'function': conversion from 'int' to 'uint8_t', possible loss of data
  (compiling source file '../LvglPlatform/lvgl/src/others/gridnav/lv_gridnav.c')
  
C:\Users\Josiah\Documents\Senior Design\Code\PowerSupplyMcPowerFace\src\GUI\lv_port_pc_visual_studio\LvglPlatform\lvgl\src\misc\lv_color.h(355,32): warning C4244: 'function': conversion from 'int' to 'uint8_t', possible loss of data
  (compiling source file '../LvglPlatform/lvgl/src/others/ime/lv_ime_pinyin.c')
  
C:\Users\Josiah\Documents\Senior Design\Code\PowerSupplyMcPowerFace\src\GUI\lv_port_pc_visual_studio\LvglPlatform\lvgl\src\misc\lv_color.h(355,46): warning C4244: 'function': conversion from 'int' to 'uint8_t', possible loss of data
  (compiling source file '../LvglPlatform/lvgl/src/others/ime/lv_ime_pinyin.c')
  
C:\Users\Josiah\Documents\Senior Design\Code\PowerSupplyMcPowerFace\src\GUI\lv_port_pc_visual_studio\LvglPlatform\lvgl\src\misc\lv_color.h(355,59): warning C4244: 'function': conversion from 'int' to 'uint8_t', possible loss of data
  (compiling source file '../LvglPlatform/lvgl/src/others/ime/lv_ime_pinyin.c')
  
C:\Users\Josiah\Documents\Senior Design\Code\PowerSupplyMcPowerFace\src\GUI\lv_port_pc_visual_studio\LvglPlatform\lvgl\src\misc\lv_color.h(355,32): warning C4244: 'function': conversion from 'int' to 'uint8_t', possible loss of data
  (compiling source file '../LvglPlatform/lvgl/src/others/imgfont/lv_imgfont.c')
  
C:\Users\Josiah\Documents\Senior Design\Code\PowerSupplyMcPowerFace\src\GUI\lv_port_pc_visual_studio\LvglPlatform\lvgl\src\misc\lv_color.h(355,46): warning C4244: 'function': conversion from 'int' to 'uint8_t', possible loss of data
  (compiling source file '../LvglPlatform/lvgl/src/others/imgfont/lv_imgfont.c')
  
C:\Users\Josiah\Documents\Senior Design\Code\PowerSupplyMcPowerFace\src\GUI\lv_port_pc_visual_studio\LvglPlatform\lvgl\src\misc\lv_color.h(355,59): warning C4244: 'function': conversion from 'int' to 'uint8_t', possible loss of data
  (compiling source file '../LvglPlatform/lvgl/src/others/imgfont/lv_imgfont.c')
  
  lv_monkey.c
  lv_observer.c
C:\Users\Josiah\Documents\Senior Design\Code\PowerSupplyMcPowerFace\src\GUI\lv_port_pc_visual_studio\LvglPlatform\lvgl\src\misc\lv_fs.c(615,32): warning C4267: 'return': conversion from 'size_t' to 'int', possible loss of data
C:\Users\Josiah\Documents\Senior Design\Code\PowerSupplyMcPowerFace\src\GUI\lv_port_pc_visual_studio\LvglPlatform\lvgl\src\misc\lv_fs.c(616,31): warning C4267: 'return': conversion from 'size_t' to 'int', possible loss of data
C:\Users\Josiah\Documents\Senior Design\Code\PowerSupplyMcPowerFace\src\GUI\lv_port_pc_visual_studio\LvglPlatform\lvgl\src\misc\lv_fs.c(718,49): warning C4244: 'initializing': conversion from 'uint32_t' to 'uint16_t', possible loss of data
C:\Users\Josiah\Documents\Senior Design\Code\PowerSupplyMcPowerFace\src\GUI\lv_port_pc_visual_studio\LvglPlatform\lvgl\src\misc\lv_color.h(355,32): warning C4244: 'function': conversion from 'int' to 'uint8_t', possible loss of data
  (compiling source file '../LvglPlatform/lvgl/src/others/observer/lv_observer.c')
  
C:\Users\Josiah\Documents\Senior Design\Code\PowerSupplyMcPowerFace\src\GUI\lv_port_pc_visual_studio\LvglPlatform\lvgl\src\misc\lv_color.h(355,46): warning C4244: 'function': conversion from 'int' to 'uint8_t', possible loss of data
  (compiling source file '../LvglPlatform/lvgl/src/others/observer/lv_observer.c')
  
C:\Users\Josiah\Documents\Senior Design\Code\PowerSupplyMcPowerFace\src\GUI\lv_port_pc_visual_studio\LvglPlatform\lvgl\src\misc\lv_color.h(355,59): warning C4244: 'function': conversion from 'int' to 'uint8_t', possible loss of data
  (compiling source file '../LvglPlatform/lvgl/src/others/observer/lv_observer.c')
  
  lv_snapshot.c
C:\Users\Josiah\Documents\Senior Design\Code\PowerSupplyMcPowerFace\src\GUI\lv_port_pc_visual_studio\LvglPlatform\lvgl\src\misc\lv_color.h(355,32): warning C4244: 'function': conversion from 'int' to 'uint8_t', possible loss of data
  (compiling source file '../LvglPlatform/lvgl/src/others/snapshot/lv_snapshot.c')
  
C:\Users\Josiah\Documents\Senior Design\Code\PowerSupplyMcPowerFace\src\GUI\lv_port_pc_visual_studio\LvglPlatform\lvgl\src\misc\lv_color.h(355,46): warning C4244: 'function': conversion from 'int' to 'uint8_t', possible loss of data
  (compiling source file '../LvglPlatform/lvgl/src/others/snapshot/lv_snapshot.c')
  
C:\Users\Josiah\Documents\Senior Design\Code\PowerSupplyMcPowerFace\src\GUI\lv_port_pc_visual_studio\LvglPlatform\lvgl\src\misc\lv_color.h(355,59): warning C4244: 'function': conversion from 'int' to 'uint8_t', possible loss of data
  (compiling source file '../LvglPlatform/lvgl/src/others/snapshot/lv_snapshot.c')
  
  lv_sysmon.c
  lv_test_display.c
  lv_test_helpers.c
  lv_test_indev.c
  lv_test_indev_gesture.c
C:\Users\Josiah\Documents\Senior Design\Code\PowerSupplyMcPowerFace\src\GUI\lv_port_pc_visual_studio\LvglPlatform\lvgl\src\misc\lv_math.c(221,17): warning C4244: '=': conversion from 'uint32_t' to 'uint16_t', possible loss of data
C:\Users\Josiah\Documents\Senior Design\Code\PowerSupplyMcPowerFace\src\GUI\lv_port_pc_visual_studio\LvglPlatform\lvgl\src\misc\lv_math.c(358,18): warning C4244: '=': conversion from 'unsigned int' to 'unsigned char', possible loss of data
C:\Users\Josiah\Documents\Senior Design\Code\PowerSupplyMcPowerFace\src\GUI\lv_port_pc_visual_studio\LvglPlatform\lvgl\src\misc\lv_math.c(388,12): warning C4244: 'return': conversion from 'unsigned int' to 'uint16_t', possible loss of data
C:\Users\Josiah\Documents\Senior Design\Code\PowerSupplyMcPowerFace\src\GUI\lv_port_pc_visual_studio\LvglPlatform\lvgl\src\misc\lv_color.h(355,32): warning C4244: 'function': conversion from 'int' to 'uint8_t', possible loss of data
  (compiling source file '../LvglPlatform/lvgl/src/others/sysmon/lv_sysmon.c')
  
C:\Users\Josiah\Documents\Senior Design\Code\PowerSupplyMcPowerFace\src\GUI\lv_port_pc_visual_studio\LvglPlatform\lvgl\src\misc\lv_color.h(355,46): warning C4244: 'function': conversion from 'int' to 'uint8_t', possible loss of data
  (compiling source file '../LvglPlatform/lvgl/src/others/sysmon/lv_sysmon.c')
  
C:\Users\Josiah\Documents\Senior Design\Code\PowerSupplyMcPowerFace\src\GUI\lv_port_pc_visual_studio\LvglPlatform\lvgl\src\misc\lv_color.h(355,59): warning C4244: 'function': conversion from 'int' to 'uint8_t', possible loss of data
  (compiling source file '../LvglPlatform/lvgl/src/others/sysmon/lv_sysmon.c')
  
C:\Users\Josiah\Documents\Senior Design\Code\PowerSupplyMcPowerFace\src\GUI\lv_port_pc_visual_studio\LvglPlatform\lvgl\src\misc\lv_style.c(273,55): warning C4267: '=': conversion from 'size_t' to 'uint32_t', possible loss of data
C:\Users\Josiah\Documents\Senior Design\Code\PowerSupplyMcPowerFace\src\GUI\lv_port_pc_visual_studio\LvglPlatform\lvgl\src\misc\lv_style.c(279,12): warning C4244: 'return': conversion from 'uint32_t' to 'lv_style_prop_t', possible loss of data
C:\Users\Josiah\Documents\Senior Design\Code\PowerSupplyMcPowerFace\src\GUI\lv_port_pc_visual_studio\LvglPlatform\lvgl\src\misc\lv_style.c(284,32): warning C4244: 'return': conversion from 'uint32_t' to 'lv_style_prop_t', possible loss of data
C:\Users\Josiah\Documents\Senior Design\Code\PowerSupplyMcPowerFace\src\GUI\lv_port_pc_visual_studio\LvglPlatform\lvgl\src\misc\lv_timer.c(134,65): warning C4244: '=': conversion from 'uint32_t' to 'uint8_t', possible loss of data
  lv_test_screenshot_compare.c
  lv_translation.c
  vg_lite_matrix.c
  lv_xml.c
  lv_xml_base_types.c
  lv_xml_component.c
  lv_xml_load.c
C:\Users\Josiah\Documents\Senior Design\Code\PowerSupplyMcPowerFace\src\GUI\lv_port_pc_visual_studio\LvglPlatform\lvgl\src\misc\lv_color.h(355,32): warning C4244: 'function': conversion from 'int' to 'uint8_t', possible loss of data
  (compiling source file '../LvglPlatform/lvgl/src/osal/lv_os.c')
  
C:\Users\Josiah\Documents\Senior Design\Code\PowerSupplyMcPowerFace\src\GUI\lv_port_pc_visual_studio\LvglPlatform\lvgl\src\misc\lv_color.h(355,46): warning C4244: 'function': conversion from 'int' to 'uint8_t', possible loss of data
  (compiling source file '../LvglPlatform/lvgl/src/osal/lv_os.c')
  
C:\Users\Josiah\Documents\Senior Design\Code\PowerSupplyMcPowerFace\src\GUI\lv_port_pc_visual_studio\LvglPlatform\lvgl\src\misc\lv_color.h(355,59): warning C4244: 'function': conversion from 'int' to 'uint8_t', possible loss of data
  (compiling source file '../LvglPlatform/lvgl/src/osal/lv_os.c')
  
  lv_xml_parser.c
  lv_xml_style.c
  lv_xml_test.c
C:\Users\Josiah\Documents\Senior Design\Code\PowerSupplyMcPowerFace\src\GUI\lv_port_pc_visual_studio\LvglPlatform\lvgl\src\misc\lv_color.h(355,32): warning C4244: 'function': conversion from 'int' to 'uint8_t', possible loss of data
  (compiling source file '../LvglPlatform/lvgl/src/others/xml/lv_xml_base_types.c')
  
C:\Users\Josiah\Documents\Senior Design\Code\PowerSupplyMcPowerFace\src\GUI\lv_port_pc_visual_studio\LvglPlatform\lvgl\src\misc\lv_color.h(355,46): warning C4244: 'function': conversion from 'int' to 'uint8_t', possible loss of data
  (compiling source file '../LvglPlatform/lvgl/src/others/xml/lv_xml_base_types.c')
  
C:\Users\Josiah\Documents\Senior Design\Code\PowerSupplyMcPowerFace\src\GUI\lv_port_pc_visual_studio\LvglPlatform\lvgl\src\misc\lv_color.h(355,59): warning C4244: 'function': conversion from 'int' to 'uint8_t', possible loss of data
  (compiling source file '../LvglPlatform/lvgl/src/others/xml/lv_xml_base_types.c')
  
  lv_xml_translation.c
  lv_xml_update.c
  lv_xml_utils.c
C:\Users\Josiah\Documents\Senior Design\Code\PowerSupplyMcPowerFace\src\GUI\lv_port_pc_visual_studio\LvglPlatform\lvgl\src\misc\lv_color.h(355,32): warning C4244: 'function': conversion from 'int' to 'uint8_t', possible loss of data
  (compiling source file '../LvglPlatform/lvgl/src/others/xml/lv_xml_style.c')
  
C:\Users\Josiah\Documents\Senior Design\Code\PowerSupplyMcPowerFace\src\GUI\lv_port_pc_visual_studio\LvglPlatform\lvgl\src\misc\lv_color.h(355,46): warning C4244: 'function': conversion from 'int' to 'uint8_t', possible loss of data
  (compiling source file '../LvglPlatform/lvgl/src/others/xml/lv_xml_style.c')
  
C:\Users\Josiah\Documents\Senior Design\Code\PowerSupplyMcPowerFace\src\GUI\lv_port_pc_visual_studio\LvglPlatform\lvgl\src\misc\lv_color.h(355,59): warning C4244: 'function': conversion from 'int' to 'uint8_t', possible loss of data
  (compiling source file '../LvglPlatform/lvgl/src/others/xml/lv_xml_style.c')
  
  lv_xml_widget.c
  lv_xml_arc_parser.c
  lv_xml_bar_parser.c
  lv_xml_buttonmatrix_parser.c
  lv_xml_button_parser.c
  lv_xml_calendar_parser.c
  lv_xml_canvas_parser.c
C:\Users\Josiah\Documents\Senior Design\Code\PowerSupplyMcPowerFace\src\GUI\lv_port_pc_visual_studio\LvglPlatform\lvgl\src\misc\lv_color.h(355,32): warning C4244: 'function': conversion from 'int' to 'uint8_t', possible loss of data
  (compiling source file '../LvglPlatform/lvgl/src/others/xml/lv_xml_widget.c')
  
C:\Users\Josiah\Documents\Senior Design\Code\PowerSupplyMcPowerFace\src\GUI\lv_port_pc_visual_studio\LvglPlatform\lvgl\src\misc\lv_color.h(355,46): warning C4244: 'function': conversion from 'int' to 'uint8_t', possible loss of data
  (compiling source file '../LvglPlatform/lvgl/src/others/xml/lv_xml_widget.c')
  
C:\Users\Josiah\Documents\Senior Design\Code\PowerSupplyMcPowerFace\src\GUI\lv_port_pc_visual_studio\LvglPlatform\lvgl\src\misc\lv_color.h(355,59): warning C4244: 'function': conversion from 'int' to 'uint8_t', possible loss of data
  (compiling source file '../LvglPlatform/lvgl/src/others/xml/lv_xml_widget.c')
  
C:\Users\Josiah\Documents\Senior Design\Code\PowerSupplyMcPowerFace\src\GUI\lv_port_pc_visual_studio\LvglPlatform\lvgl\src\misc\lv_color.h(355,32): warning C4244: 'function': conversion from 'int' to 'uint8_t', possible loss of data
  (compiling source file '../LvglPlatform/lvgl/src/others/xml/lv_xml_translation.c')
  
C:\Users\Josiah\Documents\Senior Design\Code\PowerSupplyMcPowerFace\src\GUI\lv_port_pc_visual_studio\LvglPlatform\lvgl\src\misc\lv_color.h(355,46): warning C4244: 'function': conversion from 'int' to 'uint8_t', possible loss of data
  (compiling source file '../LvglPlatform/lvgl/src/others/xml/lv_xml_translation.c')
  
C:\Users\Josiah\Documents\Senior Design\Code\PowerSupplyMcPowerFace\src\GUI\lv_port_pc_visual_studio\LvglPlatform\lvgl\src\misc\lv_color.h(355,59): warning C4244: 'function': conversion from 'int' to 'uint8_t', possible loss of data
  (compiling source file '../LvglPlatform/lvgl/src/others/xml/lv_xml_translation.c')
  
  lv_xml_chart_parser.c
  lv_xml_checkbox_parser.c
  lv_xml_dropdown_parser.c
  lv_xml_image_parser.c
  lv_xml_keyboard_parser.c
  lv_xml_label_parser.c
  lv_xml_obj_parser.c
  lv_xml_qrcode_parser.c
  lv_xml_roller_parser.c
  lv_xml_scale_parser.c
  lv_xml_slider_parser.c
  lv_xml_spangroup_parser.c
  lv_xml_spinbox_parser.c
  lv_xml_switch_parser.c
  lv_xml_table_parser.c
  lv_xml_tabview_parser.c
  lv_xml_textarea_parser.c
  lv_mem_core_builtin.c
  lv_sprintf_builtin.c
  lv_string_builtin.c
  lv_tlsf.c
  lv_mem_core_clib.c
  lv_sprintf_clib.c
  lv_string_clib.c
  lv_mem.c
  lv_mem_core_micropython.c
  lv_mem_core_rtthread.c
  lv_sprintf_rtthread.c
  lv_string_rtthread.c
  lv_mem_core_uefi.c
  lv_theme_default.c
  lv_theme.c
C:\Users\Josiah\Documents\Senior Design\Code\PowerSupplyMcPowerFace\src\GUI\lv_port_pc_visual_studio\LvglPlatform\lvgl\src\misc\lv_color.h(355,32): warning C4244: 'function': conversion from 'int' to 'uint8_t', possible loss of data
  (compiling source file '../LvglPlatform/lvgl/src/stdlib/lv_mem.c')
  
C:\Users\Josiah\Documents\Senior Design\Code\PowerSupplyMcPowerFace\src\GUI\lv_port_pc_visual_studio\LvglPlatform\lvgl\src\misc\lv_color.h(355,46): warning C4244: 'function': conversion from 'int' to 'uint8_t', possible loss of data
  (compiling source file '../LvglPlatform/lvgl/src/stdlib/lv_mem.c')
  
C:\Users\Josiah\Documents\Senior Design\Code\PowerSupplyMcPowerFace\src\GUI\lv_port_pc_visual_studio\LvglPlatform\lvgl\src\misc\lv_color.h(355,59): warning C4244: 'function': conversion from 'int' to 'uint8_t', possible loss of data
  (compiling source file '../LvglPlatform/lvgl/src/stdlib/lv_mem.c')
  
  lv_theme_mono.c
  lv_theme_simple.c
  lv_tick.c
  lv_3dtexture.c
  lv_animimage.c
  lv_arclabel.c
  lv_arc.c
C:\Users\Josiah\Documents\Senior Design\Code\PowerSupplyMcPowerFace\src\GUI\lv_port_pc_visual_studio\LvglPlatform\lvgl\src\misc\lv_color.h(355,32): warning C4244: 'function': conversion from 'int' to 'uint8_t', possible loss of data
  (compiling source file '../LvglPlatform/lvgl/src/themes/mono/lv_theme_mono.c')
  
C:\Users\Josiah\Documents\Senior Design\Code\PowerSupplyMcPowerFace\src\GUI\lv_port_pc_visual_studio\LvglPlatform\lvgl\src\misc\lv_color.h(355,46): warning C4244: 'function': conversion from 'int' to 'uint8_t', possible loss of data
  (compiling source file '../LvglPlatform/lvgl/src/themes/mono/lv_theme_mono.c')
  
C:\Users\Josiah\Documents\Senior Design\Code\PowerSupplyMcPowerFace\src\GUI\lv_port_pc_visual_studio\LvglPlatform\lvgl\src\misc\lv_color.h(355,59): warning C4244: 'function': conversion from 'int' to 'uint8_t', possible loss of data
  (compiling source file '../LvglPlatform/lvgl/src/themes/mono/lv_theme_mono.c')
  
C:\Users\Josiah\Documents\Senior Design\Code\PowerSupplyMcPowerFace\src\GUI\lv_port_pc_visual_studio\LvglPlatform\lvgl\src\misc\lv_color.h(355,32): warning C4244: 'function': conversion from 'int' to 'uint8_t', possible loss of data
  (compiling source file '../LvglPlatform/lvgl/src/themes/default/lv_theme_default.c')
  
C:\Users\Josiah\Documents\Senior Design\Code\PowerSupplyMcPowerFace\src\GUI\lv_port_pc_visual_studio\LvglPlatform\lvgl\src\misc\lv_color.h(355,46): warning C4244: 'function': conversion from 'int' to 'uint8_t', possible loss of data
  (compiling source file '../LvglPlatform/lvgl/src/themes/default/lv_theme_default.c')
  
C:\Users\Josiah\Documents\Senior Design\Code\PowerSupplyMcPowerFace\src\GUI\lv_port_pc_visual_studio\LvglPlatform\lvgl\src\misc\lv_color.h(355,59): warning C4244: 'function': conversion from 'int' to 'uint8_t', possible loss of data
  (compiling source file '../LvglPlatform/lvgl/src/themes/default/lv_theme_default.c')
  
  lv_bar.c
C:\Users\Josiah\Documents\Senior Design\Code\PowerSupplyMcPowerFace\src\GUI\lv_port_pc_visual_studio\LvglPlatform\lvgl\src\misc\lv_color.h(355,32): warning C4244: 'function': conversion from 'int' to 'uint8_t', possible loss of data
  (compiling source file '../LvglPlatform/lvgl/src/tick/lv_tick.c')
  
C:\Users\Josiah\Documents\Senior Design\Code\PowerSupplyMcPowerFace\src\GUI\lv_port_pc_visual_studio\LvglPlatform\lvgl\src\misc\lv_color.h(355,46): warning C4244: 'function': conversion from 'int' to 'uint8_t', possible loss of data
  (compiling source file '../LvglPlatform/lvgl/src/tick/lv_tick.c')
  
C:\Users\Josiah\Documents\Senior Design\Code\PowerSupplyMcPowerFace\src\GUI\lv_port_pc_visual_studio\LvglPlatform\lvgl\src\misc\lv_color.h(355,59): warning C4244: 'function': conversion from 'int' to 'uint8_t', possible loss of data
  (compiling source file '../LvglPlatform/lvgl/src/tick/lv_tick.c')
  
C:\Users\Josiah\Documents\Senior Design\Code\PowerSupplyMcPowerFace\src\GUI\lv_port_pc_visual_studio\LvglPlatform\lvgl\src\misc\lv_color.h(355,32): warning C4244: 'function': conversion from 'int' to 'uint8_t', possible loss of data
  (compiling source file '../LvglPlatform/lvgl/src/themes/simple/lv_theme_simple.c')
  
C:\Users\Josiah\Documents\Senior Design\Code\PowerSupplyMcPowerFace\src\GUI\lv_port_pc_visual_studio\LvglPlatform\lvgl\src\misc\lv_color.h(355,46): warning C4244: 'function': conversion from 'int' to 'uint8_t', possible loss of data
  (compiling source file '../LvglPlatform/lvgl/src/themes/simple/lv_theme_simple.c')
  
C:\Users\Josiah\Documents\Senior Design\Code\PowerSupplyMcPowerFace\src\GUI\lv_port_pc_visual_studio\LvglPlatform\lvgl\src\misc\lv_color.h(355,59): warning C4244: 'function': conversion from 'int' to 'uint8_t', possible loss of data
  (compiling source file '../LvglPlatform/lvgl/src/themes/simple/lv_theme_simple.c')
  
C:\Users\Josiah\Documents\Senior Design\Code\PowerSupplyMcPowerFace\src\GUI\lv_port_pc_visual_studio\LvglPlatform\lvgl\src\misc\lv_color.h(355,32): warning C4244: 'function': conversion from 'int' to 'uint8_t', possible loss of data
  (compiling source file '../LvglPlatform/lvgl/src/widgets/animimage/lv_animimage.c')
  
C:\Users\Josiah\Documents\Senior Design\Code\PowerSupplyMcPowerFace\src\GUI\lv_port_pc_visual_studio\LvglPlatform\lvgl\src\misc\lv_color.h(355,46): warning C4244: 'function': conversion from 'int' to 'uint8_t', possible loss of data
  (compiling source file '../LvglPlatform/lvgl/src/widgets/animimage/lv_animimage.c')
  
C:\Users\Josiah\Documents\Senior Design\Code\PowerSupplyMcPowerFace\src\GUI\lv_port_pc_visual_studio\LvglPlatform\lvgl\src\misc\lv_color.h(355,59): warning C4244: 'function': conversion from 'int' to 'uint8_t', possible loss of data
  (compiling source file '../LvglPlatform/lvgl/src/widgets/animimage/lv_animimage.c')
  
C:\Users\Josiah\Documents\Senior Design\Code\PowerSupplyMcPowerFace\src\GUI\lv_port_pc_visual_studio\LvglPlatform\lvgl\src\misc\lv_color.h(355,32): warning C4244: 'function': conversion from 'int' to 'uint8_t', possible loss of data
  (compiling source file '../LvglPlatform/lvgl/src/widgets/arc/lv_arc.c')
  
C:\Users\Josiah\Documents\Senior Design\Code\PowerSupplyMcPowerFace\src\GUI\lv_port_pc_visual_studio\LvglPlatform\lvgl\src\misc\lv_color.h(355,46): warning C4244: 'function': conversion from 'int' to 'uint8_t', possible loss of data
  (compiling source file '../LvglPlatform/lvgl/src/widgets/arc/lv_arc.c')
  
C:\Users\Josiah\Documents\Senior Design\Code\PowerSupplyMcPowerFace\src\GUI\lv_port_pc_visual_studio\LvglPlatform\lvgl\src\misc\lv_color.h(355,59): warning C4244: 'function': conversion from 'int' to 'uint8_t', possible loss of data
  (compiling source file '../LvglPlatform/lvgl/src/widgets/arc/lv_arc.c')
  
C:\Users\Josiah\Documents\Senior Design\Code\PowerSupplyMcPowerFace\src\GUI\lv_port_pc_visual_studio\LvglPlatform\lvgl\src\misc\lv_color.h(355,32): warning C4244: 'function': conversion from 'int' to 'uint8_t', possible loss of data
  (compiling source file '../LvglPlatform/lvgl/src/widgets/bar/lv_bar.c')
  
C:\Users\Josiah\Documents\Senior Design\Code\PowerSupplyMcPowerFace\src\GUI\lv_port_pc_visual_studio\LvglPlatform\lvgl\src\misc\lv_color.h(355,46): warning C4244: 'function': conversion from 'int' to 'uint8_t', possible loss of data
  (compiling source file '../LvglPlatform/lvgl/src/widgets/bar/lv_bar.c')
  
C:\Users\Josiah\Documents\Senior Design\Code\PowerSupplyMcPowerFace\src\GUI\lv_port_pc_visual_studio\LvglPlatform\lvgl\src\misc\lv_color.h(355,59): warning C4244: 'function': conversion from 'int' to 'uint8_t', possible loss of data
  (compiling source file '../LvglPlatform/lvgl/src/widgets/bar/lv_bar.c')
  
C:\Users\Josiah\Documents\Senior Design\Code\PowerSupplyMcPowerFace\src\GUI\lv_port_pc_visual_studio\LvglPlatform\lvgl\src\misc\lv_color.h(355,32): warning C4244: 'function': conversion from 'int' to 'uint8_t', possible loss of data
  (compiling source file '../LvglPlatform/lvgl/src/themes/lv_theme.c')
  
C:\Users\Josiah\Documents\Senior Design\Code\PowerSupplyMcPowerFace\src\GUI\lv_port_pc_visual_studio\LvglPlatform\lvgl\src\misc\lv_color.h(355,46): warning C4244: 'function': conversion from 'int' to 'uint8_t', possible loss of data
  (compiling source file '../LvglPlatform/lvgl/src/themes/lv_theme.c')
  
C:\Users\Josiah\Documents\Senior Design\Code\PowerSupplyMcPowerFace\src\GUI\lv_port_pc_visual_studio\LvglPlatform\lvgl\src\misc\lv_color.h(355,59): warning C4244: 'function': conversion from 'int' to 'uint8_t', possible loss of data
  (compiling source file '../LvglPlatform/lvgl/src/themes/lv_theme.c')
  
  lv_buttonmatrix.c
  lv_button.c
C:\Users\Josiah\Documents\Senior Design\Code\PowerSupplyMcPowerFace\src\GUI\lv_port_pc_visual_studio\LvglPlatform\lvgl\src\misc\lv_color.h(355,32): warning C4244: 'function': conversion from 'int' to 'uint8_t', possible loss of data
  (compiling source file '../LvglPlatform/lvgl/src/widgets/arclabel/lv_arclabel.c')
  
C:\Users\Josiah\Documents\Senior Design\Code\PowerSupplyMcPowerFace\src\GUI\lv_port_pc_visual_studio\LvglPlatform\lvgl\src\misc\lv_color.h(355,46): warning C4244: 'function': conversion from 'int' to 'uint8_t', possible loss of data
  (compiling source file '../LvglPlatform/lvgl/src/widgets/arclabel/lv_arclabel.c')
  
C:\Users\Josiah\Documents\Senior Design\Code\PowerSupplyMcPowerFace\src\GUI\lv_port_pc_visual_studio\LvglPlatform\lvgl\src\misc\lv_color.h(355,59): warning C4244: 'function': conversion from 'int' to 'uint8_t', possible loss of data
  (compiling source file '../LvglPlatform/lvgl/src/widgets/arclabel/lv_arclabel.c')
  
C:\Users\Josiah\Documents\Senior Design\Code\PowerSupplyMcPowerFace\src\GUI\lv_port_pc_visual_studio\LvglPlatform\lvgl\src\widgets\animimage\lv_animimage.c(263,26): warning C4267: '=': conversion from 'size_t' to 'int8_t', possible loss of data
C:\Users\Josiah\Documents\Senior Design\Code\PowerSupplyMcPowerFace\src\GUI\lv_port_pc_visual_studio\LvglPlatform\lvgl\src\widgets\arc\lv_arc.c(304,24): warning C4244: '=': conversion from 'int32_t' to 'int16_t', possible loss of data
C:\Users\Josiah\Documents\Senior Design\Code\PowerSupplyMcPowerFace\src\GUI\lv_port_pc_visual_studio\LvglPlatform\lvgl\src\widgets\arc\lv_arc.c(410,50): warning C4244: 'function': conversion from 'int' to 'int16_t', possible loss of data
C:\Users\Josiah\Documents\Senior Design\Code\PowerSupplyMcPowerFace\src\GUI\lv_port_pc_visual_studio\LvglPlatform\lvgl\src\widgets\arc\lv_arc.c(411,44): warning C4244: 'function': conversion from 'int32_t' to 'int16_t', possible loss of data
C:\Users\Josiah\Documents\Senior Design\Code\PowerSupplyMcPowerFace\src\GUI\lv_port_pc_visual_studio\LvglPlatform\lvgl\src\widgets\arc\lv_arc.c(765,26): warning C4244: '=': conversion from 'int32_t' to 'uint16_t', possible loss of data
C:\Users\Josiah\Documents\Senior Design\Code\PowerSupplyMcPowerFace\src\GUI\lv_port_pc_visual_studio\LvglPlatform\lvgl\src\widgets\arc\lv_arc.c(784,26): warning C4244: '=': conversion from 'int32_t' to 'uint16_t', possible loss of data
C:\Users\Josiah\Documents\Senior Design\Code\PowerSupplyMcPowerFace\src\GUI\lv_port_pc_visual_studio\LvglPlatform\lvgl\src\widgets\arc\lv_arc.c(827,36): warning C4244: 'function': conversion from 'int32_t' to 'uint16_t', possible loss of data
C:\Users\Josiah\Documents\Senior Design\Code\PowerSupplyMcPowerFace\src\GUI\lv_port_pc_visual_studio\LvglPlatform\lvgl\src\widgets\arc\lv_arc.c(899,60): warning C4244: 'function': conversion from 'int' to 'int16_t', possible loss of data
C:\Users\Josiah\Documents\Senior Design\Code\PowerSupplyMcPowerFace\src\GUI\lv_port_pc_visual_studio\LvglPlatform\lvgl\src\widgets\arc\lv_arc.c(900,52): warning C4244: 'function': conversion from 'int32_t' to 'int16_t', possible loss of data
C:\Users\Josiah\Documents\Senior Design\Code\PowerSupplyMcPowerFace\src\GUI\lv_port_pc_visual_studio\LvglPlatform\lvgl\src\misc\lv_color.h(355,32): warning C4244: 'function': conversion from 'int' to 'uint8_t', possible loss of data
  (compiling source file '../LvglPlatform/lvgl/src/widgets/buttonmatrix/lv_buttonmatrix.c')
  
C:\Users\Josiah\Documents\Senior Design\Code\PowerSupplyMcPowerFace\src\GUI\lv_port_pc_visual_studio\LvglPlatform\lvgl\src\misc\lv_color.h(355,46): warning C4244: 'function': conversion from 'int' to 'uint8_t', possible loss of data
  (compiling source file '../LvglPlatform/lvgl/src/widgets/buttonmatrix/lv_buttonmatrix.c')
  
C:\Users\Josiah\Documents\Senior Design\Code\PowerSupplyMcPowerFace\src\GUI\lv_port_pc_visual_studio\LvglPlatform\lvgl\src\misc\lv_color.h(355,32): warning C4244: 'function': conversion from 'int' to 'uint8_t', possible loss of data
  (compiling source file '../LvglPlatform/lvgl/src/widgets/button/lv_button.c')
  
C:\Users\Josiah\Documents\Senior Design\Code\PowerSupplyMcPowerFace\src\GUI\lv_port_pc_visual_studio\LvglPlatform\lvgl\src\misc\lv_color.h(355,59): warning C4244: 'function': conversion from 'int' to 'uint8_t', possible loss of data
  (compiling source file '../LvglPlatform/lvgl/src/widgets/buttonmatrix/lv_buttonmatrix.c')
  
C:\Users\Josiah\Documents\Senior Design\Code\PowerSupplyMcPowerFace\src\GUI\lv_port_pc_visual_studio\LvglPlatform\lvgl\src\misc\lv_color.h(355,46): warning C4244: 'function': conversion from 'int' to 'uint8_t', possible loss of data
  (compiling source file '../LvglPlatform/lvgl/src/widgets/button/lv_button.c')
  
C:\Users\Josiah\Documents\Senior Design\Code\PowerSupplyMcPowerFace\src\GUI\lv_port_pc_visual_studio\LvglPlatform\lvgl\src\misc\lv_color.h(355,59): warning C4244: 'function': conversion from 'int' to 'uint8_t', possible loss of data
  (compiling source file '../LvglPlatform/lvgl/src/widgets/button/lv_button.c')
  
  lv_calendar.c
  lv_calendar_chinese.c
  lv_calendar_header_arrow.c
C:\Users\Josiah\Documents\Senior Design\Code\PowerSupplyMcPowerFace\src\GUI\lv_port_pc_visual_studio\LvglPlatform\lvgl\src\widgets\arclabel\lv_arclabel.c(472,76): warning C4244: 'function': conversion from 'const lv_value_precise_t' to 'int16_t', possible loss of data
C:\Users\Josiah\Documents\Senior Design\Code\PowerSupplyMcPowerFace\src\GUI\lv_port_pc_visual_studio\LvglPlatform\lvgl\src\widgets\arclabel\lv_arclabel.c(473,76): warning C4244: 'function': conversion from 'const lv_value_precise_t' to 'int16_t', possible loss of data
C:\Users\Josiah\Documents\Senior Design\Code\PowerSupplyMcPowerFace\src\GUI\lv_port_pc_visual_studio\LvglPlatform\lvgl\src\widgets\arclabel\lv_arclabel.c(604,25): warning C4244: '=': conversion from '__int64' to 'uint32_t', possible loss of data
C:\Users\Josiah\Documents\Senior Design\Code\PowerSupplyMcPowerFace\src\GUI\lv_port_pc_visual_studio\LvglPlatform\lvgl\src\widgets\arclabel\lv_arclabel.c(616,34): warning C4244: '=': conversion from '__int64' to 'uint32_t', possible loss of data
C:\Users\Josiah\Documents\Senior Design\Code\PowerSupplyMcPowerFace\src\GUI\lv_port_pc_visual_studio\LvglPlatform\lvgl\src\widgets\buttonmatrix\lv_buttonmatrix.c(283,16): warning C4244: 'return': conversion from 'uint32_t' to 'bool', possible loss of data
C:\Users\Josiah\Documents\Senior Design\Code\PowerSupplyMcPowerFace\src\GUI\lv_port_pc_visual_studio\LvglPlatform\lvgl\src\widgets\buttonmatrix\lv_buttonmatrix.c(576,38): warning C4244: '=': conversion from 'uint32_t' to 'int16_t', possible loss of data
  lv_calendar_header_dropdown.c
C:\Users\Josiah\Documents\Senior Design\Code\PowerSupplyMcPowerFace\src\GUI\lv_port_pc_visual_studio\LvglPlatform\lvgl\src\misc\lv_color.h(355,32): warning C4244: 'function': conversion from 'int' to 'uint8_t', possible loss of data
  (compiling source file '../LvglPlatform/lvgl/src/widgets/calendar/lv_calendar_header_arrow.c')
  
C:\Users\Josiah\Documents\Senior Design\Code\PowerSupplyMcPowerFace\src\GUI\lv_port_pc_visual_studio\LvglPlatform\lvgl\src\misc\lv_color.h(355,46): warning C4244: 'function': conversion from 'int' to 'uint8_t', possible loss of data
  (compiling source file '../LvglPlatform/lvgl/src/widgets/calendar/lv_calendar_header_arrow.c')
  
C:\Users\Josiah\Documents\Senior Design\Code\PowerSupplyMcPowerFace\src\GUI\lv_port_pc_visual_studio\LvglPlatform\lvgl\src\misc\lv_color.h(355,59): warning C4244: 'function': conversion from 'int' to 'uint8_t', possible loss of data
  (compiling source file '../LvglPlatform/lvgl/src/widgets/calendar/lv_calendar_header_arrow.c')
  
C:\Users\Josiah\Documents\Senior Design\Code\PowerSupplyMcPowerFace\src\GUI\lv_port_pc_visual_studio\LvglPlatform\lvgl\src\misc\lv_color.h(355,32): warning C4244: 'function': conversion from 'int' to 'uint8_t', possible loss of data
  (compiling source file '../LvglPlatform/lvgl/src/widgets/calendar/lv_calendar_chinese.c')
  
C:\Users\Josiah\Documents\Senior Design\Code\PowerSupplyMcPowerFace\src\GUI\lv_port_pc_visual_studio\LvglPlatform\lvgl\src\misc\lv_color.h(355,46): warning C4244: 'function': conversion from 'int' to 'uint8_t', possible loss of data
  (compiling source file '../LvglPlatform/lvgl/src/widgets/calendar/lv_calendar_chinese.c')
  
C:\Users\Josiah\Documents\Senior Design\Code\PowerSupplyMcPowerFace\src\GUI\lv_port_pc_visual_studio\LvglPlatform\lvgl\src\misc\lv_color.h(355,59): warning C4244: 'function': conversion from 'int' to 'uint8_t', possible loss of data
  (compiling source file '../LvglPlatform/lvgl/src/widgets/calendar/lv_calendar_chinese.c')
  
  lv_canvas.c
  lv_chart.c
C:\Users\Josiah\Documents\Senior Design\Code\PowerSupplyMcPowerFace\src\GUI\lv_port_pc_visual_studio\LvglPlatform\lvgl\src\misc\lv_color.h(355,32): warning C4244: 'function': conversion from 'int' to 'uint8_t', possible loss of data
  (compiling source file '../LvglPlatform/lvgl/src/widgets/calendar/lv_calendar.c')
  
C:\Users\Josiah\Documents\Senior Design\Code\PowerSupplyMcPowerFace\src\GUI\lv_port_pc_visual_studio\LvglPlatform\lvgl\src\misc\lv_color.h(355,46): warning C4244: 'function': conversion from 'int' to 'uint8_t', possible loss of data
  (compiling source file '../LvglPlatform/lvgl/src/widgets/calendar/lv_calendar.c')
  
C:\Users\Josiah\Documents\Senior Design\Code\PowerSupplyMcPowerFace\src\GUI\lv_port_pc_visual_studio\LvglPlatform\lvgl\src\misc\lv_color.h(355,59): warning C4244: 'function': conversion from 'int' to 'uint8_t', possible loss of data
  (compiling source file '../LvglPlatform/lvgl/src/widgets/calendar/lv_calendar.c')
  
C:\Users\Josiah\Documents\Senior Design\Code\PowerSupplyMcPowerFace\src\GUI\lv_port_pc_visual_studio\LvglPlatform\lvgl\src\misc\lv_color.h(355,32): warning C4244: 'function': conversion from 'int' to 'uint8_t', possible loss of data
  (compiling source file '../LvglPlatform/lvgl/src/widgets/calendar/lv_calendar_header_dropdown.c')
  
C:\Users\Josiah\Documents\Senior Design\Code\PowerSupplyMcPowerFace\src\GUI\lv_port_pc_visual_studio\LvglPlatform\lvgl\src\misc\lv_color.h(355,46): warning C4244: 'function': conversion from 'int' to 'uint8_t', possible loss of data
  (compiling source file '../LvglPlatform/lvgl/src/widgets/calendar/lv_calendar_header_dropdown.c')
  
C:\Users\Josiah\Documents\Senior Design\Code\PowerSupplyMcPowerFace\src\GUI\lv_port_pc_visual_studio\LvglPlatform\lvgl\src\misc\lv_color.h(355,59): warning C4244: 'function': conversion from 'int' to 'uint8_t', possible loss of data
  (compiling source file '../LvglPlatform/lvgl/src/widgets/calendar/lv_calendar_header_dropdown.c')
  
C:\Users\Josiah\Documents\Senior Design\Code\PowerSupplyMcPowerFace\src\GUI\lv_port_pc_visual_studio\LvglPlatform\lvgl\src\misc\lv_color.h(355,32): warning C4244: 'function': conversion from 'int' to 'uint8_t', possible loss of data
  (compiling source file '../LvglPlatform/lvgl/src/widgets/canvas/lv_canvas.c')
  
C:\Users\Josiah\Documents\Senior Design\Code\PowerSupplyMcPowerFace\src\GUI\lv_port_pc_visual_studio\LvglPlatform\lvgl\src\misc\lv_color.h(355,46): warning C4244: 'function': conversion from 'int' to 'uint8_t', possible loss of data
  (compiling source file '../LvglPlatform/lvgl/src/widgets/canvas/lv_canvas.c')
  
C:\Users\Josiah\Documents\Senior Design\Code\PowerSupplyMcPowerFace\src\GUI\lv_port_pc_visual_studio\LvglPlatform\lvgl\src\misc\lv_color.h(355,59): warning C4244: 'function': conversion from 'int' to 'uint8_t', possible loss of data
  (compiling source file '../LvglPlatform/lvgl/src/widgets/canvas/lv_canvas.c')
  
  lv_checkbox.c
C:\Users\Josiah\Documents\Senior Design\Code\PowerSupplyMcPowerFace\src\GUI\lv_port_pc_visual_studio\LvglPlatform\lvgl\src\widgets\calendar\lv_calendar_header_dropdown.c(137,22): warning C4244: '=': conversion from 'uint32_t' to 'uint8_t', possible loss of data
C:\Users\Josiah\Documents\Senior Design\Code\PowerSupplyMcPowerFace\src\GUI\lv_port_pc_visual_studio\LvglPlatform\lvgl\src\widgets\calendar\lv_calendar_header_dropdown.c(162,17): warning C4244: '=': conversion from 'const uint32_t' to 'uint16_t', possible loss of data
  lv_dropdown.c
C:\Users\Josiah\Documents\Senior Design\Code\PowerSupplyMcPowerFace\src\GUI\lv_port_pc_visual_studio\LvglPlatform\lvgl\src\misc\lv_color.h(355,32): warning C4244: 'function': conversion from 'int' to 'uint8_t', possible loss of data
  (compiling source file '../LvglPlatform/lvgl/src/widgets/chart/lv_chart.c')
  
C:\Users\Josiah\Documents\Senior Design\Code\PowerSupplyMcPowerFace\src\GUI\lv_port_pc_visual_studio\LvglPlatform\lvgl\src\misc\lv_color.h(355,46): warning C4244: 'function': conversion from 'int' to 'uint8_t', possible loss of data
  (compiling source file '../LvglPlatform/lvgl/src/widgets/chart/lv_chart.c')
  
C:\Users\Josiah\Documents\Senior Design\Code\PowerSupplyMcPowerFace\src\GUI\lv_port_pc_visual_studio\LvglPlatform\lvgl\src\misc\lv_color.h(355,59): warning C4244: 'function': conversion from 'int' to 'uint8_t', possible loss of data
  (compiling source file '../LvglPlatform/lvgl/src/widgets/chart/lv_chart.c')
  
C:\Users\Josiah\Documents\Senior Design\Code\PowerSupplyMcPowerFace\src\GUI\lv_port_pc_visual_studio\LvglPlatform\lvgl\src\misc\lv_color.h(355,32): warning C4244: 'function': conversion from 'int' to 'uint8_t', possible loss of data
  (compiling source file '../LvglPlatform/lvgl/src/widgets/checkbox/lv_checkbox.c')
  
C:\Users\Josiah\Documents\Senior Design\Code\PowerSupplyMcPowerFace\src\GUI\lv_port_pc_visual_studio\LvglPlatform\lvgl\src\misc\lv_color.h(355,46): warning C4244: 'function': conversion from 'int' to 'uint8_t', possible loss of data
  (compiling source file '../LvglPlatform/lvgl/src/widgets/checkbox/lv_checkbox.c')
  
C:\Users\Josiah\Documents\Senior Design\Code\PowerSupplyMcPowerFace\src\GUI\lv_port_pc_visual_studio\LvglPlatform\lvgl\src\misc\lv_color.h(355,59): warning C4244: 'function': conversion from 'int' to 'uint8_t', possible loss of data
  (compiling source file '../LvglPlatform/lvgl/src/widgets/checkbox/lv_checkbox.c')
  
C:\Users\Josiah\Documents\Senior Design\Code\PowerSupplyMcPowerFace\src\GUI\lv_port_pc_visual_studio\LvglPlatform\lvgl\src\misc\lv_color.h(355,32): warning C4244: 'function': conversion from 'int' to 'uint8_t', possible loss of data
  (compiling source file '../LvglPlatform/lvgl/src/widgets/dropdown/lv_dropdown.c')
  
C:\Users\Josiah\Documents\Senior Design\Code\PowerSupplyMcPowerFace\src\GUI\lv_port_pc_visual_studio\LvglPlatform\lvgl\src\misc\lv_color.h(355,46): warning C4244: 'function': conversion from 'int' to 'uint8_t', possible loss of data
  (compiling source file '../LvglPlatform/lvgl/src/widgets/dropdown/lv_dropdown.c')
  
C:\Users\Josiah\Documents\Senior Design\Code\PowerSupplyMcPowerFace\src\GUI\lv_port_pc_visual_studio\LvglPlatform\lvgl\src\misc\lv_color.h(355,59): warning C4244: 'function': conversion from 'int' to 'uint8_t', possible loss of data
  (compiling source file '../LvglPlatform/lvgl/src/widgets/dropdown/lv_dropdown.c')
  
  lv_imagebutton.c
  lv_image.c
  lv_keyboard.c
C:\Users\Josiah\Documents\Senior Design\Code\PowerSupplyMcPowerFace\src\GUI\lv_port_pc_visual_studio\LvglPlatform\lvgl\src\misc\lv_color.h(355,32): warning C4244: 'function': conversion from 'int' to 'uint8_t', possible loss of data
  (compiling source file '../LvglPlatform/lvgl/src/widgets/imagebutton/lv_imagebutton.c')
  
C:\Users\Josiah\Documents\Senior Design\Code\PowerSupplyMcPowerFace\src\GUI\lv_port_pc_visual_studio\LvglPlatform\lvgl\src\misc\lv_color.h(355,46): warning C4244: 'function': conversion from 'int' to 'uint8_t', possible loss of data
  (compiling source file '../LvglPlatform/lvgl/src/widgets/imagebutton/lv_imagebutton.c')
  
C:\Users\Josiah\Documents\Senior Design\Code\PowerSupplyMcPowerFace\src\GUI\lv_port_pc_visual_studio\LvglPlatform\lvgl\src\misc\lv_color.h(355,59): warning C4244: 'function': conversion from 'int' to 'uint8_t', possible loss of data
  (compiling source file '../LvglPlatform/lvgl/src/widgets/imagebutton/lv_imagebutton.c')
  
  lv_label.c
C:\Users\Josiah\Documents\Senior Design\Code\PowerSupplyMcPowerFace\src\GUI\lv_port_pc_visual_studio\LvglPlatform\lvgl\src\misc\lv_color.h(355,32): warning C4244: 'function': conversion from 'int' to 'uint8_t', possible loss of data
  (compiling source file '../LvglPlatform/lvgl/src/widgets/label/lv_label.c')
  
C:\Users\Josiah\Documents\Senior Design\Code\PowerSupplyMcPowerFace\src\GUI\lv_port_pc_visual_studio\LvglPlatform\lvgl\src\misc\lv_color.h(355,46): warning C4244: 'function': conversion from 'int' to 'uint8_t', possible loss of data
  (compiling source file '../LvglPlatform/lvgl/src/widgets/label/lv_label.c')
  
C:\Users\Josiah\Documents\Senior Design\Code\PowerSupplyMcPowerFace\src\GUI\lv_port_pc_visual_studio\LvglPlatform\lvgl\src\misc\lv_color.h(355,59): warning C4244: 'function': conversion from 'int' to 'uint8_t', possible loss of data
  (compiling source file '../LvglPlatform/lvgl/src/widgets/label/lv_label.c')
  
C:\Users\Josiah\Documents\Senior Design\Code\PowerSupplyMcPowerFace\src\GUI\lv_port_pc_visual_studio\LvglPlatform\lvgl\src\misc\lv_color.h(355,32): warning C4244: 'function': conversion from 'int' to 'uint8_t', possible loss of data
  (compiling source file '../LvglPlatform/lvgl/src/widgets/image/lv_image.c')
  
C:\Users\Josiah\Documents\Senior Design\Code\PowerSupplyMcPowerFace\src\GUI\lv_port_pc_visual_studio\LvglPlatform\lvgl\src\misc\lv_color.h(355,46): warning C4244: 'function': conversion from 'int' to 'uint8_t', possible loss of data
  (compiling source file '../LvglPlatform/lvgl/src/widgets/image/lv_image.c')
  
C:\Users\Josiah\Documents\Senior Design\Code\PowerSupplyMcPowerFace\src\GUI\lv_port_pc_visual_studio\LvglPlatform\lvgl\src\misc\lv_color.h(355,59): warning C4244: 'function': conversion from 'int' to 'uint8_t', possible loss of data
  (compiling source file '../LvglPlatform/lvgl/src/widgets/image/lv_image.c')
  
C:\Users\Josiah\Documents\Senior Design\Code\PowerSupplyMcPowerFace\src\GUI\lv_port_pc_visual_studio\LvglPlatform\lvgl\src\misc\lv_color.h(355,32): warning C4244: 'function': conversion from 'int' to 'uint8_t', possible loss of data
  (compiling source file '../LvglPlatform/lvgl/src/widgets/keyboard/lv_keyboard.c')
  
C:\Users\Josiah\Documents\Senior Design\Code\PowerSupplyMcPowerFace\src\GUI\lv_port_pc_visual_studio\LvglPlatform\lvgl\src\misc\lv_color.h(355,46): warning C4244: 'function': conversion from 'int' to 'uint8_t', possible loss of data
  (compiling source file '../LvglPlatform/lvgl/src/widgets/keyboard/lv_keyboard.c')
  
C:\Users\Josiah\Documents\Senior Design\Code\PowerSupplyMcPowerFace\src\GUI\lv_port_pc_visual_studio\LvglPlatform\lvgl\src\misc\lv_color.h(355,59): warning C4244: 'function': conversion from 'int' to 'uint8_t', possible loss of data
  (compiling source file '../LvglPlatform/lvgl/src/widgets/keyboard/lv_keyboard.c')
  
  lv_led.c
  lv_line.c
C:\Users\Josiah\Documents\Senior Design\Code\PowerSupplyMcPowerFace\src\GUI\lv_port_pc_visual_studio\LvglPlatform\lvgl\src\misc\lv_color.h(355,32): warning C4244: 'function': conversion from 'int' to 'uint8_t', possible loss of data
  (compiling source file '../LvglPlatform/lvgl/src/widgets/led/lv_led.c')
  
C:\Users\Josiah\Documents\Senior Design\Code\PowerSupplyMcPowerFace\src\GUI\lv_port_pc_visual_studio\LvglPlatform\lvgl\src\misc\lv_color.h(355,46): warning C4244: 'function': conversion from 'int' to 'uint8_t', possible loss of data
  (compiling source file '../LvglPlatform/lvgl/src/widgets/led/lv_led.c')
  
C:\Users\Josiah\Documents\Senior Design\Code\PowerSupplyMcPowerFace\src\GUI\lv_port_pc_visual_studio\LvglPlatform\lvgl\src\misc\lv_color.h(355,59): warning C4244: 'function': conversion from 'int' to 'uint8_t', possible loss of data
  (compiling source file '../LvglPlatform/lvgl/src/widgets/led/lv_led.c')
  
C:\Users\Josiah\Documents\Senior Design\Code\PowerSupplyMcPowerFace\src\GUI\lv_port_pc_visual_studio\LvglPlatform\lvgl\src\misc\lv_color.h(355,32): warning C4244: 'function': conversion from 'int' to 'uint8_t', possible loss of data
  (compiling source file '../LvglPlatform/lvgl/src/widgets/line/lv_line.c')
  
C:\Users\Josiah\Documents\Senior Design\Code\PowerSupplyMcPowerFace\src\GUI\lv_port_pc_visual_studio\LvglPlatform\lvgl\src\misc\lv_color.h(355,46): warning C4244: 'function': conversion from 'int' to 'uint8_t', possible loss of data
  (compiling source file '../LvglPlatform/lvgl/src/widgets/line/lv_line.c')
  
C:\Users\Josiah\Documents\Senior Design\Code\PowerSupplyMcPowerFace\src\GUI\lv_port_pc_visual_studio\LvglPlatform\lvgl\src\misc\lv_color.h(355,59): warning C4244: 'function': conversion from 'int' to 'uint8_t', possible loss of data
  (compiling source file '../LvglPlatform/lvgl/src/widgets/line/lv_line.c')
  
C:\Users\Josiah\Documents\Senior Design\Code\PowerSupplyMcPowerFace\src\GUI\lv_port_pc_visual_studio\LvglPlatform\lvgl\src\widgets\line\lv_line.c(83,20): warning C4389: '==': signed/unsigned mismatch
C:\Users\Josiah\Documents\Senior Design\Code\PowerSupplyMcPowerFace\src\GUI\lv_port_pc_visual_studio\LvglPlatform\lvgl\src\widgets\line\lv_line.c(115,16): warning C4244: 'return': conversion from 'uint32_t' to 'bool', possible loss of data
  lv_list.c
  lv_lottie.c
  lv_menu.c
  lv_msgbox.c
C:\Users\Josiah\Documents\Senior Design\Code\PowerSupplyMcPowerFace\src\GUI\lv_port_pc_visual_studio\LvglPlatform\lvgl\src\misc\lv_color.h(355,32): warning C4244: 'function': conversion from 'int' to 'uint8_t', possible loss of data
  (compiling source file '../LvglPlatform/lvgl/src/widgets/list/lv_list.c')
  
C:\Users\Josiah\Documents\Senior Design\Code\PowerSupplyMcPowerFace\src\GUI\lv_port_pc_visual_studio\LvglPlatform\lvgl\src\misc\lv_color.h(355,46): warning C4244: 'function': conversion from 'int' to 'uint8_t', possible loss of data
  (compiling source file '../LvglPlatform/lvgl/src/widgets/list/lv_list.c')
  
C:\Users\Josiah\Documents\Senior Design\Code\PowerSupplyMcPowerFace\src\GUI\lv_port_pc_visual_studio\LvglPlatform\lvgl\src\misc\lv_color.h(355,59): warning C4244: 'function': conversion from 'int' to 'uint8_t', possible loss of data
  (compiling source file '../LvglPlatform/lvgl/src/widgets/list/lv_list.c')
  
C:\Users\Josiah\Documents\Senior Design\Code\PowerSupplyMcPowerFace\src\GUI\lv_port_pc_visual_studio\LvglPlatform\lvgl\src\misc\lv_color.h(355,32): warning C4244: 'function': conversion from 'int' to 'uint8_t', possible loss of data
  (compiling source file '../LvglPlatform/lvgl/src/widgets/menu/lv_menu.c')
  
C:\Users\Josiah\Documents\Senior Design\Code\PowerSupplyMcPowerFace\src\GUI\lv_port_pc_visual_studio\LvglPlatform\lvgl\src\misc\lv_color.h(355,46): warning C4244: 'function': conversion from 'int' to 'uint8_t', possible loss of data
  (compiling source file '../LvglPlatform/lvgl/src/widgets/menu/lv_menu.c')
  
C:\Users\Josiah\Documents\Senior Design\Code\PowerSupplyMcPowerFace\src\GUI\lv_port_pc_visual_studio\LvglPlatform\lvgl\src\misc\lv_color.h(355,59): warning C4244: 'function': conversion from 'int' to 'uint8_t', possible loss of data
  (compiling source file '../LvglPlatform/lvgl/src/widgets/menu/lv_menu.c')
  
C:\Users\Josiah\Documents\Senior Design\Code\PowerSupplyMcPowerFace\src\GUI\lv_port_pc_visual_studio\LvglPlatform\lvgl\src\misc\lv_color.h(355,32): warning C4244: 'function': conversion from 'int' to 'uint8_t', possible loss of data
  (compiling source file '../LvglPlatform/lvgl/src/widgets/msgbox/lv_msgbox.c')
  
C:\Users\Josiah\Documents\Senior Design\Code\PowerSupplyMcPowerFace\src\GUI\lv_port_pc_visual_studio\LvglPlatform\lvgl\src\misc\lv_color.h(355,46): warning C4244: 'function': conversion from 'int' to 'uint8_t', possible loss of data
  (compiling source file '../LvglPlatform/lvgl/src/widgets/msgbox/lv_msgbox.c')
  
C:\Users\Josiah\Documents\Senior Design\Code\PowerSupplyMcPowerFace\src\GUI\lv_port_pc_visual_studio\LvglPlatform\lvgl\src\misc\lv_color.h(355,59): warning C4244: 'function': conversion from 'int' to 'uint8_t', possible loss of data
  (compiling source file '../LvglPlatform/lvgl/src/widgets/msgbox/lv_msgbox.c')
  
  lv_objx_templ.c
  lv_animimage_properties.c
  lv_dropdown_properties.c
  lv_image_properties.c
C:\Users\Josiah\Documents\Senior Design\Code\PowerSupplyMcPowerFace\src\GUI\lv_port_pc_visual_studio\LvglPlatform\lvgl\src\misc\lv_color.h(355,32): warning C4244: 'function': conversion from 'int' to 'uint8_t', possible loss of data
  (compiling source file '../LvglPlatform/lvgl/src/widgets/property/lv_image_properties.c')
  
C:\Users\Josiah\Documents\Senior Design\Code\PowerSupplyMcPowerFace\src\GUI\lv_port_pc_visual_studio\LvglPlatform\lvgl\src\misc\lv_color.h(355,46): warning C4244: 'function': conversion from 'int' to 'uint8_t', possible loss of data
  (compiling source file '../LvglPlatform/lvgl/src/widgets/property/lv_image_properties.c')
  
C:\Users\Josiah\Documents\Senior Design\Code\PowerSupplyMcPowerFace\src\GUI\lv_port_pc_visual_studio\LvglPlatform\lvgl\src\misc\lv_color.h(355,59): warning C4244: 'function': conversion from 'int' to 'uint8_t', possible loss of data
  (compiling source file '../LvglPlatform/lvgl/src/widgets/property/lv_image_properties.c')
  
C:\Users\Josiah\Documents\Senior Design\Code\PowerSupplyMcPowerFace\src\GUI\lv_port_pc_visual_studio\LvglPlatform\lvgl\src\misc\lv_color.h(355,32): warning C4244: 'function': conversion from 'int' to 'uint8_t', possible loss of data
  (compiling source file '../LvglPlatform/lvgl/src/widgets/property/lv_animimage_properties.c')
  
C:\Users\Josiah\Documents\Senior Design\Code\PowerSupplyMcPowerFace\src\GUI\lv_port_pc_visual_studio\LvglPlatform\lvgl\src\misc\lv_color.h(355,46): warning C4244: 'function': conversion from 'int' to 'uint8_t', possible loss of data
  (compiling source file '../LvglPlatform/lvgl/src/widgets/property/lv_animimage_properties.c')
  
C:\Users\Josiah\Documents\Senior Design\Code\PowerSupplyMcPowerFace\src\GUI\lv_port_pc_visual_studio\LvglPlatform\lvgl\src\misc\lv_color.h(355,59): warning C4244: 'function': conversion from 'int' to 'uint8_t', possible loss of data
  (compiling source file '../LvglPlatform/lvgl/src/widgets/property/lv_animimage_properties.c')
  
  lv_keyboard_properties.c
C:\Users\Josiah\Documents\Senior Design\Code\PowerSupplyMcPowerFace\src\GUI\lv_port_pc_visual_studio\LvglPlatform\lvgl\src\misc\lv_color.h(355,32): warning C4244: 'function': conversion from 'int' to 'uint8_t', possible loss of data
  (compiling source file '../LvglPlatform/lvgl/src/widgets/property/lv_dropdown_properties.c')
  
C:\Users\Josiah\Documents\Senior Design\Code\PowerSupplyMcPowerFace\src\GUI\lv_port_pc_visual_studio\LvglPlatform\lvgl\src\misc\lv_color.h(355,46): warning C4244: 'function': conversion from 'int' to 'uint8_t', possible loss of data
  (compiling source file '../LvglPlatform/lvgl/src/widgets/property/lv_dropdown_properties.c')
  
C:\Users\Josiah\Documents\Senior Design\Code\PowerSupplyMcPowerFace\src\GUI\lv_port_pc_visual_studio\LvglPlatform\lvgl\src\misc\lv_color.h(355,59): warning C4244: 'function': conversion from 'int' to 'uint8_t', possible loss of data
  (compiling source file '../LvglPlatform/lvgl/src/widgets/property/lv_dropdown_properties.c')
  
  lv_label_properties.c
  lv_obj_properties.c
  lv_roller_properties.c
C:\Users\Josiah\Documents\Senior Design\Code\PowerSupplyMcPowerFace\src\GUI\lv_port_pc_visual_studio\LvglPlatform\lvgl\src\misc\lv_color.h(355,32): warning C4244: 'function': conversion from 'int' to 'uint8_t', possible loss of data
  (compiling source file '../LvglPlatform/lvgl/src/widgets/property/lv_keyboard_properties.c')
  
C:\Users\Josiah\Documents\Senior Design\Code\PowerSupplyMcPowerFace\src\GUI\lv_port_pc_visual_studio\LvglPlatform\lvgl\src\misc\lv_color.h(355,46): warning C4244: 'function': conversion from 'int' to 'uint8_t', possible loss of data
  (compiling source file '../LvglPlatform/lvgl/src/widgets/property/lv_keyboard_properties.c')
  
C:\Users\Josiah\Documents\Senior Design\Code\PowerSupplyMcPowerFace\src\GUI\lv_port_pc_visual_studio\LvglPlatform\lvgl\src\misc\lv_color.h(355,59): warning C4244: 'function': conversion from 'int' to 'uint8_t', possible loss of data
  (compiling source file '../LvglPlatform/lvgl/src/widgets/property/lv_keyboard_properties.c')
  
  lv_slider_properties.c
C:\Users\Josiah\Documents\Senior Design\Code\PowerSupplyMcPowerFace\src\GUI\lv_port_pc_visual_studio\LvglPlatform\lvgl\src\misc\lv_color.h(355,32): warning C4244: 'function': conversion from 'int' to 'uint8_t', possible loss of data
  (compiling source file '../LvglPlatform/lvgl/src/widgets/property/lv_obj_properties.c')
  
C:\Users\Josiah\Documents\Senior Design\Code\PowerSupplyMcPowerFace\src\GUI\lv_port_pc_visual_studio\LvglPlatform\lvgl\src\misc\lv_color.h(355,46): warning C4244: 'function': conversion from 'int' to 'uint8_t', possible loss of data
  lv_style_properties.c
  (compiling source file '../LvglPlatform/lvgl/src/widgets/property/lv_obj_properties.c')
  
C:\Users\Josiah\Documents\Senior Design\Code\PowerSupplyMcPowerFace\src\GUI\lv_port_pc_visual_studio\LvglPlatform\lvgl\src\misc\lv_color.h(355,59): warning C4244: 'function': conversion from 'int' to 'uint8_t', possible loss of data
  (compiling source file '../LvglPlatform/lvgl/src/widgets/property/lv_obj_properties.c')
  
  lv_textarea_properties.c
C:\Users\Josiah\Documents\Senior Design\Code\PowerSupplyMcPowerFace\src\GUI\lv_port_pc_visual_studio\LvglPlatform\lvgl\src\misc\lv_color.h(355,32): warning C4244: 'function': conversion from 'int' to 'uint8_t', possible loss of data
  (compiling source file '../LvglPlatform/lvgl/src/widgets/property/lv_roller_properties.c')
  
C:\Users\Josiah\Documents\Senior Design\Code\PowerSupplyMcPowerFace\src\GUI\lv_port_pc_visual_studio\LvglPlatform\lvgl\src\misc\lv_color.h(355,46): warning C4244: 'function': conversion from 'int' to 'uint8_t', possible loss of data
  (compiling source file '../LvglPlatform/lvgl/src/widgets/property/lv_roller_properties.c')
  
C:\Users\Josiah\Documents\Senior Design\Code\PowerSupplyMcPowerFace\src\GUI\lv_port_pc_visual_studio\LvglPlatform\lvgl\src\misc\lv_color.h(355,59): warning C4244: 'function': conversion from 'int' to 'uint8_t', possible loss of data
  (compiling source file '../LvglPlatform/lvgl/src/widgets/property/lv_roller_properties.c')
  
C:\Users\Josiah\Documents\Senior Design\Code\PowerSupplyMcPowerFace\src\GUI\lv_port_pc_visual_studio\LvglPlatform\lvgl\src\misc\lv_color.h(355,32): warning C4244: 'function': conversion from 'int' to 'uint8_t', possible loss of data
  (compiling source file '../LvglPlatform/lvgl/src/widgets/property/lv_label_properties.c')
  
C:\Users\Josiah\Documents\Senior Design\Code\PowerSupplyMcPowerFace\src\GUI\lv_port_pc_visual_studio\LvglPlatform\lvgl\src\misc\lv_color.h(355,46): warning C4244: 'function': conversion from 'int' to 'uint8_t', possible loss of data
  (compiling source file '../LvglPlatform/lvgl/src/widgets/property/lv_label_properties.c')
  
C:\Users\Josiah\Documents\Senior Design\Code\PowerSupplyMcPowerFace\src\GUI\lv_port_pc_visual_studio\LvglPlatform\lvgl\src\misc\lv_color.h(355,59): warning C4244: 'function': conversion from 'int' to 'uint8_t', possible loss of data
  (compiling source file '../LvglPlatform/lvgl/src/widgets/property/lv_label_properties.c')
  
  lv_roller.c
C:\Users\Josiah\Documents\Senior Design\Code\PowerSupplyMcPowerFace\src\GUI\lv_port_pc_visual_studio\LvglPlatform\lvgl\src\misc\lv_color.h(355,32): warning C4244: 'function': conversion from 'int' to 'uint8_t', possible loss of data
  (compiling source file '../LvglPlatform/lvgl/src/widgets/property/lv_style_properties.c')
  
C:\Users\Josiah\Documents\Senior Design\Code\PowerSupplyMcPowerFace\src\GUI\lv_port_pc_visual_studio\LvglPlatform\lvgl\src\misc\lv_color.h(355,46): warning C4244: 'function': conversion from 'int' to 'uint8_t', possible loss of data
  (compiling source file '../LvglPlatform/lvgl/src/widgets/property/lv_style_properties.c')
  
C:\Users\Josiah\Documents\Senior Design\Code\PowerSupplyMcPowerFace\src\GUI\lv_port_pc_visual_studio\LvglPlatform\lvgl\src\misc\lv_color.h(355,59): warning C4244: 'function': conversion from 'int' to 'uint8_t', possible loss of data
  (compiling source file '../LvglPlatform/lvgl/src/widgets/property/lv_style_properties.c')
  
  lv_scale.c
  lv_slider.c
C:\Users\Josiah\Documents\Senior Design\Code\PowerSupplyMcPowerFace\src\GUI\lv_port_pc_visual_studio\LvglPlatform\lvgl\src\misc\lv_color.h(355,32): warning C4244: 'function': conversion from 'int' to 'uint8_t', possible loss of data
  (compiling source file '../LvglPlatform/lvgl/src/widgets/roller/lv_roller.c')
  
C:\Users\Josiah\Documents\Senior Design\Code\PowerSupplyMcPowerFace\src\GUI\lv_port_pc_visual_studio\LvglPlatform\lvgl\src\misc\lv_color.h(355,46): warning C4244: 'function': conversion from 'int' to 'uint8_t', possible loss of data
  (compiling source file '../LvglPlatform/lvgl/src/widgets/roller/lv_roller.c')
  
C:\Users\Josiah\Documents\Senior Design\Code\PowerSupplyMcPowerFace\src\GUI\lv_port_pc_visual_studio\LvglPlatform\lvgl\src\misc\lv_color.h(355,59): warning C4244: 'function': conversion from 'int' to 'uint8_t', possible loss of data
  (compiling source file '../LvglPlatform/lvgl/src/widgets/roller/lv_roller.c')
  
C:\Users\Josiah\Documents\Senior Design\Code\PowerSupplyMcPowerFace\src\GUI\lv_port_pc_visual_studio\LvglPlatform\lvgl\src\misc\lv_color.h(355,32): warning C4244: 'function': conversion from 'int' to 'uint8_t', possible loss of data
  (compiling source file '../LvglPlatform/lvgl/src/widgets/property/lv_textarea_properties.c')
  
C:\Users\Josiah\Documents\Senior Design\Code\PowerSupplyMcPowerFace\src\GUI\lv_port_pc_visual_studio\LvglPlatform\lvgl\src\misc\lv_color.h(355,46): warning C4244: 'function': conversion from 'int' to 'uint8_t', possible loss of data
  (compiling source file '../LvglPlatform/lvgl/src/widgets/property/lv_textarea_properties.c')
  
C:\Users\Josiah\Documents\Senior Design\Code\PowerSupplyMcPowerFace\src\GUI\lv_port_pc_visual_studio\LvglPlatform\lvgl\src\misc\lv_color.h(355,59): warning C4244: 'function': conversion from 'int' to 'uint8_t', possible loss of data
  (compiling source file '../LvglPlatform/lvgl/src/widgets/property/lv_textarea_properties.c')
  
C:\Users\Josiah\Documents\Senior Design\Code\PowerSupplyMcPowerFace\src\GUI\lv_port_pc_visual_studio\LvglPlatform\lvgl\src\misc\lv_color.h(355,32): warning C4244: 'function': conversion from 'int' to 'uint8_t', possible loss of data
  (compiling source file '../LvglPlatform/lvgl/src/widgets/property/lv_slider_properties.c')
  
C:\Users\Josiah\Documents\Senior Design\Code\PowerSupplyMcPowerFace\src\GUI\lv_port_pc_visual_studio\LvglPlatform\lvgl\src\misc\lv_color.h(355,46): warning C4244: 'function': conversion from 'int' to 'uint8_t', possible loss of data
  (compiling source file '../LvglPlatform/lvgl/src/widgets/property/lv_slider_properties.c')
  
C:\Users\Josiah\Documents\Senior Design\Code\PowerSupplyMcPowerFace\src\GUI\lv_port_pc_visual_studio\LvglPlatform\lvgl\src\misc\lv_color.h(355,59): warning C4244: 'function': conversion from 'int' to 'uint8_t', possible loss of data
  (compiling source file '../LvglPlatform/lvgl/src/widgets/property/lv_slider_properties.c')
  
C:\Users\Josiah\Documents\Senior Design\Code\PowerSupplyMcPowerFace\src\GUI\lv_port_pc_visual_studio\LvglPlatform\lvgl\src\misc\lv_color.h(355,32): warning C4244: 'function': conversion from 'int' to 'uint8_t', possible loss of data
  (compiling source file '../LvglPlatform/lvgl/src/widgets/scale/lv_scale.c')
  
C:\Users\Josiah\Documents\Senior Design\Code\PowerSupplyMcPowerFace\src\GUI\lv_port_pc_visual_studio\LvglPlatform\lvgl\src\misc\lv_color.h(355,46): warning C4244: 'function': conversion from 'int' to 'uint8_t', possible loss of data
  (compiling source file '../LvglPlatform/lvgl/src/widgets/scale/lv_scale.c')
  
C:\Users\Josiah\Documents\Senior Design\Code\PowerSupplyMcPowerFace\src\GUI\lv_port_pc_visual_studio\LvglPlatform\lvgl\src\misc\lv_color.h(355,59): warning C4244: 'function': conversion from 'int' to 'uint8_t', possible loss of data
  (compiling source file '../LvglPlatform/lvgl/src/widgets/scale/lv_scale.c')
  
  lv_span.c
C:\Users\Josiah\Documents\Senior Design\Code\PowerSupplyMcPowerFace\src\GUI\lv_port_pc_visual_studio\LvglPlatform\lvgl\src\misc\lv_color.h(355,32): warning C4244: 'function': conversion from 'int' to 'uint8_t', possible loss of data
  (compiling source file '../LvglPlatform/lvgl/src/widgets/slider/lv_slider.c')
  
C:\Users\Josiah\Documents\Senior Design\Code\PowerSupplyMcPowerFace\src\GUI\lv_port_pc_visual_studio\LvglPlatform\lvgl\src\misc\lv_color.h(355,46): warning C4244: 'function': conversion from 'int' to 'uint8_t', possible loss of data
  (compiling source file '../LvglPlatform/lvgl/src/widgets/slider/lv_slider.c')
  
C:\Users\Josiah\Documents\Senior Design\Code\PowerSupplyMcPowerFace\src\GUI\lv_port_pc_visual_studio\LvglPlatform\lvgl\src\misc\lv_color.h(355,59): warning C4244: 'function': conversion from 'int' to 'uint8_t', possible loss of data
  (compiling source file '../LvglPlatform/lvgl/src/widgets/slider/lv_slider.c')
  
  lv_spinbox.c
  lv_spinner.c
C:\Users\Josiah\Documents\Senior Design\Code\PowerSupplyMcPowerFace\src\GUI\lv_port_pc_visual_studio\LvglPlatform\lvgl\src\misc\lv_color.h(355,32): warning C4244: 'function': conversion from 'int' to 'uint8_t', possible loss of data
  (compiling source file '../LvglPlatform/lvgl/src/widgets/span/lv_span.c')
  
C:\Users\Josiah\Documents\Senior Design\Code\PowerSupplyMcPowerFace\src\GUI\lv_port_pc_visual_studio\LvglPlatform\lvgl\src\misc\lv_color.h(355,46): warning C4244: 'function': conversion from 'int' to 'uint8_t', possible loss of data
  (compiling source file '../LvglPlatform/lvgl/src/widgets/span/lv_span.c')
  
C:\Users\Josiah\Documents\Senior Design\Code\PowerSupplyMcPowerFace\src\GUI\lv_port_pc_visual_studio\LvglPlatform\lvgl\src\misc\lv_color.h(355,59): warning C4244: 'function': conversion from 'int' to 'uint8_t', possible loss of data
  (compiling source file '../LvglPlatform/lvgl/src/widgets/span/lv_span.c')
  
C:\Users\Josiah\Documents\Senior Design\Code\PowerSupplyMcPowerFace\src\GUI\lv_port_pc_visual_studio\LvglPlatform\lvgl\src\widgets\scale\lv_scale.c(268,76): warning C4244: 'function': conversion from 'int32_t' to 'int16_t', possible loss of data
C:\Users\Josiah\Documents\Senior Design\Code\PowerSupplyMcPowerFace\src\GUI\lv_port_pc_visual_studio\LvglPlatform\lvgl\src\widgets\scale\lv_scale.c(269,76): warning C4244: 'function': conversion from 'int32_t' to 'int16_t', possible loss of data
C:\Users\Josiah\Documents\Senior Design\Code\PowerSupplyMcPowerFace\src\GUI\lv_port_pc_visual_studio\LvglPlatform\lvgl\src\widgets\scale\lv_scale.c(501,17): warning C4244: 'return': conversion from 'uint32_t' to 'bool', possible loss of data
C:\Users\Josiah\Documents\Senior Design\Code\PowerSupplyMcPowerFace\src\GUI\lv_port_pc_visual_studio\LvglPlatform\lvgl\src\widgets\scale\lv_scale.c(776,55): warning C4244: 'function': conversion from 'const uint32_t' to 'const uint16_t', possible loss of data
C:\Users\Josiah\Documents\Senior Design\Code\PowerSupplyMcPowerFace\src\GUI\lv_port_pc_visual_studio\LvglPlatform\lvgl\src\widgets\scale\lv_scale.c(940,70): warning C4244: 'function': conversion from 'uint32_t' to 'const uint8_t', possible loss of data
C:\Users\Josiah\Documents\Senior Design\Code\PowerSupplyMcPowerFace\src\GUI\lv_port_pc_visual_studio\LvglPlatform\lvgl\src\widgets\scale\lv_scale.c(1079,26): warning C4244: '=': conversion from 'int32_t' to 'uint16_t', possible loss of data
C:\Users\Josiah\Documents\Senior Design\Code\PowerSupplyMcPowerFace\src\GUI\lv_port_pc_visual_studio\LvglPlatform\lvgl\src\widgets\scale\lv_scale.c(1105,43): warning C4244: '=': conversion from 'int32_t' to 'uint16_t', possible loss of data
C:\Users\Josiah\Documents\Senior Design\Code\PowerSupplyMcPowerFace\src\GUI\lv_port_pc_visual_studio\LvglPlatform\lvgl\src\misc\lv_color.h(355,32): warning C4244: 'function': conversion from 'int' to 'uint8_t', possible loss of data
  (compiling source file '../LvglPlatform/lvgl/src/widgets/spinbox/lv_spinbox.c')
  
C:\Users\Josiah\Documents\Senior Design\Code\PowerSupplyMcPowerFace\src\GUI\lv_port_pc_visual_studio\LvglPlatform\lvgl\src\misc\lv_color.h(355,46): warning C4244: 'function': conversion from 'int' to 'uint8_t', possible loss of data
  (compiling source file '../LvglPlatform/lvgl/src/widgets/spinbox/lv_spinbox.c')
  
C:\Users\Josiah\Documents\Senior Design\Code\PowerSupplyMcPowerFace\src\GUI\lv_port_pc_visual_studio\LvglPlatform\lvgl\src\misc\lv_color.h(355,59): warning C4244: 'function': conversion from 'int' to 'uint8_t', possible loss of data
  (compiling source file '../LvglPlatform/lvgl/src/widgets/spinbox/lv_spinbox.c')
  
C:\Users\Josiah\Documents\Senior Design\Code\PowerSupplyMcPowerFace\src\GUI\lv_port_pc_visual_studio\LvglPlatform\lvgl\src\themes\mono\lv_theme_mono.c(312,68): warning C5287: operands are different enum types 'lv_part_t' and 'lv_state_t'; use an explicit cast to silence this warning
C:\Users\Josiah\Documents\Senior Design\Code\PowerSupplyMcPowerFace\src\GUI\lv_port_pc_visual_studio\LvglPlatform\lvgl\src\themes\mono\lv_theme_mono.c(313,74): warning C5287: operands are different enum types 'lv_part_t' and 'lv_state_t'; use an explicit cast to silence this warning
C:\Users\Josiah\Documents\Senior Design\Code\PowerSupplyMcPowerFace\src\GUI\lv_port_pc_visual_studio\LvglPlatform\lvgl\src\themes\mono\lv_theme_mono.c(314,75): warning C5287: operands are different enum types 'lv_part_t' and 'lv_state_t'; use an explicit cast to silence this warning
C:\Users\Josiah\Documents\Senior Design\Code\PowerSupplyMcPowerFace\src\GUI\lv_port_pc_visual_studio\LvglPlatform\lvgl\src\themes\mono\lv_theme_mono.c(315,78): warning C5287: operands are different enum types 'lv_part_t' and 'lv_state_t'; use an explicit cast to silence this warning
C:\Users\Josiah\Documents\Senior Design\Code\PowerSupplyMcPowerFace\src\GUI\lv_port_pc_visual_studio\LvglPlatform\lvgl\src\themes\mono\lv_theme_mono.c(323,68): warning C5287: operands are different enum types 'lv_part_t' and 'lv_state_t'; use an explicit cast to silence this warning
C:\Users\Josiah\Documents\Senior Design\Code\PowerSupplyMcPowerFace\src\GUI\lv_port_pc_visual_studio\LvglPlatform\lvgl\src\themes\mono\lv_theme_mono.c(324,69): warning C5287: operands are different enum types 'lv_part_t' and 'lv_state_t'; use an explicit cast to silence this warning
C:\Users\Josiah\Documents\Senior Design\Code\PowerSupplyMcPowerFace\src\GUI\lv_port_pc_visual_studio\LvglPlatform\lvgl\src\themes\mono\lv_theme_mono.c(325,74): warning C5287: operands are different enum types 'lv_part_t' and 'lv_state_t'; use an explicit cast to silence this warning
C:\Users\Josiah\Documents\Senior Design\Code\PowerSupplyMcPowerFace\src\GUI\lv_port_pc_visual_studio\LvglPlatform\lvgl\src\themes\mono\lv_theme_mono.c(327,75): warning C5287: operands are different enum types 'lv_part_t' and 'lv_state_t'; use an explicit cast to silence this warning
C:\Users\Josiah\Documents\Senior Design\Code\PowerSupplyMcPowerFace\src\GUI\lv_port_pc_visual_studio\LvglPlatform\lvgl\src\themes\mono\lv_theme_mono.c(328,78): warning C5287: operands are different enum types 'lv_part_t' and 'lv_state_t'; use an explicit cast to silence this warning
C:\Users\Josiah\Documents\Senior Design\Code\PowerSupplyMcPowerFace\src\GUI\lv_port_pc_visual_studio\LvglPlatform\lvgl\src\themes\mono\lv_theme_mono.c(335,64): warning C5287: operands are different enum types 'lv_part_t' and 'lv_state_t'; use an explicit cast to silence this warning
C:\Users\Josiah\Documents\Senior Design\Code\PowerSupplyMcPowerFace\src\GUI\lv_port_pc_visual_studio\LvglPlatform\lvgl\src\themes\mono\lv_theme_mono.c(336,65): warning C5287: operands are different enum types 'lv_part_t' and 'lv_state_t'; use an explicit cast to silence this warning
C:\Users\Josiah\Documents\Senior Design\Code\PowerSupplyMcPowerFace\src\GUI\lv_port_pc_visual_studio\LvglPlatform\lvgl\src\themes\mono\lv_theme_mono.c(337,70): warning C5287: operands are different enum types 'lv_part_t' and 'lv_state_t'; use an explicit cast to silence this warning
C:\Users\Josiah\Documents\Senior Design\Code\PowerSupplyMcPowerFace\src\GUI\lv_port_pc_visual_studio\LvglPlatform\lvgl\src\themes\mono\lv_theme_mono.c(338,71): warning C5287: operands are different enum types 'lv_part_t' and 'lv_state_t'; use an explicit cast to silence this warning
C:\Users\Josiah\Documents\Senior Design\Code\PowerSupplyMcPowerFace\src\GUI\lv_port_pc_visual_studio\LvglPlatform\lvgl\src\themes\mono\lv_theme_mono.c(339,74): warning C5287: operands are different enum types 'lv_part_t' and 'lv_state_t'; use an explicit cast to silence this warning
C:\Users\Josiah\Documents\Senior Design\Code\PowerSupplyMcPowerFace\src\GUI\lv_port_pc_visual_studio\LvglPlatform\lvgl\src\themes\mono\lv_theme_mono.c(369,64): warning C5287: operands are different enum types 'lv_part_t' and 'lv_state_t'; use an explicit cast to silence this warning
C:\Users\Josiah\Documents\Senior Design\Code\PowerSupplyMcPowerFace\src\GUI\lv_port_pc_visual_studio\LvglPlatform\lvgl\src\themes\mono\lv_theme_mono.c(371,65): warning C5287: operands are different enum types 'lv_part_t' and 'lv_state_t'; use an explicit cast to silence this warning
C:\Users\Josiah\Documents\Senior Design\Code\PowerSupplyMcPowerFace\src\GUI\lv_port_pc_visual_studio\LvglPlatform\lvgl\src\themes\mono\lv_theme_mono.c(380,74): warning C5287: operands are different enum types 'lv_part_t' and 'lv_state_t'; use an explicit cast to silence this warning
C:\Users\Josiah\Documents\Senior Design\Code\PowerSupplyMcPowerFace\src\GUI\lv_port_pc_visual_studio\LvglPlatform\lvgl\src\themes\mono\lv_theme_mono.c(381,69): warning C5287: operands are different enum types 'lv_part_t' and 'lv_state_t'; use an explicit cast to silence this warning
C:\Users\Josiah\Documents\Senior Design\Code\PowerSupplyMcPowerFace\src\GUI\lv_port_pc_visual_studio\LvglPlatform\lvgl\src\themes\mono\lv_theme_mono.c(382,68): warning C5287: operands are different enum types 'lv_part_t' and 'lv_state_t'; use an explicit cast to silence this warning
C:\Users\Josiah\Documents\Senior Design\Code\PowerSupplyMcPowerFace\src\GUI\lv_port_pc_visual_studio\LvglPlatform\lvgl\src\themes\mono\lv_theme_mono.c(435,68): warning C5287: operands are different enum types 'lv_part_t' and 'lv_state_t'; use an explicit cast to silence this warning
C:\Users\Josiah\Documents\Senior Design\Code\PowerSupplyMcPowerFace\src\GUI\lv_port_pc_visual_studio\LvglPlatform\lvgl\src\themes\mono\lv_theme_mono.c(436,67): warning C5287: operands are different enum types 'lv_part_t' and 'lv_state_t'; use an explicit cast to silence this warning
C:\Users\Josiah\Documents\Senior Design\Code\PowerSupplyMcPowerFace\src\GUI\lv_port_pc_visual_studio\LvglPlatform\lvgl\src\themes\mono\lv_theme_mono.c(458,72): warning C5287: operands are different enum types 'lv_part_t' and 'lv_state_t'; use an explicit cast to silence this warning
C:\Users\Josiah\Documents\Senior Design\Code\PowerSupplyMcPowerFace\src\GUI\lv_port_pc_visual_studio\LvglPlatform\lvgl\src\themes\mono\lv_theme_mono.c(468,64): warning C5287: operands are different enum types 'lv_part_t' and 'lv_state_t'; use an explicit cast to silence this warning
C:\Users\Josiah\Documents\Senior Design\Code\PowerSupplyMcPowerFace\src\GUI\lv_port_pc_visual_studio\LvglPlatform\lvgl\src\themes\mono\lv_theme_mono.c(469,70): warning C5287: operands are different enum types 'lv_part_t' and 'lv_state_t'; use an explicit cast to silence this warning
C:\Users\Josiah\Documents\Senior Design\Code\PowerSupplyMcPowerFace\src\GUI\lv_port_pc_visual_studio\LvglPlatform\lvgl\src\themes\mono\lv_theme_mono.c(472,74): warning C5287: operands are different enum types 'lv_part_t' and 'lv_state_t'; use an explicit cast to silence this warning
C:\Users\Josiah\Documents\Senior Design\Code\PowerSupplyMcPowerFace\src\GUI\lv_port_pc_visual_studio\LvglPlatform\lvgl\src\themes\mono\lv_theme_mono.c(480,64): warning C5287: operands are different enum types 'lv_part_t' and 'lv_state_t'; use an explicit cast to silence this warning
C:\Users\Josiah\Documents\Senior Design\Code\PowerSupplyMcPowerFace\src\GUI\lv_port_pc_visual_studio\LvglPlatform\lvgl\src\themes\mono\lv_theme_mono.c(481,65): warning C5287: operands are different enum types 'lv_part_t' and 'lv_state_t'; use an explicit cast to silence this warning
C:\Users\Josiah\Documents\Senior Design\Code\PowerSupplyMcPowerFace\src\GUI\lv_port_pc_visual_studio\LvglPlatform\lvgl\src\themes\mono\lv_theme_mono.c(484,74): warning C5287: operands are different enum types 'lv_part_t' and 'lv_state_t'; use an explicit cast to silence this warning
C:\Users\Josiah\Documents\Senior Design\Code\PowerSupplyMcPowerFace\src\GUI\lv_port_pc_visual_studio\LvglPlatform\lvgl\src\misc\lv_color.h(355,32): warning C4244: 'function': conversion from 'int' to 'uint8_t', possible loss of data
  (compiling source file '../LvglPlatform/lvgl/src/widgets/spinner/lv_spinner.c')
  
C:\Users\Josiah\Documents\Senior Design\Code\PowerSupplyMcPowerFace\src\GUI\lv_port_pc_visual_studio\LvglPlatform\lvgl\src\misc\lv_color.h(355,46): warning C4244: 'function': conversion from 'int' to 'uint8_t', possible loss of data
  (compiling source file '../LvglPlatform/lvgl/src/widgets/spinner/lv_spinner.c')
  
C:\Users\Josiah\Documents\Senior Design\Code\PowerSupplyMcPowerFace\src\GUI\lv_port_pc_visual_studio\LvglPlatform\lvgl\src\misc\lv_color.h(355,59): warning C4244: 'function': conversion from 'int' to 'uint8_t', possible loss of data
  (compiling source file '../LvglPlatform/lvgl/src/widgets/spinner/lv_spinner.c')
  
  lv_switch.c
  lv_table.c
C:\Users\Josiah\Documents\Senior Design\Code\PowerSupplyMcPowerFace\src\GUI\lv_port_pc_visual_studio\LvglPlatform\lvgl\src\themes\default\lv_theme_default.c(655,27): warning C4389: '==': signed/unsigned mismatch
C:\Users\Josiah\Documents\Senior Design\Code\PowerSupplyMcPowerFace\src\GUI\lv_port_pc_visual_studio\LvglPlatform\lvgl\src\themes\default\lv_theme_default.c(733,84): warning C5287: operands are different enum types 'lv_part_t' and 'lv_state_t'; use an explicit cast to silence this warning
C:\Users\Josiah\Documents\Senior Design\Code\PowerSupplyMcPowerFace\src\GUI\lv_port_pc_visual_studio\LvglPlatform\lvgl\src\themes\default\lv_theme_default.c(755,88): warning C5287: operands are different enum types 'lv_part_t' and 'lv_state_t'; use an explicit cast to silence this warning
C:\Users\Josiah\Documents\Senior Design\Code\PowerSupplyMcPowerFace\src\GUI\lv_port_pc_visual_studio\LvglPlatform\lvgl\src\themes\default\lv_theme_default.c(772,88): warning C5287: operands are different enum types 'lv_part_t' and 'lv_state_t'; use an explicit cast to silence this warning
C:\Users\Josiah\Documents\Senior Design\Code\PowerSupplyMcPowerFace\src\GUI\lv_port_pc_visual_studio\LvglPlatform\lvgl\src\themes\default\lv_theme_default.c(786,84): warning C5287: operands are different enum types 'lv_part_t' and 'lv_state_t'; use an explicit cast to silence this warning
C:\Users\Josiah\Documents\Senior Design\Code\PowerSupplyMcPowerFace\src\GUI\lv_port_pc_visual_studio\LvglPlatform\lvgl\src\themes\default\lv_theme_default.c(842,73): warning C5287: operands are different enum types 'lv_part_t' and 'lv_state_t'; use an explicit cast to silence this warning
C:\Users\Josiah\Documents\Senior Design\Code\PowerSupplyMcPowerFace\src\GUI\lv_port_pc_visual_studio\LvglPlatform\lvgl\src\themes\default\lv_theme_default.c(843,74): warning C5287: operands are different enum types 'lv_part_t' and 'lv_state_t'; use an explicit cast to silence this warning
C:\Users\Josiah\Documents\Senior Design\Code\PowerSupplyMcPowerFace\src\GUI\lv_port_pc_visual_studio\LvglPlatform\lvgl\src\themes\default\lv_theme_default.c(844,81): warning C5287: operands are different enum types 'lv_part_t' and 'lv_state_t'; use an explicit cast to silence this warning
C:\Users\Josiah\Documents\Senior Design\Code\PowerSupplyMcPowerFace\src\GUI\lv_port_pc_visual_studio\LvglPlatform\lvgl\src\themes\default\lv_theme_default.c(845,83): warning C5287: operands are different enum types 'lv_part_t' and 'lv_state_t'; use an explicit cast to silence this warning
C:\Users\Josiah\Documents\Senior Design\Code\PowerSupplyMcPowerFace\src\GUI\lv_port_pc_visual_studio\LvglPlatform\lvgl\src\themes\default\lv_theme_default.c(853,70): warning C5287: operands are different enum types 'lv_part_t' and 'lv_state_t'; use an explicit cast to silence this warning
C:\Users\Josiah\Documents\Senior Design\Code\PowerSupplyMcPowerFace\src\GUI\lv_port_pc_visual_studio\LvglPlatform\lvgl\src\themes\default\lv_theme_default.c(854,69): warning C5287: operands are different enum types 'lv_part_t' and 'lv_state_t'; use an explicit cast to silence this warning
C:\Users\Josiah\Documents\Senior Design\Code\PowerSupplyMcPowerFace\src\GUI\lv_port_pc_visual_studio\LvglPlatform\lvgl\src\themes\default\lv_theme_default.c(855,78): warning C5287: operands are different enum types 'lv_part_t' and 'lv_state_t'; use an explicit cast to silence this warning
C:\Users\Josiah\Documents\Senior Design\Code\PowerSupplyMcPowerFace\src\GUI\lv_port_pc_visual_studio\LvglPlatform\lvgl\src\themes\default\lv_theme_default.c(856,77): warning C5287: operands are different enum types 'lv_part_t' and 'lv_state_t'; use an explicit cast to silence this warning
C:\Users\Josiah\Documents\Senior Design\Code\PowerSupplyMcPowerFace\src\GUI\lv_port_pc_visual_studio\LvglPlatform\lvgl\src\themes\default\lv_theme_default.c(857,79): warning C5287: operands are different enum types 'lv_part_t' and 'lv_state_t'; use an explicit cast to silence this warning
C:\Users\Josiah\Documents\Senior Design\Code\PowerSupplyMcPowerFace\src\GUI\lv_port_pc_visual_studio\LvglPlatform\lvgl\src\themes\default\lv_theme_default.c(882,65): warning C5287: operands are different enum types 'lv_part_t' and 'lv_state_t'; use an explicit cast to silence this warning
C:\Users\Josiah\Documents\Senior Design\Code\PowerSupplyMcPowerFace\src\GUI\lv_port_pc_visual_studio\LvglPlatform\lvgl\src\themes\default\lv_theme_default.c(885,78): warning C5287: operands are different enum types 'lv_part_t' and 'lv_state_t'; use an explicit cast to silence this warning
C:\Users\Josiah\Documents\Senior Design\Code\PowerSupplyMcPowerFace\src\GUI\lv_port_pc_visual_studio\LvglPlatform\lvgl\src\themes\default\lv_theme_default.c(897,84): warning C5287: operands are different enum types 'lv_part_t' and 'lv_state_t'; use an explicit cast to silence this warning
C:\Users\Josiah\Documents\Senior Design\Code\PowerSupplyMcPowerFace\src\GUI\lv_port_pc_visual_studio\LvglPlatform\lvgl\src\themes\default\lv_theme_default.c(901,69): warning C5287: operands are different enum types 'lv_part_t' and 'lv_state_t'; use an explicit cast to silence this warning
C:\Users\Josiah\Documents\Senior Design\Code\PowerSupplyMcPowerFace\src\GUI\lv_port_pc_visual_studio\LvglPlatform\lvgl\src\themes\default\lv_theme_default.c(902,78): warning C5287: operands are different enum types 'lv_part_t' and 'lv_state_t'; use an explicit cast to silence this warning
C:\Users\Josiah\Documents\Senior Design\Code\PowerSupplyMcPowerFace\src\GUI\lv_port_pc_visual_studio\LvglPlatform\lvgl\src\themes\default\lv_theme_default.c(903,80): warning C5287: operands are different enum types 'lv_part_t' and 'lv_state_t'; use an explicit cast to silence this warning
C:\Users\Josiah\Documents\Senior Design\Code\PowerSupplyMcPowerFace\src\GUI\lv_port_pc_visual_studio\LvglPlatform\lvgl\src\themes\default\lv_theme_default.c(911,74): warning C5287: operands are different enum types 'lv_part_t' and 'lv_state_t'; use an explicit cast to silence this warning
C:\Users\Josiah\Documents\Senior Design\Code\PowerSupplyMcPowerFace\src\GUI\lv_port_pc_visual_studio\LvglPlatform\lvgl\src\themes\default\lv_theme_default.c(913,82): warning C5287: operands are different enum types 'lv_part_t' and 'lv_state_t'; use an explicit cast to silence this warning
C:\Users\Josiah\Documents\Senior Design\Code\PowerSupplyMcPowerFace\src\GUI\lv_port_pc_visual_studio\LvglPlatform\lvgl\src\themes\default\lv_theme_default.c(914,83): warning C5287: operands are different enum types 'lv_part_t' and 'lv_state_t'; use an explicit cast to silence this warning
C:\Users\Josiah\Documents\Senior Design\Code\PowerSupplyMcPowerFace\src\GUI\lv_port_pc_visual_studio\LvglPlatform\lvgl\src\themes\default\lv_theme_default.c(915,73): warning C5287: operands are different enum types 'lv_part_t' and 'lv_state_t'; use an explicit cast to silence this warning
C:\Users\Josiah\Documents\Senior Design\Code\PowerSupplyMcPowerFace\src\GUI\lv_port_pc_visual_studio\LvglPlatform\lvgl\src\themes\default\lv_theme_default.c(917,70): warning C5287: operands are different enum types 'lv_part_t' and 'lv_state_t'; use an explicit cast to silence this warning
C:\Users\Josiah\Documents\Senior Design\Code\PowerSupplyMcPowerFace\src\GUI\lv_port_pc_visual_studio\LvglPlatform\lvgl\src\themes\default\lv_theme_default.c(919,83): warning C5287: operands are different enum types 'lv_part_t' and 'lv_state_t'; use an explicit cast to silence this warning
C:\Users\Josiah\Documents\Senior Design\Code\PowerSupplyMcPowerFace\src\GUI\lv_port_pc_visual_studio\LvglPlatform\lvgl\src\themes\default\lv_theme_default.c(931,82): warning C5287: operands are different enum types 'lv_part_t' and 'lv_state_t'; use an explicit cast to silence this warning
C:\Users\Josiah\Documents\Senior Design\Code\PowerSupplyMcPowerFace\src\GUI\lv_port_pc_visual_studio\LvglPlatform\lvgl\src\themes\default\lv_theme_default.c(937,83): warning C5287: operands are different enum types 'lv_part_t' and 'lv_state_t'; use an explicit cast to silence this warning
C:\Users\Josiah\Documents\Senior Design\Code\PowerSupplyMcPowerFace\src\GUI\lv_port_pc_visual_studio\LvglPlatform\lvgl\src\themes\default\lv_theme_default.c(948,84): warning C5287: operands are different enum types 'lv_part_t' and 'lv_state_t'; use an explicit cast to silence this warning
C:\Users\Josiah\Documents\Senior Design\Code\PowerSupplyMcPowerFace\src\GUI\lv_port_pc_visual_studio\LvglPlatform\lvgl\src\themes\default\lv_theme_default.c(985,84): warning C5287: operands are different enum types 'lv_part_t' and 'lv_state_t'; use an explicit cast to silence this warning
C:\Users\Josiah\Documents\Senior Design\Code\PowerSupplyMcPowerFace\src\GUI\lv_port_pc_visual_studio\LvglPlatform\lvgl\src\themes\default\lv_theme_default.c(987,81): warning C5287: operands are different enum types 'lv_part_t' and 'lv_state_t'; use an explicit cast to silence this warning
C:\Users\Josiah\Documents\Senior Design\Code\PowerSupplyMcPowerFace\src\GUI\lv_port_pc_visual_studio\LvglPlatform\lvgl\src\themes\default\lv_theme_default.c(988,72): warning C5287: operands are different enum types 'lv_part_t' and 'lv_state_t'; use an explicit cast to silence this warning
C:\Users\Josiah\Documents\Senior Design\Code\PowerSupplyMcPowerFace\src\GUI\lv_port_pc_visual_studio\LvglPlatform\lvgl\src\themes\default\lv_theme_default.c(1017,84): warning C5287: operands are different enum types 'lv_part_t' and 'lv_state_t'; use an explicit cast to silence this warning
C:\Users\Josiah\Documents\Senior Design\Code\PowerSupplyMcPowerFace\src\GUI\lv_port_pc_visual_studio\LvglPlatform\lvgl\src\themes\default\lv_theme_default.c(1018,72): warning C5287: operands are different enum types 'lv_part_t' and 'lv_state_t'; use an explicit cast to silence this warning
C:\Users\Josiah\Documents\Senior Design\Code\PowerSupplyMcPowerFace\src\GUI\lv_port_pc_visual_studio\LvglPlatform\lvgl\src\themes\default\lv_theme_default.c(1049,70): warning C5287: operands are different enum types 'lv_part_t' and 'lv_state_t'; use an explicit cast to silence this warning
C:\Users\Josiah\Documents\Senior Design\Code\PowerSupplyMcPowerFace\src\GUI\lv_port_pc_visual_studio\LvglPlatform\lvgl\src\themes\default\lv_theme_default.c(1052,69): warning C5287: operands are different enum types 'lv_part_t' and 'lv_state_t'; use an explicit cast to silence this warning
C:\Users\Josiah\Documents\Senior Design\Code\PowerSupplyMcPowerFace\src\GUI\lv_port_pc_visual_studio\LvglPlatform\lvgl\src\themes\default\lv_theme_default.c(1053,75): warning C5287: operands are different enum types 'lv_part_t' and 'lv_state_t'; use an explicit cast to silence this warning
C:\Users\Josiah\Documents\Senior Design\Code\PowerSupplyMcPowerFace\src\GUI\lv_port_pc_visual_studio\LvglPlatform\lvgl\src\themes\default\lv_theme_default.c(1054,84): warning C5287: operands are different enum types 'lv_part_t' and 'lv_state_t'; use an explicit cast to silence this warning
C:\Users\Josiah\Documents\Senior Design\Code\PowerSupplyMcPowerFace\src\GUI\lv_port_pc_visual_studio\LvglPlatform\lvgl\src\themes\default\lv_theme_default.c(1055,86): warning C5287: operands are different enum types 'lv_part_t' and 'lv_state_t'; use an explicit cast to silence this warning
C:\Users\Josiah\Documents\Senior Design\Code\PowerSupplyMcPowerFace\src\GUI\lv_port_pc_visual_studio\LvglPlatform\lvgl\src\themes\default\lv_theme_default.c(1070,84): warning C5287: operands are different enum types 'lv_part_t' and 'lv_state_t'; use an explicit cast to silence this warning
C:\Users\Josiah\Documents\Senior Design\Code\PowerSupplyMcPowerFace\src\GUI\lv_port_pc_visual_studio\LvglPlatform\lvgl\src\themes\default\lv_theme_default.c(1094,84): warning C5287: operands are different enum types 'lv_part_t' and 'lv_state_t'; use an explicit cast to silence this warning
C:\Users\Josiah\Documents\Senior Design\Code\PowerSupplyMcPowerFace\src\GUI\lv_port_pc_visual_studio\LvglPlatform\lvgl\src\themes\default\lv_theme_default.c(1099,84): warning C5287: operands are different enum types 'lv_part_t' and 'lv_state_t'; use an explicit cast to silence this warning
C:\Users\Josiah\Documents\Senior Design\Code\PowerSupplyMcPowerFace\src\GUI\lv_port_pc_visual_studio\LvglPlatform\lvgl\src\themes\default\lv_theme_default.c(1115,84): warning C5287: operands are different enum types 'lv_part_t' and 'lv_state_t'; use an explicit cast to silence this warning
C:\Users\Josiah\Documents\Senior Design\Code\PowerSupplyMcPowerFace\src\GUI\lv_port_pc_visual_studio\LvglPlatform\lvgl\src\themes\default\lv_theme_default.c(1146,84): warning C5287: operands are different enum types 'lv_part_t' and 'lv_state_t'; use an explicit cast to silence this warning
C:\Users\Josiah\Documents\Senior Design\Code\PowerSupplyMcPowerFace\src\GUI\lv_port_pc_visual_studio\LvglPlatform\lvgl\src\themes\default\lv_theme_default.c(1177,84): warning C5287: operands are different enum types 'lv_part_t' and 'lv_state_t'; use an explicit cast to silence this warning
C:\Users\Josiah\Documents\Senior Design\Code\PowerSupplyMcPowerFace\src\GUI\lv_port_pc_visual_studio\LvglPlatform\lvgl\src\themes\default\lv_theme_default.c(1181,84): warning C5287: operands are different enum types 'lv_part_t' and 'lv_state_t'; use an explicit cast to silence this warning
C:\Users\Josiah\Documents\Senior Design\Code\PowerSupplyMcPowerFace\src\GUI\lv_port_pc_visual_studio\LvglPlatform\lvgl\src\widgets\spinbox\lv_spinbox.c(105,44): warning C4244: 'function': conversion from 'uint32_t' to 'int8_t', possible loss of data
C:\Users\Josiah\Documents\Senior Design\Code\PowerSupplyMcPowerFace\src\GUI\lv_port_pc_visual_studio\LvglPlatform\lvgl\src\widgets\spinbox\lv_spinbox.c(106,75): warning C4244: '=': conversion from 'const int64_t' to 'int32_t', possible loss of data
C:\Users\Josiah\Documents\Senior Design\Code\PowerSupplyMcPowerFace\src\GUI\lv_port_pc_visual_studio\LvglPlatform\lvgl\src\widgets\spinbox\lv_spinbox.c(107,79): warning C4244: '=': conversion from 'const int64_t' to 'int32_t', possible loss of data
C:\Users\Josiah\Documents\Senior Design\Code\PowerSupplyMcPowerFace\src\GUI\lv_port_pc_visual_studio\LvglPlatform\lvgl\src\widgets\spinbox\lv_spinbox.c(191,41): warning C4244: 'function': conversion from 'uint32_t' to 'int8_t', possible loss of data
C:\Users\Josiah\Documents\Senior Design\Code\PowerSupplyMcPowerFace\src\GUI\lv_port_pc_visual_studio\LvglPlatform\lvgl\src\widgets\spinbox\lv_spinbox.c(191,30): warning C4244: 'initializing': conversion from 'int64_t' to 'const int32_t', possible loss of data
C:\Users\Josiah\Documents\Senior Design\Code\PowerSupplyMcPowerFace\src\GUI\lv_port_pc_visual_studio\LvglPlatform\lvgl\src\widgets\spinbox\lv_spinbox.c(259,19): warning C4244: 'return': conversion from 'uint32_t' to 'bool', possible loss of data
C:\Users\Josiah\Documents\Senior Design\Code\PowerSupplyMcPowerFace\src\GUI\lv_port_pc_visual_studio\LvglPlatform\lvgl\src\widgets\spinbox\lv_spinbox.c(390,73): warning C4244: 'function': conversion from 'uint32_t' to 'int8_t', possible loss of data
C:\Users\Josiah\Documents\Senior Design\Code\PowerSupplyMcPowerFace\src\GUI\lv_port_pc_visual_studio\LvglPlatform\lvgl\src\widgets\spinbox\lv_spinbox.c(390,41): warning C4244: '=': conversion from 'int64_t' to 'int32_t', possible loss of data
C:\Users\Josiah\Documents\Senior Design\Code\PowerSupplyMcPowerFace\src\GUI\lv_port_pc_visual_studio\LvglPlatform\lvgl\src\widgets\spinbox\lv_spinbox.c(395,72): warning C4244: 'function': conversion from 'uint32_t' to 'int8_t', possible loss of data
C:\Users\Josiah\Documents\Senior Design\Code\PowerSupplyMcPowerFace\src\GUI\lv_port_pc_visual_studio\LvglPlatform\lvgl\src\widgets\spinbox\lv_spinbox.c(419,57): warning C4267: 'function': conversion from 'size_t' to 'int32_t', possible loss of data
C:\Users\Josiah\Documents\Senior Design\Code\PowerSupplyMcPowerFace\src\GUI\lv_port_pc_visual_studio\LvglPlatform\lvgl\src\widgets\spinbox\lv_spinbox.c(431,32): warning C4267: 'initializing': conversion from 'size_t' to 'uint32_t', possible loss of data
C:\Users\Josiah\Documents\Senior Design\Code\PowerSupplyMcPowerFace\src\GUI\lv_port_pc_visual_studio\LvglPlatform\lvgl\src\widgets\spinbox\lv_spinbox.c(520,28): warning C4018: '<': signed/unsigned mismatch
C:\Users\Josiah\Documents\Senior Design\Code\PowerSupplyMcPowerFace\src\GUI\lv_port_pc_visual_studio\LvglPlatform\lvgl\src\widgets\spinbox\lv_spinbox.c(497,56): warning C4267: 'initializing': conversion from 'size_t' to 'const int', possible loss of data
C:\Users\Josiah\Documents\Senior Design\Code\PowerSupplyMcPowerFace\src\GUI\lv_port_pc_visual_studio\LvglPlatform\lvgl\src\themes\simple\lv_theme_simple.c(304,70): warning C5287: operands are different enum types 'lv_part_t' and 'lv_state_t'; use an explicit cast to silence this warning
C:\Users\Josiah\Documents\Senior Design\Code\PowerSupplyMcPowerFace\src\GUI\lv_port_pc_visual_studio\LvglPlatform\lvgl\src\themes\simple\lv_theme_simple.c(339,69): warning C5287: operands are different enum types 'lv_part_t' and 'lv_state_t'; use an explicit cast to silence this warning
C:\Users\Josiah\Documents\Senior Design\Code\PowerSupplyMcPowerFace\src\GUI\lv_port_pc_visual_studio\LvglPlatform\lvgl\src\themes\simple\lv_theme_simple.c(369,72): warning C5287: operands are different enum types 'lv_part_t' and 'lv_state_t'; use an explicit cast to silence this warning
C:\Users\Josiah\Documents\Senior Design\Code\PowerSupplyMcPowerFace\src\GUI\lv_port_pc_visual_studio\LvglPlatform\lvgl\src\themes\simple\lv_theme_simple.c(383,67): warning C5287: operands are different enum types 'lv_part_t' and 'lv_state_t'; use an explicit cast to silence this warning
  lv_tabview.c
  lv_textarea.c
C:\Users\Josiah\Documents\Senior Design\Code\PowerSupplyMcPowerFace\src\GUI\lv_port_pc_visual_studio\LvglPlatform\lvgl\src\misc\lv_color.h(355,32): warning C4244: 'function': conversion from 'int' to 'uint8_t', possible loss of data
  (compiling source file '../LvglPlatform/lvgl/src/widgets/switch/lv_switch.c')
  
C:\Users\Josiah\Documents\Senior Design\Code\PowerSupplyMcPowerFace\src\GUI\lv_port_pc_visual_studio\LvglPlatform\lvgl\src\misc\lv_color.h(355,46): warning C4244: 'function': conversion from 'int' to 'uint8_t', possible loss of data
  (compiling source file '../LvglPlatform/lvgl/src/widgets/switch/lv_switch.c')
  
C:\Users\Josiah\Documents\Senior Design\Code\PowerSupplyMcPowerFace\src\GUI\lv_port_pc_visual_studio\LvglPlatform\lvgl\src\misc\lv_color.h(355,59): warning C4244: 'function': conversion from 'int' to 'uint8_t', possible loss of data
  (compiling source file '../LvglPlatform/lvgl/src/widgets/switch/lv_switch.c')
  
  lv_tileview.c
  lv_win.c
C:\Users\Josiah\Documents\Senior Design\Code\PowerSupplyMcPowerFace\src\GUI\lv_port_pc_visual_studio\LvglPlatform\lvgl\src\misc\lv_color.h(355,32): warning C4244: 'function': conversion from 'int' to 'uint8_t', possible loss of data
  (compiling source file '../LvglPlatform/lvgl/src/widgets/table/lv_table.c')
  
C:\Users\Josiah\Documents\Senior Design\Code\PowerSupplyMcPowerFace\src\GUI\lv_port_pc_visual_studio\LvglPlatform\lvgl\src\misc\lv_color.h(355,46): warning C4244: 'function': conversion from 'int' to 'uint8_t', possible loss of data
  (compiling source file '../LvglPlatform/lvgl/src/widgets/table/lv_table.c')
  
C:\Users\Josiah\Documents\Senior Design\Code\PowerSupplyMcPowerFace\src\GUI\lv_port_pc_visual_studio\LvglPlatform\lvgl\src\misc\lv_color.h(355,59): warning C4244: 'function': conversion from 'int' to 'uint8_t', possible loss of data
  (compiling source file '../LvglPlatform/lvgl/src/widgets/table/lv_table.c')
  
C:\Users\Josiah\Documents\Senior Design\Code\PowerSupplyMcPowerFace\src\GUI\lv_port_pc_visual_studio\LvglPlatform\lvgl\src\misc\lv_color.h(355,32): warning C4244: 'function': conversion from 'int' to 'uint8_t', possible loss of data
  (compiling source file '../LvglPlatform/lvgl/src/widgets/textarea/lv_textarea.c')
  
C:\Users\Josiah\Documents\Senior Design\Code\PowerSupplyMcPowerFace\src\GUI\lv_port_pc_visual_studio\LvglPlatform\lvgl\src\misc\lv_color.h(355,46): warning C4244: 'function': conversion from 'int' to 'uint8_t', possible loss of data
  (compiling source file '../LvglPlatform/lvgl/src/widgets/textarea/lv_textarea.c')
  
C:\Users\Josiah\Documents\Senior Design\Code\PowerSupplyMcPowerFace\src\GUI\lv_port_pc_visual_studio\LvglPlatform\lvgl\src\misc\lv_color.h(355,59): warning C4244: 'function': conversion from 'int' to 'uint8_t', possible loss of data
  (compiling source file '../LvglPlatform/lvgl/src/widgets/textarea/lv_textarea.c')
  
C:\Users\Josiah\Documents\Senior Design\Code\PowerSupplyMcPowerFace\src\GUI\lv_port_pc_visual_studio\LvglPlatform\lvgl\src\misc\lv_color.h(355,32): warning C4244: 'function': conversion from 'int' to 'uint8_t', possible loss of data
  (compiling source file '../LvglPlatform/lvgl/src/widgets/win/lv_win.c')
  
C:\Users\Josiah\Documents\Senior Design\Code\PowerSupplyMcPowerFace\src\GUI\lv_port_pc_visual_studio\LvglPlatform\lvgl\src\misc\lv_color.h(355,46): warning C4244: 'function': conversion from 'int' to 'uint8_t', possible loss of data
  (compiling source file '../LvglPlatform/lvgl/src/widgets/win/lv_win.c')
  
C:\Users\Josiah\Documents\Senior Design\Code\PowerSupplyMcPowerFace\src\GUI\lv_port_pc_visual_studio\LvglPlatform\lvgl\src\misc\lv_color.h(355,59): warning C4244: 'function': conversion from 'int' to 'uint8_t', possible loss of data
  (compiling source file '../LvglPlatform/lvgl/src/widgets/win/lv_win.c')
  
C:\Users\Josiah\Documents\Senior Design\Code\PowerSupplyMcPowerFace\src\GUI\lv_port_pc_visual_studio\LvglPlatform\lvgl\src\misc\lv_color.h(355,32): warning C4244: 'function': conversion from 'int' to 'uint8_t', possible loss of data
  (compiling source file '../LvglPlatform/lvgl/src/widgets/tabview/lv_tabview.c')
  
C:\Users\Josiah\Documents\Senior Design\Code\PowerSupplyMcPowerFace\src\GUI\lv_port_pc_visual_studio\LvglPlatform\lvgl\src\misc\lv_color.h(355,46): warning C4244: 'function': conversion from 'int' to 'uint8_t', possible loss of data
  (compiling source file '../LvglPlatform/lvgl/src/widgets/tabview/lv_tabview.c')
  
C:\Users\Josiah\Documents\Senior Design\Code\PowerSupplyMcPowerFace\src\GUI\lv_port_pc_visual_studio\LvglPlatform\lvgl\src\misc\lv_color.h(355,59): warning C4244: 'function': conversion from 'int' to 'uint8_t', possible loss of data
  (compiling source file '../LvglPlatform/lvgl/src/widgets/tabview/lv_tabview.c')
  
C:\Users\Josiah\Documents\Senior Design\Code\PowerSupplyMcPowerFace\src\GUI\lv_port_pc_visual_studio\LvglPlatform\lvgl\src\misc\lv_color.h(355,32): warning C4244: 'function': conversion from 'int' to 'uint8_t', possible loss of data
  (compiling source file '../LvglPlatform/lvgl/src/widgets/tileview/lv_tileview.c')
  
C:\Users\Josiah\Documents\Senior Design\Code\PowerSupplyMcPowerFace\src\GUI\lv_port_pc_visual_studio\LvglPlatform\lvgl\src\misc\lv_color.h(355,46): warning C4244: 'function': conversion from 'int' to 'uint8_t', possible loss of data
  (compiling source file '../LvglPlatform/lvgl/src/widgets/tileview/lv_tileview.c')
  
C:\Users\Josiah\Documents\Senior Design\Code\PowerSupplyMcPowerFace\src\GUI\lv_port_pc_visual_studio\LvglPlatform\lvgl\src\misc\lv_color.h(355,59): warning C4244: 'function': conversion from 'int' to 'uint8_t', possible loss of data
  (compiling source file '../LvglPlatform/lvgl/src/widgets/tileview/lv_tileview.c')
  
C:\Users\Josiah\Documents\Senior Design\Code\PowerSupplyMcPowerFace\src\GUI\lv_port_pc_visual_studio\LvglPlatform\lvgl\src\widgets\calendar\lv_calendar.c(103,36): warning C4244: '=': conversion from 'uint32_t' to 'uint16_t', possible loss of data
C:\Users\Josiah\Documents\Senior Design\Code\PowerSupplyMcPowerFace\src\GUI\lv_port_pc_visual_studio\LvglPlatform\lvgl\src\widgets\calendar\lv_calendar.c(104,36): warning C4244: '=': conversion from 'uint32_t' to 'uint8_t', possible loss of data
C:\Users\Josiah\Documents\Senior Design\Code\PowerSupplyMcPowerFace\src\GUI\lv_port_pc_visual_studio\LvglPlatform\lvgl\src\widgets\calendar\lv_calendar.c(105,36): warning C4244: '=': conversion from 'uint32_t' to 'uint8_t', possible loss of data
C:\Users\Josiah\Documents\Senior Design\Code\PowerSupplyMcPowerFace\src\GUI\lv_port_pc_visual_studio\LvglPlatform\lvgl\src\widgets\calendar\lv_calendar.c(153,36): warning C4244: '=': conversion from 'uint32_t' to 'uint16_t', possible loss of data
C:\Users\Josiah\Documents\Senior Design\Code\PowerSupplyMcPowerFace\src\GUI\lv_port_pc_visual_studio\LvglPlatform\lvgl\src\widgets\calendar\lv_calendar.c(154,36): warning C4244: '=': conversion from 'uint32_t' to 'uint8_t', possible loss of data
C:\Users\Josiah\Documents\Senior Design\Code\PowerSupplyMcPowerFace\src\GUI\lv_port_pc_visual_studio\LvglPlatform\lvgl\src\widgets\calendar\lv_calendar.c(179,33): warning C4018: '<': signed/unsigned mismatch
C:\Users\Josiah\Documents\Senior Design\Code\PowerSupplyMcPowerFace\src\GUI\lv_port_pc_visual_studio\LvglPlatform\lvgl\src\widgets\calendar\lv_calendar.c(461,12): warning C4244: 'return': conversion from 'uint32_t' to 'uint8_t', possible loss of data
C:\Users\Josiah\Documents\Senior Design\Code\PowerSupplyMcPowerFace\src\GUI\lv_port_pc_visual_studio\LvglPlatform\lvgl\src\widgets\chart\lv_chart.c(923,22): warning C4244: '=': conversion from 'uint32_t' to 'int16_t', possible loss of data
C:\Users\Josiah\Documents\Senior Design\Code\PowerSupplyMcPowerFace\src\GUI\lv_port_pc_visual_studio\LvglPlatform\lvgl\src\widgets\chart\lv_chart.c(944,22): warning C4244: '=': conversion from 'uint32_t' to 'int16_t', possible loss of data
C:\Users\Josiah\Documents\Senior Design\Code\PowerSupplyMcPowerFace\src\GUI\lv_port_pc_visual_studio\LvglPlatform\lvgl\src\widgets\dropdown\lv_dropdown.c(298,27): warning C4267: 'initializing': conversion from 'size_t' to 'uint32_t', possible loss of data
C:\Users\Josiah\Documents\Senior Design\Code\PowerSupplyMcPowerFace\src\GUI\lv_port_pc_visual_studio\LvglPlatform\lvgl\src\widgets\imagebutton\lv_imagebutton.c(183,20): warning C4018: '>': signed/unsigned mismatch
C:\Users\Josiah\Documents\Senior Design\Code\PowerSupplyMcPowerFace\src\GUI\lv_port_pc_visual_studio\LvglPlatform\lvgl\src\widgets\image\lv_image.c(314,67): warning C4244: 'function': conversion from 'uint32_t' to 'uint16_t', possible loss of data
C:\Users\Josiah\Documents\Senior Design\Code\PowerSupplyMcPowerFace\src\GUI\lv_port_pc_visual_studio\LvglPlatform\lvgl\src\widgets\image\lv_image.c(314,81): warning C4244: 'function': conversion from 'uint32_t' to 'uint16_t', possible loss of data
C:\Users\Josiah\Documents\Senior Design\Code\PowerSupplyMcPowerFace\src\GUI\lv_port_pc_visual_studio\LvglPlatform\lvgl\src\widgets\image\lv_image.c(330,67): warning C4244: 'function': conversion from 'uint32_t' to 'uint16_t', possible loss of data
C:\Users\Josiah\Documents\Senior Design\Code\PowerSupplyMcPowerFace\src\GUI\lv_port_pc_visual_studio\LvglPlatform\lvgl\src\widgets\image\lv_image.c(330,81): warning C4244: 'function': conversion from 'uint32_t' to 'uint16_t', possible loss of data
C:\Users\Josiah\Documents\Senior Design\Code\PowerSupplyMcPowerFace\src\GUI\lv_port_pc_visual_studio\LvglPlatform\lvgl\src\widgets\image\lv_image.c(356,67): warning C4244: 'function': conversion from 'uint32_t' to 'uint16_t', possible loss of data
C:\Users\Josiah\Documents\Senior Design\Code\PowerSupplyMcPowerFace\src\GUI\lv_port_pc_visual_studio\LvglPlatform\lvgl\src\widgets\image\lv_image.c(356,81): warning C4244: 'function': conversion from 'uint32_t' to 'uint16_t', possible loss of data
C:\Users\Josiah\Documents\Senior Design\Code\PowerSupplyMcPowerFace\src\GUI\lv_port_pc_visual_studio\LvglPlatform\lvgl\src\widgets\image\lv_image.c(373,67): warning C4244: 'function': conversion from 'uint32_t' to 'uint16_t', possible loss of data
C:\Users\Josiah\Documents\Senior Design\Code\PowerSupplyMcPowerFace\src\GUI\lv_port_pc_visual_studio\LvglPlatform\lvgl\src\widgets\image\lv_image.c(373,81): warning C4244: 'function': conversion from 'uint32_t' to 'uint16_t', possible loss of data
C:\Users\Josiah\Documents\Senior Design\Code\PowerSupplyMcPowerFace\src\GUI\lv_port_pc_visual_studio\LvglPlatform\lvgl\src\widgets\image\lv_image.c(452,24): warning C4389: '==': signed/unsigned mismatch
C:\Users\Josiah\Documents\Senior Design\Code\PowerSupplyMcPowerFace\src\GUI\lv_port_pc_visual_studio\LvglPlatform\lvgl\src\widgets\image\lv_image.c(464,18): warning C4389: '==': signed/unsigned mismatch
C:\Users\Josiah\Documents\Senior Design\Code\PowerSupplyMcPowerFace\src\GUI\lv_port_pc_visual_studio\LvglPlatform\lvgl\src\widgets\image\lv_image.c(475,14): warning C4389: '==': signed/unsigned mismatch
C:\Users\Josiah\Documents\Senior Design\Code\PowerSupplyMcPowerFace\src\GUI\lv_port_pc_visual_studio\LvglPlatform\lvgl\src\widgets\image\lv_image.c(605,77): warning C4244: 'function': conversion from 'uint32_t' to 'uint16_t', possible loss of data
C:\Users\Josiah\Documents\Senior Design\Code\PowerSupplyMcPowerFace\src\GUI\lv_port_pc_visual_studio\LvglPlatform\lvgl\src\widgets\image\lv_image.c(605,91): warning C4244: 'function': conversion from 'uint32_t' to 'uint16_t', possible loss of data
C:\Users\Josiah\Documents\Senior Design\Code\PowerSupplyMcPowerFace\src\GUI\lv_port_pc_visual_studio\LvglPlatform\lvgl\src\widgets\image\lv_image.c(621,77): warning C4244: 'function': conversion from 'uint32_t' to 'uint16_t', possible loss of data
C:\Users\Josiah\Documents\Senior Design\Code\PowerSupplyMcPowerFace\src\GUI\lv_port_pc_visual_studio\LvglPlatform\lvgl\src\widgets\image\lv_image.c(621,91): warning C4244: 'function': conversion from 'uint32_t' to 'uint16_t', possible loss of data
C:\Users\Josiah\Documents\Senior Design\Code\PowerSupplyMcPowerFace\src\GUI\lv_port_pc_visual_studio\LvglPlatform\lvgl\src\widgets\image\lv_image.c(755,75): warning C4244: 'function': conversion from 'uint32_t' to 'uint16_t', possible loss of data
C:\Users\Josiah\Documents\Senior Design\Code\PowerSupplyMcPowerFace\src\GUI\lv_port_pc_visual_studio\LvglPlatform\lvgl\src\widgets\image\lv_image.c(755,89): warning C4244: 'function': conversion from 'uint32_t' to 'uint16_t', possible loss of data
C:\Users\Josiah\Documents\Senior Design\Code\PowerSupplyMcPowerFace\src\GUI\lv_port_pc_visual_studio\LvglPlatform\lvgl\src\widgets\image\lv_image.c(783,80): warning C4244: 'function': conversion from 'uint32_t' to 'uint16_t', possible loss of data
C:\Users\Josiah\Documents\Senior Design\Code\PowerSupplyMcPowerFace\src\GUI\lv_port_pc_visual_studio\LvglPlatform\lvgl\src\widgets\image\lv_image.c(783,94): warning C4244: 'function': conversion from 'uint32_t' to 'uint16_t', possible loss of data
C:\Users\Josiah\Documents\Senior Design\Code\PowerSupplyMcPowerFace\src\GUI\lv_port_pc_visual_studio\LvglPlatform\lvgl\src\widgets\image\lv_image.c(847,104): warning C4244: 'function': conversion from 'uint32_t' to 'uint16_t', possible loss of data
C:\Users\Josiah\Documents\Senior Design\Code\PowerSupplyMcPowerFace\src\GUI\lv_port_pc_visual_studio\LvglPlatform\lvgl\src\widgets\image\lv_image.c(847,118): warning C4244: 'function': conversion from 'uint32_t' to 'uint16_t', possible loss of data
C:\Users\Josiah\Documents\Senior Design\Code\PowerSupplyMcPowerFace\src\GUI\lv_port_pc_visual_studio\LvglPlatform\lvgl\src\widgets\image\lv_image.c(888,37): warning C4244: '=': conversion from 'uint32_t' to 'uint16_t', possible loss of data
C:\Users\Josiah\Documents\Senior Design\Code\PowerSupplyMcPowerFace\src\GUI\lv_port_pc_visual_studio\LvglPlatform\lvgl\src\widgets\image\lv_image.c(981,67): warning C4244: 'function': conversion from 'uint32_t' to 'uint16_t', possible loss of data
C:\Users\Josiah\Documents\Senior Design\Code\PowerSupplyMcPowerFace\src\GUI\lv_port_pc_visual_studio\LvglPlatform\lvgl\src\widgets\image\lv_image.c(981,81): warning C4244: 'function': conversion from 'uint32_t' to 'uint16_t', possible loss of data
C:\Users\Josiah\Documents\Senior Design\Code\PowerSupplyMcPowerFace\src\GUI\lv_port_pc_visual_studio\LvglPlatform\lvgl\src\widgets\image\lv_image.c(998,67): warning C4244: 'function': conversion from 'uint32_t' to 'uint16_t', possible loss of data
C:\Users\Josiah\Documents\Senior Design\Code\PowerSupplyMcPowerFace\src\GUI\lv_port_pc_visual_studio\LvglPlatform\lvgl\src\widgets\image\lv_image.c(998,81): warning C4244: 'function': conversion from 'uint32_t' to 'uint16_t', possible loss of data
C:\Users\Josiah\Documents\Senior Design\Code\PowerSupplyMcPowerFace\src\GUI\lv_port_pc_visual_studio\LvglPlatform\lvgl\src\widgets\roller\lv_roller.c(849,23): warning C4244: '=': conversion from 'int32_t' to 'int16_t', possible loss of data
C:\Users\Josiah\Documents\Senior Design\Code\PowerSupplyMcPowerFace\src\GUI\lv_port_pc_visual_studio\LvglPlatform\lvgl\src\widgets\roller\lv_roller.c(933,18): warning C4244: '+=': conversion from 'int32_t' to 'int16_t', possible loss of data
C:\Users\Josiah\Documents\Senior Design\Code\PowerSupplyMcPowerFace\src\GUI\lv_port_pc_visual_studio\LvglPlatform\lvgl\src\widgets\span\lv_span.c(321,24): warning C4389: '==': signed/unsigned mismatch
  lv_lovyan_gfx.cpp
  lv_tft_espi.cpp
  lv_fs_arduino_esp_littlefs.cpp
  lv_fs_arduino_sd.cpp
  lv_gltf_bind.cpp
  lv_gltf_data.cpp
  lv_gltf_data_animations.cpp
  lv_gltf_data_cache.cpp
  lv_gltf_data_injest.cpp
  lv_gltf_data_mesh.cpp
  lv_gltf_data_node.cpp
  lv_gltf_data_primitive.cpp
  lv_gltf_data_shader.cpp
  lv_gltf_data_skin.cpp
C:\Users\Josiah\Documents\Senior Design\Code\PowerSupplyMcPowerFace\src\GUI\lv_port_pc_visual_studio\LvglPlatform\lvgl\src\misc\lv_color.h(355,59): warning C4244: 'argument': conversion from 'int' to 'uint8_t', possible loss of data
  (compiling source file '../LvglPlatform/lvgl/src/drivers/display/lovyan_gfx/lv_lovyan_gfx.cpp')
  
C:\Users\Josiah\Documents\Senior Design\Code\PowerSupplyMcPowerFace\src\GUI\lv_port_pc_visual_studio\LvglPlatform\lvgl\src\misc\lv_color.h(355,46): warning C4244: 'argument': conversion from 'int' to 'uint8_t', possible loss of data
  (compiling source file '../LvglPlatform/lvgl/src/drivers/display/lovyan_gfx/lv_lovyan_gfx.cpp')
  
C:\Users\Josiah\Documents\Senior Design\Code\PowerSupplyMcPowerFace\src\GUI\lv_port_pc_visual_studio\LvglPlatform\lvgl\src\misc\lv_color.h(355,32): warning C4244: 'argument': conversion from 'int' to 'uint8_t', possible loss of data
  (compiling source file '../LvglPlatform/lvgl/src/drivers/display/lovyan_gfx/lv_lovyan_gfx.cpp')
  
  lv_gltf_data_texture.cpp
  lv_gltf_uniform_locations.cpp
  lv_gltf_view.cpp
  lv_gltf_view_render.cpp
  lv_gltf_view_shader.cpp
  lv_gltf_math.cpp
  tvgAccessor.cpp
  tvgAnimation.cpp
  tvgCanvas.cpp
  tvgCapi.cpp
  tvgCompressor.cpp
C:\Users\Josiah\Documents\Senior Design\Code\PowerSupplyMcPowerFace\src\GUI\lv_port_pc_visual_studio\LvglPlatform\lvgl\src\misc\lv_color.h(355,59): warning C4244: 'argument': conversion from 'int' to 'uint8_t', possible loss of data
  (compiling source file '../LvglPlatform/lvgl/src/libs/fsdrv/lv_fs_arduino_esp_littlefs.cpp')
  
C:\Users\Josiah\Documents\Senior Design\Code\PowerSupplyMcPowerFace\src\GUI\lv_port_pc_visual_studio\LvglPlatform\lvgl\src\misc\lv_color.h(355,46): warning C4244: 'argument': conversion from 'int' to 'uint8_t', possible loss of data
  (compiling source file '../LvglPlatform/lvgl/src/libs/fsdrv/lv_fs_arduino_esp_littlefs.cpp')
  
C:\Users\Josiah\Documents\Senior Design\Code\PowerSupplyMcPowerFace\src\GUI\lv_port_pc_visual_studio\LvglPlatform\lvgl\src\misc\lv_color.h(355,32): warning C4244: 'argument': conversion from 'int' to 'uint8_t', possible loss of data
  (compiling source file '../LvglPlatform/lvgl/src/libs/fsdrv/lv_fs_arduino_esp_littlefs.cpp')
  
  tvgFill.cpp
  tvgGlCanvas.cpp
  tvgInitializer.cpp
  tvgLoader.cpp
  tvgLottieAnimation.cpp
  tvgLottieBuilder.cpp
  tvgLottieExpressions.cpp
  tvgLottieInterpolator.cpp
C:\Users\Josiah\Documents\Senior Design\Code\PowerSupplyMcPowerFace\src\GUI\lv_port_pc_visual_studio\LvglPlatform\lvgl\src\misc\lv_color.h(355,59): warning C4244: 'argument': conversion from 'int' to 'uint8_t', possible loss of data
  (compiling source file '../LvglPlatform/lvgl/src/drivers/display/tft_espi/lv_tft_espi.cpp')
  
C:\Users\Josiah\Documents\Senior Design\Code\PowerSupplyMcPowerFace\src\GUI\lv_port_pc_visual_studio\LvglPlatform\lvgl\src\misc\lv_color.h(355,46): warning C4244: 'argument': conversion from 'int' to 'uint8_t', possible loss of data
  (compiling source file '../LvglPlatform/lvgl/src/drivers/display/tft_espi/lv_tft_espi.cpp')
  
C:\Users\Josiah\Documents\Senior Design\Code\PowerSupplyMcPowerFace\src\GUI\lv_port_pc_visual_studio\LvglPlatform\lvgl\src\misc\lv_color.h(355,32): warning C4244: 'argument': conversion from 'int' to 'uint8_t', possible loss of data
  (compiling source file '../LvglPlatform/lvgl/src/drivers/display/tft_espi/lv_tft_espi.cpp')
  
C:\Users\Josiah\Documents\Senior Design\Code\PowerSupplyMcPowerFace\src\GUI\lv_port_pc_visual_studio\LvglPlatform\lvgl\src\misc\lv_color.h(355,59): warning C4244: 'argument': conversion from 'int' to 'uint8_t', possible loss of data
  (compiling source file '../LvglPlatform/lvgl/src/libs/fsdrv/lv_fs_arduino_sd.cpp')
  
C:\Users\Josiah\Documents\Senior Design\Code\PowerSupplyMcPowerFace\src\GUI\lv_port_pc_visual_studio\LvglPlatform\lvgl\src\misc\lv_color.h(355,46): warning C4244: 'argument': conversion from 'int' to 'uint8_t', possible loss of data
  (compiling source file '../LvglPlatform/lvgl/src/libs/fsdrv/lv_fs_arduino_sd.cpp')
  
C:\Users\Josiah\Documents\Senior Design\Code\PowerSupplyMcPowerFace\src\GUI\lv_port_pc_visual_studio\LvglPlatform\lvgl\src\misc\lv_color.h(355,32): warning C4244: 'argument': conversion from 'int' to 'uint8_t', possible loss of data
  (compiling source file '../LvglPlatform/lvgl/src/libs/fsdrv/lv_fs_arduino_sd.cpp')
  
  tvgLottieLoader.cpp
  tvgLottieModel.cpp
  tvgLottieModifier.cpp
  tvgLottieParser.cpp
  tvgLottieParserHandler.cpp
  tvgMath.cpp
  tvgPaint.cpp
  tvgPicture.cpp
  tvgRawLoader.cpp
  tvgRender.cpp
  tvgSaver.cpp
  tvgScene.cpp
  tvgShape.cpp
  tvgStr.cpp
  tvgSvgCssStyle.cpp
  tvgSvgLoader.cpp
  tvgSvgPath.cpp
  tvgSvgSceneBuilder.cpp
  tvgSvgUtil.cpp
  tvgSwCanvas.cpp
  tvgSwFill.cpp
  tvgSwImage.cpp
  tvgSwMath.cpp
  tvgSwMemPool.cpp
  tvgSwPostEffect.cpp
  tvgSwRaster.cpp
  tvgSwRenderer.cpp
  tvgSwRle.cpp
  tvgSwShape.cpp
  tvgSwStroke.cpp
  tvgTaskScheduler.cpp
  tvgText.cpp
  tvgWgCanvas.cpp
  tvgXmlParser.cpp
  vg_lite_tvg.cpp
C:\Users\Josiah\Documents\Senior Design\Code\PowerSupplyMcPowerFace\src\GUI\lv_port_pc_visual_studio\Output\Objects\Debug\LvglWindowsStatic\x64\lv_gltf_view_shader.obj : warning LNK4042: object specified more than once; extras ignored
C:\Users\Josiah\Documents\Senior Design\Code\PowerSupplyMcPowerFace\src\GUI\lv_port_pc_visual_studio\Output\Objects\Debug\LvglWindowsStatic\x64\vg_lite_matrix.obj : warning LNK4042: object specified more than once; extras ignored
  LvglWindowsStatic.vcxproj -> C:\Users\Josiah\Documents\Senior Design\Code\PowerSupplyMcPowerFace\src\GUI\lv_port_pc_visual_studio\Output\Binaries\Debug\x64\LvglWindowsStatic.lib
