c:\users\josiah\documents\senior design\code\powersupplymcpowerface\src\gui\lv_port_pc_visual_studio\output\objects\debug\lvglwindowssimulator\x64\vc145.pdb
c:\users\josiah\documents\senior design\code\powersupplymcpowerface\src\gui\lv_port_pc_visual_studio\output\objects\debug\lvglwindowssimulator\x64\vc145.idb
c:\users\josiah\documents\senior design\code\powersupplymcpowerface\src\gui\lv_port_pc_visual_studio\output\objects\debug\lvglwindowssimulator\x64\lvglwindowssimulator.obj
c:\users\josiah\documents\senior design\code\powersupplymcpowerface\src\gui\lv_port_pc_visual_studio\output\objects\debug\lvglwindowssimulator\x64\lv_gltf_data_primitive.obj
c:\users\josiah\documents\senior design\code\powersupplymcpowerface\src\gui\lv_port_pc_visual_studio\output\objects\debug\lvglwindowssimulator\x64\tvglottiemodifier.obj
c:\users\josiah\documents\senior design\code\powersupplymcpowerface\src\gui\lv_port_pc_visual_studio\output\objects\debug\lvglwindowssimulator\x64\tvgswmempool.obj
c:\users\josiah\documents\senior design\code\powersupplymcpowerface\src\gui\lv_port_pc_visual_studio\output\objects\debug\lvglwindowssimulator\x64\lv_fs_arduino_esp_littlefs.obj
c:\users\josiah\documents\senior design\code\powersupplymcpowerface\src\gui\lv_port_pc_visual_studio\output\objects\debug\lvglwindowssimulator\x64\lv_gltf_bind.obj
c:\users\josiah\documents\senior design\code\powersupplymcpowerface\src\gui\lv_port_pc_visual_studio\output\objects\debug\lvglwindowssimulator\x64\tvganimation.obj
c:\users\josiah\documents\senior design\code\powersupplymcpowerface\src\gui\lv_port_pc_visual_studio\output\objects\debug\lvglwindowssimulator\x64\tvglottieparser.obj
c:\users\josiah\documents\senior design\code\powersupplymcpowerface\src\gui\lv_port_pc_visual_studio\output\objects\debug\lvglwindowssimulator\x64\tvgswimage.obj
c:\users\josiah\documents\senior design\code\powersupplymcpowerface\src\gui\lv_port_pc_visual_studio\output\objects\debug\lvglwindowssimulator\x64\lv_gltf_math.obj
c:\users\josiah\documents\senior design\code\powersupplymcpowerface\src\gui\lv_port_pc_visual_studio\output\objects\debug\lvglwindowssimulator\x64\tvglottieloader.obj
c:\users\josiah\documents\senior design\code\powersupplymcpowerface\src\gui\lv_port_pc_visual_studio\output\objects\debug\lvglwindowssimulator\x64\tvgswcanvas.obj
c:\users\josiah\documents\senior design\code\powersupplymcpowerface\src\gui\lv_port_pc_visual_studio\output\objects\debug\lvglwindowssimulator\x64\lv_gltf_view_render.obj
c:\users\josiah\documents\senior design\code\powersupplymcpowerface\src\gui\lv_port_pc_visual_studio\output\objects\debug\lvglwindowssimulator\x64\tvglottieanimation.obj
c:\users\josiah\documents\senior design\code\powersupplymcpowerface\src\gui\lv_port_pc_visual_studio\output\objects\debug\lvglwindowssimulator\x64\tvgsvgcssstyle.obj
c:\users\josiah\documents\senior design\code\powersupplymcpowerface\src\gui\lv_port_pc_visual_studio\output\objects\debug\lvglwindowssimulator\x64\lv_gltf_data_animations.obj
c:\users\josiah\documents\senior design\code\powersupplymcpowerface\src\gui\lv_port_pc_visual_studio\output\objects\debug\lvglwindowssimulator\x64\tvgcanvas.obj
c:\users\josiah\documents\senior design\code\powersupplymcpowerface\src\gui\lv_port_pc_visual_studio\output\objects\debug\lvglwindowssimulator\x64\tvglottiemodel.obj
c:\users\josiah\documents\senior design\code\powersupplymcpowerface\src\gui\lv_port_pc_visual_studio\output\objects\debug\lvglwindowssimulator\x64\tvgsvgscenebuilder.obj
c:\users\josiah\documents\senior design\code\powersupplymcpowerface\src\gui\lv_port_pc_visual_studio\output\objects\debug\lvglwindowssimulator\x64\vg_lite_tvg.obj
c:\users\josiah\documents\senior design\code\powersupplymcpowerface\src\gui\lv_port_pc_visual_studio\output\objects\debug\lvglwindowssimulator\x64\lv_gltf_uniform_locations.obj
c:\users\josiah\documents\senior design\code\powersupplymcpowerface\src\gui\lv_port_pc_visual_studio\output\objects\debug\lvglwindowssimulator\x64\tvglottieexpressions.obj
c:\users\josiah\documents\senior design\code\powersupplymcpowerface\src\gui\lv_port_pc_visual_studio\output\objects\debug\lvglwindowssimulator\x64\tvgsvgloader.obj
c:\users\josiah\documents\senior design\code\powersupplymcpowerface\src\gui\lv_port_pc_visual_studio\output\objects\debug\lvglwindowssimulator\x64\tvgxmlparser.obj
c:\users\josiah\documents\senior design\code\powersupplymcpowerface\src\gui\lv_port_pc_visual_studio\output\objects\debug\lvglwindowssimulator\x64\lv_gltf_data_skin.obj
c:\users\josiah\documents\senior design\code\powersupplymcpowerface\src\gui\lv_port_pc_visual_studio\output\objects\debug\lvglwindowssimulator\x64\tvgrender.obj
c:\users\josiah\documents\senior design\code\powersupplymcpowerface\src\gui\lv_port_pc_visual_studio\output\objects\debug\lvglwindowssimulator\x64\tvgswrle.obj
c:\users\josiah\documents\senior design\code\powersupplymcpowerface\src\gui\lv_port_pc_visual_studio\output\objects\debug\lvglwindowssimulator\x64\lv_gltf_view.obj
c:\users\josiah\documents\senior design\code\powersupplymcpowerface\src\gui\lv_port_pc_visual_studio\output\objects\debug\lvglwindowssimulator\x64\tvgpicture.obj
c:\users\josiah\documents\senior design\code\powersupplymcpowerface\src\gui\lv_port_pc_visual_studio\output\objects\debug\lvglwindowssimulator\x64\tvgswrenderer.obj
c:\users\josiah\documents\senior design\code\powersupplymcpowerface\src\gui\lv_port_pc_visual_studio\output\objects\debug\lvglwindowssimulator\x64\lv_gltf_data_mesh.obj
c:\users\josiah\documents\senior design\code\powersupplymcpowerface\src\gui\lv_port_pc_visual_studio\output\objects\debug\lvglwindowssimulator\x64\tvgfill.obj
c:\users\josiah\documents\senior design\code\powersupplymcpowerface\src\gui\lv_port_pc_visual_studio\output\objects\debug\lvglwindowssimulator\x64\tvgscene.obj
c:\users\josiah\documents\senior design\code\powersupplymcpowerface\src\gui\lv_port_pc_visual_studio\output\objects\debug\lvglwindowssimulator\x64\tvgswstroke.obj
c:\users\josiah\documents\senior design\code\powersupplymcpowerface\src\gui\lv_port_pc_visual_studio\output\objects\debug\lvglwindowssimulator\x64\lv_gltf_data_shader.obj
c:\users\josiah\documents\senior design\code\powersupplymcpowerface\src\gui\lv_port_pc_visual_studio\output\objects\debug\lvglwindowssimulator\x64\tvgloader.obj
c:\users\josiah\documents\senior design\code\powersupplymcpowerface\src\gui\lv_port_pc_visual_studio\output\objects\debug\lvglwindowssimulator\x64\tvgstr.obj
c:\users\josiah\documents\senior design\code\powersupplymcpowerface\src\gui\lv_port_pc_visual_studio\output\objects\debug\lvglwindowssimulator\x64\tvgtext.obj
c:\users\josiah\documents\senior design\code\powersupplymcpowerface\src\gui\lv_port_pc_visual_studio\output\objects\debug\lvglwindowssimulator\x64\lv_gltf_data_node.obj
c:\users\josiah\documents\senior design\code\powersupplymcpowerface\src\gui\lv_port_pc_visual_studio\output\objects\debug\lvglwindowssimulator\x64\tvglottieinterpolator.obj
c:\users\josiah\documents\senior design\code\powersupplymcpowerface\src\gui\lv_port_pc_visual_studio\output\objects\debug\lvglwindowssimulator\x64\tvgsvgpath.obj
c:\users\josiah\documents\senior design\code\powersupplymcpowerface\src\gui\lv_port_pc_visual_studio\output\objects\debug\lvglwindowssimulator\x64\tvgwgcanvas.obj
c:\users\josiah\documents\senior design\code\powersupplymcpowerface\src\gui\lv_port_pc_visual_studio\output\objects\debug\lvglwindowssimulator\x64\lv_gltf_data_cache.obj
c:\users\josiah\documents\senior design\code\powersupplymcpowerface\src\gui\lv_port_pc_visual_studio\output\objects\debug\lvglwindowssimulator\x64\tvgaccessor.obj
c:\users\josiah\documents\senior design\code\powersupplymcpowerface\src\gui\lv_port_pc_visual_studio\output\objects\debug\lvglwindowssimulator\x64\tvglottieparserhandler.obj
c:\users\josiah\documents\senior design\code\powersupplymcpowerface\src\gui\lv_port_pc_visual_studio\output\objects\debug\lvglwindowssimulator\x64\tvgswfill.obj
c:\users\josiah\documents\senior design\code\powersupplymcpowerface\src\gui\lv_port_pc_visual_studio\output\objects\debug\lvglwindowssimulator\x64\lv_lovyan_gfx.obj
c:\users\josiah\documents\senior design\code\powersupplymcpowerface\src\gui\lv_port_pc_visual_studio\output\objects\debug\lvglwindowssimulator\x64\tvginitializer.obj
c:\users\josiah\documents\senior design\code\powersupplymcpowerface\src\gui\lv_port_pc_visual_studio\output\objects\debug\lvglwindowssimulator\x64\tvgshape.obj
c:\users\josiah\documents\senior design\code\powersupplymcpowerface\src\gui\lv_port_pc_visual_studio\output\objects\debug\lvglwindowssimulator\x64\tvgswshape.obj
c:\users\josiah\documents\senior design\code\powersupplymcpowerface\src\gui\lv_port_pc_visual_studio\output\objects\debug\lvglwindowssimulator\x64\lv_gltf_data_texture.obj
c:\users\josiah\documents\senior design\code\powersupplymcpowerface\src\gui\lv_port_pc_visual_studio\output\objects\debug\lvglwindowssimulator\x64\tvglottiebuilder.obj
c:\users\josiah\documents\senior design\code\powersupplymcpowerface\src\gui\lv_port_pc_visual_studio\output\objects\debug\lvglwindowssimulator\x64\tvgsvgutil.obj
c:\users\josiah\documents\senior design\code\powersupplymcpowerface\src\gui\lv_port_pc_visual_studio\output\objects\debug\lvglwindowssimulator\x64\lv_tft_espi.obj
c:\users\josiah\documents\senior design\code\powersupplymcpowerface\src\gui\lv_port_pc_visual_studio\output\objects\debug\lvglwindowssimulator\x64\tvgcompressor.obj
c:\users\josiah\documents\senior design\code\powersupplymcpowerface\src\gui\lv_port_pc_visual_studio\output\objects\debug\lvglwindowssimulator\x64\tvgrawloader.obj
c:\users\josiah\documents\senior design\code\powersupplymcpowerface\src\gui\lv_port_pc_visual_studio\output\objects\debug\lvglwindowssimulator\x64\tvgswraster.obj
c:\users\josiah\documents\senior design\code\powersupplymcpowerface\src\gui\lv_port_pc_visual_studio\output\objects\debug\lvglwindowssimulator\x64\lv_gltf_data_injest.obj
c:\users\josiah\documents\senior design\code\powersupplymcpowerface\src\gui\lv_port_pc_visual_studio\output\objects\debug\lvglwindowssimulator\x64\tvgglcanvas.obj
c:\users\josiah\documents\senior design\code\powersupplymcpowerface\src\gui\lv_port_pc_visual_studio\output\objects\debug\lvglwindowssimulator\x64\tvgsaver.obj
c:\users\josiah\documents\senior design\code\powersupplymcpowerface\src\gui\lv_port_pc_visual_studio\output\objects\debug\lvglwindowssimulator\x64\tvgtaskscheduler.obj
c:\users\josiah\documents\senior design\code\powersupplymcpowerface\src\gui\lv_port_pc_visual_studio\output\objects\debug\lvglwindowssimulator\x64\lv_gltf_data.obj
c:\users\josiah\documents\senior design\code\powersupplymcpowerface\src\gui\lv_port_pc_visual_studio\output\objects\debug\lvglwindowssimulator\x64\tvgcapi.obj
c:\users\josiah\documents\senior design\code\powersupplymcpowerface\src\gui\lv_port_pc_visual_studio\output\objects\debug\lvglwindowssimulator\x64\tvgpaint.obj
c:\users\josiah\documents\senior design\code\powersupplymcpowerface\src\gui\lv_port_pc_visual_studio\output\objects\debug\lvglwindowssimulator\x64\tvgswposteffect.obj
c:\users\josiah\documents\senior design\code\powersupplymcpowerface\src\gui\lv_port_pc_visual_studio\output\objects\debug\lvglwindowssimulator\x64\lv_fs_arduino_sd.obj
c:\users\josiah\documents\senior design\code\powersupplymcpowerface\src\gui\lv_port_pc_visual_studio\output\objects\debug\lvglwindowssimulator\x64\lv_gltf_view_shader.obj
c:\users\josiah\documents\senior design\code\powersupplymcpowerface\src\gui\lv_port_pc_visual_studio\output\objects\debug\lvglwindowssimulator\x64\tvgmath.obj
c:\users\josiah\documents\senior design\code\powersupplymcpowerface\src\gui\lv_port_pc_visual_studio\output\objects\debug\lvglwindowssimulator\x64\tvgswmath.obj
c:\users\josiah\documents\senior design\code\powersupplymcpowerface\src\gui\lv_port_pc_visual_studio\output\objects\debug\lvglwindowssimulator\x64\img_benchmark_avatar.obj
c:\users\josiah\documents\senior design\code\powersupplymcpowerface\src\gui\lv_port_pc_visual_studio\output\objects\debug\lvglwindowssimulator\x64\img_lv_demo_music_btn_loop_large.obj
c:\users\josiah\documents\senior design\code\powersupplymcpowerface\src\gui\lv_port_pc_visual_studio\output\objects\debug\lvglwindowssimulator\x64\img_lv_demo_music_icon_1.obj
c:\users\josiah\documents\senior design\code\powersupplymcpowerface\src\gui\lv_port_pc_visual_studio\output\objects\debug\lvglwindowssimulator\x64\img_render_arc_bg.obj
c:\users\josiah\documents\senior design\code\powersupplymcpowerface\src\gui\lv_port_pc_visual_studio\output\objects\debug\lvglwindowssimulator\x64\lv_example_anim_2.obj
c:\users\josiah\documents\senior design\code\powersupplymcpowerface\src\gui\lv_port_pc_visual_studio\output\objects\debug\lvglwindowssimulator\x64\lv_example_event_click.obj
c:\users\josiah\documents\senior design\code\powersupplymcpowerface\src\gui\lv_port_pc_visual_studio\output\objects\debug\lvglwindowssimulator\x64\lv_example_grid_1.obj
c:\users\josiah\documents\senior design\code\powersupplymcpowerface\src\gui\lv_port_pc_visual_studio\output\objects\debug\lvglwindowssimulator\x64\lv_example_qrcode_1.obj
c:\users\josiah\documents\senior design\code\powersupplymcpowerface\src\gui\lv_port_pc_visual_studio\output\objects\debug\lvglwindowssimulator\x64\lv_example_font_manager_1.obj
c:\users\josiah\documents\senior design\code\powersupplymcpowerface\src\gui\lv_port_pc_visual_studio\output\objects\debug\lvglwindowssimulator\x64\lv_example_translation_2.obj
c:\users\josiah\documents\senior design\code\powersupplymcpowerface\src\gui\lv_port_pc_visual_studio\output\objects\debug\lvglwindowssimulator\x64\lv_example_style_18.obj
c:\users\josiah\documents\senior design\code\powersupplymcpowerface\src\gui\lv_port_pc_visual_studio\output\objects\debug\lvglwindowssimulator\x64\lv_example_bar_3.obj
c:\users\josiah\documents\senior design\code\powersupplymcpowerface\src\gui\lv_port_pc_visual_studio\output\objects\debug\lvglwindowssimulator\x64\lv_example_canvas_3.obj
c:\users\josiah\documents\senior design\code\powersupplymcpowerface\src\gui\lv_port_pc_visual_studio\output\objects\debug\lvglwindowssimulator\x64\lv_example_imagebutton_1.obj
c:\users\josiah\documents\senior design\code\powersupplymcpowerface\src\gui\lv_port_pc_visual_studio\output\objects\debug\lvglwindowssimulator\x64\lv_example_menu_1.obj
c:\users\josiah\documents\senior design\code\powersupplymcpowerface\src\gui\lv_port_pc_visual_studio\output\objects\debug\lvglwindowssimulator\x64\lv_example_scale_3.obj
c:\users\josiah\documents\senior design\code\powersupplymcpowerface\src\gui\lv_port_pc_visual_studio\output\objects\debug\lvglwindowssimulator\x64\lv_example_textarea_2.obj
c:\users\josiah\documents\senior design\code\powersupplymcpowerface\src\gui\lv_port_pc_visual_studio\output\objects\debug\lvglwindowssimulator\x64\lv_draw_nema_gfx_arc.obj
c:\users\josiah\documents\senior design\code\powersupplymcpowerface\src\gui\lv_port_pc_visual_studio\output\objects\debug\lvglwindowssimulator\x64\lv_draw_nema_gfx_fill.obj
c:\users\josiah\documents\senior design\code\powersupplymcpowerface\src\gui\lv_port_pc_visual_studio\output\objects\debug\lvglwindowssimulator\x64\lv_draw_nema_gfx_label.obj
c:\users\josiah\documents\senior design\code\powersupplymcpowerface\src\gui\lv_port_pc_visual_studio\output\objects\debug\lvglwindowssimulator\x64\lv_draw_nema_gfx_utils.obj
c:\users\josiah\documents\senior design\code\powersupplymcpowerface\src\gui\lv_port_pc_visual_studio\output\objects\debug\lvglwindowssimulator\x64\lv_draw_g2d.obj
c:\users\josiah\documents\senior design\code\powersupplymcpowerface\src\gui\lv_port_pc_visual_studio\output\objects\debug\lvglwindowssimulator\x64\lv_g2d_buf_map.obj
c:\users\josiah\documents\senior design\code\powersupplymcpowerface\src\gui\lv_port_pc_visual_studio\output\objects\debug\lvglwindowssimulator\x64\lv_draw_dave2d_border.obj
c:\users\josiah\documents\senior design\code\powersupplymcpowerface\src\gui\lv_port_pc_visual_studio\output\objects\debug\lvglwindowssimulator\x64\lv_draw_dave2d_line.obj
c:\users\josiah\documents\senior design\code\powersupplymcpowerface\src\gui\lv_port_pc_visual_studio\output\objects\debug\lvglwindowssimulator\x64\lv_draw_sw_blend_to_i1.obj
c:\users\josiah\documents\senior design\code\powersupplymcpowerface\src\gui\lv_port_pc_visual_studio\output\objects\debug\lvglwindowssimulator\x64\lv_draw_sw_utils.obj
c:\users\josiah\documents\senior design\code\powersupplymcpowerface\src\gui\lv_port_pc_visual_studio\output\objects\debug\lvglwindowssimulator\x64\lv_draw_vg_lite_layer.obj
c:\users\josiah\documents\senior design\code\powersupplymcpowerface\src\gui\lv_port_pc_visual_studio\output\objects\debug\lvglwindowssimulator\x64\lv_draw_vg_lite_line.obj
c:\users\josiah\documents\senior design\code\powersupplymcpowerface\src\gui\lv_port_pc_visual_studio\output\objects\debug\lvglwindowssimulator\x64\lv_draw_vg_lite_mask_rect.obj
c:\users\josiah\documents\senior design\code\powersupplymcpowerface\src\gui\lv_port_pc_visual_studio\output\objects\debug\lvglwindowssimulator\x64\lv_draw_vg_lite_vector.obj
c:\users\josiah\documents\senior design\code\powersupplymcpowerface\src\gui\lv_port_pc_visual_studio\output\objects\debug\lvglwindowssimulator\x64\lv_vg_lite_decoder.obj
c:\users\josiah\documents\senior design\code\powersupplymcpowerface\src\gui\lv_port_pc_visual_studio\output\objects\debug\lvglwindowssimulator\x64\lv_wl_dmabuf.obj
c:\users\josiah\documents\senior design\code\powersupplymcpowerface\src\gui\lv_port_pc_visual_studio\output\objects\debug\lvglwindowssimulator\x64\lv_wl_pointer.obj
c:\users\josiah\documents\senior design\code\powersupplymcpowerface\src\gui\lv_port_pc_visual_studio\output\objects\debug\lvglwindowssimulator\x64\lv_wl_window.obj
c:\users\josiah\documents\senior design\code\powersupplymcpowerface\src\gui\lv_port_pc_visual_studio\output\objects\debug\lvglwindowssimulator\x64\lv_x11_input.obj
c:\users\josiah\documents\senior design\code\powersupplymcpowerface\src\gui\lv_port_pc_visual_studio\output\objects\debug\lvglwindowssimulator\x64\lv_font.obj
c:\users\josiah\documents\senior design\code\powersupplymcpowerface\src\gui\lv_port_pc_visual_studio\output\objects\debug\lvglwindowssimulator\x64\lv_font_montserrat_14_aligned.obj
c:\users\josiah\documents\senior design\code\powersupplymcpowerface\src\gui\lv_port_pc_visual_studio\output\objects\debug\lvglwindowssimulator\x64\lv_font_unscii_8.obj
c:\users\josiah\documents\senior design\code\powersupplymcpowerface\src\gui\lv_port_pc_visual_studio\output\objects\debug\lvglwindowssimulator\x64\lv_fs_cbfs.obj
c:\users\josiah\documents\senior design\code\powersupplymcpowerface\src\gui\lv_port_pc_visual_studio\output\objects\debug\lvglwindowssimulator\x64\lv_fs_memfs.obj
c:\users\josiah\documents\senior design\code\powersupplymcpowerface\src\gui\lv_port_pc_visual_studio\output\objects\debug\lvglwindowssimulator\x64\vg_lite_os.obj
c:\users\josiah\documents\senior design\code\powersupplymcpowerface\src\gui\lv_port_pc_visual_studio\output\objects\debug\lvglwindowssimulator\x64\vg_lite_stroke.obj
c:\users\josiah\documents\senior design\code\powersupplymcpowerface\src\gui\lv_port_pc_visual_studio\output\objects\debug\lvglwindowssimulator\x64\lv_cache_sc_da.obj
c:\users\josiah\documents\senior design\code\powersupplymcpowerface\src\gui\lv_port_pc_visual_studio\output\objects\debug\lvglwindowssimulator\x64\lv_pthread.obj
c:\users\josiah\documents\senior design\code\powersupplymcpowerface\src\gui\lv_port_pc_visual_studio\output\objects\debug\lvglwindowssimulator\x64\lv_xml_canvas_parser.obj
c:\users\josiah\documents\senior design\code\powersupplymcpowerface\src\gui\lv_port_pc_visual_studio\output\objects\debug\lvglwindowssimulator\x64\lv_xml_textarea_parser.obj
c:\users\josiah\documents\senior design\code\powersupplymcpowerface\src\gui\lv_port_pc_visual_studio\output\objects\debug\lvglwindowssimulator\x64\lv_string_rtthread.obj
c:\users\josiah\documents\senior design\code\powersupplymcpowerface\src\gui\lv_port_pc_visual_studio\output\objects\debug\lvglwindowssimulator\x64\lv_3dtexture.obj
c:\users\josiah\documents\senior design\code\powersupplymcpowerface\src\gui\lv_port_pc_visual_studio\output\objects\debug\lvglwindowssimulator\x64\lv_calendar_chinese.obj
c:\users\josiah\documents\senior design\code\powersupplymcpowerface\src\gui\lv_port_pc_visual_studio\output\objects\debug\lvglwindowssimulator\x64\lv_dropdown.obj
c:\users\josiah\documents\senior design\code\powersupplymcpowerface\src\gui\lv_port_pc_visual_studio\output\objects\debug\lvglwindowssimulator\x64\lv_font_benchmark_montserrat_16_aligned.obj
c:\users\josiah\documents\senior design\code\powersupplymcpowerface\src\gui\lv_port_pc_visual_studio\output\objects\debug\lvglwindowssimulator\x64\img_lv_demo_music_cover_1_large.obj
c:\users\josiah\documents\senior design\code\powersupplymcpowerface\src\gui\lv_port_pc_visual_studio\output\objects\debug\lvglwindowssimulator\x64\img_lv_demo_music_wave_top_large.obj
c:\users\josiah\documents\senior design\code\powersupplymcpowerface\src\gui\lv_port_pc_visual_studio\output\objects\debug\lvglwindowssimulator\x64\lv_demo_widgets_analytics.obj
c:\users\josiah\documents\senior design\code\powersupplymcpowerface\src\gui\lv_port_pc_visual_studio\output\objects\debug\lvglwindowssimulator\x64\img_svg_img.obj
c:\users\josiah\documents\senior design\code\powersupplymcpowerface\src\gui\lv_port_pc_visual_studio\output\objects\debug\lvglwindowssimulator\x64\lv_example_flex_4.obj
c:\users\josiah\documents\senior design\code\powersupplymcpowerface\src\gui\lv_port_pc_visual_studio\output\objects\debug\lvglwindowssimulator\x64\lv_example_gltf_1.obj
c:\users\josiah\documents\senior design\code\powersupplymcpowerface\src\gui\lv_port_pc_visual_studio\output\objects\debug\lvglwindowssimulator\x64\lv_example_font_manager_2.obj
c:\users\josiah\documents\senior design\code\powersupplymcpowerface\src\gui\lv_port_pc_visual_studio\output\objects\debug\lvglwindowssimulator\x64\lv_example_observer_3.obj
c:\users\josiah\documents\senior design\code\powersupplymcpowerface\src\gui\lv_port_pc_visual_studio\output\objects\debug\lvglwindowssimulator\x64\lv_example_style_1.obj
c:\users\josiah\documents\senior design\code\powersupplymcpowerface\src\gui\lv_port_pc_visual_studio\output\objects\debug\lvglwindowssimulator\x64\lv_example_style_9.obj
c:\users\josiah\documents\senior design\code\powersupplymcpowerface\src\gui\lv_port_pc_visual_studio\output\objects\debug\lvglwindowssimulator\x64\lv_example_calendar_2.obj
c:\users\josiah\documents\senior design\code\powersupplymcpowerface\src\gui\lv_port_pc_visual_studio\output\objects\debug\lvglwindowssimulator\x64\lv_example_chart_8.obj
c:\users\josiah\documents\senior design\code\powersupplymcpowerface\src\gui\lv_port_pc_visual_studio\output\objects\debug\lvglwindowssimulator\x64\lv_example_label_7.obj
c:\users\josiah\documents\senior design\code\powersupplymcpowerface\src\gui\lv_port_pc_visual_studio\output\objects\debug\lvglwindowssimulator\x64\lv_example_scale_1.obj
c:\users\josiah\documents\senior design\code\powersupplymcpowerface\src\gui\lv_port_pc_visual_studio\output\objects\debug\lvglwindowssimulator\x64\lv_example_switch_1.obj
c:\users\josiah\documents\senior design\code\powersupplymcpowerface\src\gui\lv_port_pc_visual_studio\output\objects\debug\lvglwindowssimulator\x64\lv_draw_eve_triangle.obj
c:\users\josiah\documents\senior design\code\powersupplymcpowerface\src\gui\lv_port_pc_visual_studio\output\objects\debug\lvglwindowssimulator\x64\lv_draw_mask.obj
c:\users\josiah\documents\senior design\code\powersupplymcpowerface\src\gui\lv_port_pc_visual_studio\output\objects\debug\lvglwindowssimulator\x64\lv_draw_sw_letter.obj
c:\users\josiah\documents\senior design\code\powersupplymcpowerface\src\gui\lv_port_pc_visual_studio\output\objects\debug\lvglwindowssimulator\x64\lv_nuttx_profiler.obj
c:\users\josiah\documents\senior design\code\powersupplymcpowerface\src\gui\lv_port_pc_visual_studio\output\objects\debug\lvglwindowssimulator\x64\lv_font_montserrat_28_compressed.obj
c:\users\josiah\documents\senior design\code\powersupplymcpowerface\src\gui\lv_port_pc_visual_studio\output\objects\debug\lvglwindowssimulator\x64\lv_bin_decoder.obj
c:\users\josiah\documents\senior design\code\powersupplymcpowerface\src\gui\lv_port_pc_visual_studio\output\objects\debug\lvglwindowssimulator\x64\qrcodegen.obj
c:\users\josiah\documents\senior design\code\powersupplymcpowerface\src\gui\lv_port_pc_visual_studio\output\objects\debug\lvglwindowssimulator\x64\lv_fs.obj
c:\users\josiah\documents\senior design\code\powersupplymcpowerface\src\gui\lv_port_pc_visual_studio\output\objects\debug\lvglwindowssimulator\x64\lv_font_manager_recycle.obj
c:\users\josiah\documents\senior design\code\powersupplymcpowerface\src\gui\lv_port_pc_visual_studio\output\objects\debug\lvglwindowssimulator\x64\lv_ime_pinyin.obj
c:\users\josiah\documents\senior design\code\powersupplymcpowerface\src\gui\lv_port_pc_visual_studio\output\objects\debug\lvglwindowssimulator\x64\lv_snapshot.obj
c:\users\josiah\documents\senior design\code\powersupplymcpowerface\src\gui\lv_port_pc_visual_studio\output\objects\debug\lvglwindowssimulator\x64\lv_label.obj
c:\users\josiah\documents\senior design\code\powersupplymcpowerface\src\gui\lv_port_pc_visual_studio\output\objects\debug\lvglwindowssimulator\x64\lv_demo_gltf.obj
c:\users\josiah\documents\senior design\code\powersupplymcpowerface\src\gui\lv_port_pc_visual_studio\output\objects\debug\lvglwindowssimulator\x64\img_lv_demo_music_btn_prev.obj
c:\users\josiah\documents\senior design\code\powersupplymcpowerface\src\gui\lv_port_pc_visual_studio\output\objects\debug\lvglwindowssimulator\x64\img_lv_demo_music_icon_2_large.obj
c:\users\josiah\documents\senior design\code\powersupplymcpowerface\src\gui\lv_port_pc_visual_studio\output\objects\debug\lvglwindowssimulator\x64\img_render_lvgl_logo_l8.obj
c:\users\josiah\documents\senior design\code\powersupplymcpowerface\src\gui\lv_port_pc_visual_studio\output\objects\debug\lvglwindowssimulator\x64\lv_example_anim_3.obj
c:\users\josiah\documents\senior design\code\powersupplymcpowerface\src\gui\lv_port_pc_visual_studio\output\objects\debug\lvglwindowssimulator\x64\lv_example_event_button.obj
c:\users\josiah\documents\senior design\code\powersupplymcpowerface\src\gui\lv_port_pc_visual_studio\output\objects\debug\lvglwindowssimulator\x64\lv_example_flex_3.obj
c:\users\josiah\documents\senior design\code\powersupplymcpowerface\src\gui\lv_port_pc_visual_studio\output\objects\debug\lvglwindowssimulator\x64\lv_example_libjpeg_turbo_1.obj
c:\users\josiah\documents\senior design\code\powersupplymcpowerface\src\gui\lv_port_pc_visual_studio\output\objects\debug\lvglwindowssimulator\x64\lv_example_fragment_2.obj
c:\users\josiah\documents\senior design\code\powersupplymcpowerface\src\gui\lv_port_pc_visual_studio\output\objects\debug\lvglwindowssimulator\x64\lv_example_observer_6.obj
c:\users\josiah\documents\senior design\code\powersupplymcpowerface\src\gui\lv_port_pc_visual_studio\output\objects\debug\lvglwindowssimulator\x64\lv_example_style_15.obj
c:\users\josiah\documents\senior design\code\powersupplymcpowerface\src\gui\lv_port_pc_visual_studio\output\objects\debug\lvglwindowssimulator\x64\lv_example_bar_6.obj
c:\users\josiah\documents\senior design\code\powersupplymcpowerface\src\gui\lv_port_pc_visual_studio\output\objects\debug\lvglwindowssimulator\x64\lv_example_canvas_9.obj
c:\users\josiah\documents\senior design\code\powersupplymcpowerface\src\gui\lv_port_pc_visual_studio\output\objects\debug\lvglwindowssimulator\x64\lv_example_image_5.obj
c:\users\josiah\documents\senior design\code\powersupplymcpowerface\src\gui\lv_port_pc_visual_studio\output\objects\debug\lvglwindowssimulator\x64\lv_example_menu_5.obj
c:\users\josiah\documents\senior design\code\powersupplymcpowerface\src\gui\lv_port_pc_visual_studio\output\objects\debug\lvglwindowssimulator\x64\lv_example_slider_2.obj
c:\users\josiah\documents\senior design\code\powersupplymcpowerface\src\gui\lv_port_pc_visual_studio\output\objects\debug\lvglwindowssimulator\x64\lv_obj_class.obj
c:\users\josiah\documents\senior design\code\powersupplymcpowerface\src\gui\lv_port_pc_visual_studio\output\objects\debug\lvglwindowssimulator\x64\lv_obj_id_builtin.obj
c:\users\josiah\documents\senior design\code\powersupplymcpowerface\src\gui\lv_port_pc_visual_studio\output\objects\debug\lvglwindowssimulator\x64\lv_draw_nema_gfx_layer.obj
c:\users\josiah\documents\senior design\code\powersupplymcpowerface\src\gui\lv_port_pc_visual_studio\output\objects\debug\lvglwindowssimulator\x64\lv_draw_nema_gfx_triangle.obj
c:\users\josiah\documents\senior design\code\powersupplymcpowerface\src\gui\lv_port_pc_visual_studio\output\objects\debug\lvglwindowssimulator\x64\lv_draw_buf_g2d.obj
c:\users\josiah\documents\senior design\code\powersupplymcpowerface\src\gui\lv_port_pc_visual_studio\output\objects\debug\lvglwindowssimulator\x64\lv_g2d_utils.obj
c:\users\josiah\documents\senior design\code\powersupplymcpowerface\src\gui\lv_port_pc_visual_studio\output\objects\debug\lvglwindowssimulator\x64\lv_pxp_osa.obj
c:\users\josiah\documents\senior design\code\powersupplymcpowerface\src\gui\lv_port_pc_visual_studio\output\objects\debug\lvglwindowssimulator\x64\lv_draw_dave2d.obj
c:\users\josiah\documents\senior design\code\powersupplymcpowerface\src\gui\lv_port_pc_visual_studio\output\objects\debug\lvglwindowssimulator\x64\lv_draw_dave2d_label.obj
c:\users\josiah\documents\senior design\code\powersupplymcpowerface\src\gui\lv_port_pc_visual_studio\output\objects\debug\lvglwindowssimulator\x64\lv_draw_sw_blend_to_rgb888.obj
c:\users\josiah\documents\senior design\code\powersupplymcpowerface\src\gui\lv_port_pc_visual_studio\output\objects\debug\lvglwindowssimulator\x64\lv_draw_sw_grad.obj
c:\users\josiah\documents\senior design\code\powersupplymcpowerface\src\gui\lv_port_pc_visual_studio\output\objects\debug\lvglwindowssimulator\x64\lv_vg_lite_math.obj
c:\users\josiah\documents\senior design\code\powersupplymcpowerface\src\gui\lv_port_pc_visual_studio\output\objects\debug\lvglwindowssimulator\x64\lv_vg_lite_utils.obj
c:\users\josiah\documents\senior design\code\powersupplymcpowerface\src\gui\lv_port_pc_visual_studio\output\objects\debug\lvglwindowssimulator\x64\lv_font_dejavu_16_persian_hebrew.obj
c:\users\josiah\documents\senior design\code\powersupplymcpowerface\src\gui\lv_port_pc_visual_studio\output\objects\debug\lvglwindowssimulator\x64\lv_font_montserrat_46.obj
c:\users\josiah\documents\senior design\code\powersupplymcpowerface\src\gui\lv_port_pc_visual_studio\output\objects\debug\lvglwindowssimulator\x64\lv_gif.obj
c:\users\josiah\documents\senior design\code\powersupplymcpowerface\src\gui\lv_port_pc_visual_studio\output\objects\debug\lvglwindowssimulator\x64\lv_gltf_ibl_sampler.obj
c:\users\josiah\documents\senior design\code\powersupplymcpowerface\src\gui\lv_port_pc_visual_studio\output\objects\debug\lvglwindowssimulator\x64\lodepng.obj
c:\users\josiah\documents\senior design\code\powersupplymcpowerface\src\gui\lv_port_pc_visual_studio\output\objects\debug\lvglwindowssimulator\x64\lv_array.obj
c:\users\josiah\documents\senior design\code\powersupplymcpowerface\src\gui\lv_port_pc_visual_studio\output\objects\debug\lvglwindowssimulator\x64\lv_async.obj
c:\users\josiah\documents\senior design\code\powersupplymcpowerface\src\gui\lv_port_pc_visual_studio\output\objects\debug\lvglwindowssimulator\x64\lv_iter.obj
c:\users\josiah\documents\senior design\code\powersupplymcpowerface\src\gui\lv_port_pc_visual_studio\output\objects\debug\lvglwindowssimulator\x64\lv_profiler_builtin.obj
c:\users\josiah\documents\senior design\code\powersupplymcpowerface\src\gui\lv_port_pc_visual_studio\output\objects\debug\lvglwindowssimulator\x64\lv_xml_arc_parser.obj
c:\users\josiah\documents\senior design\code\powersupplymcpowerface\src\gui\lv_port_pc_visual_studio\output\objects\debug\lvglwindowssimulator\x64\lv_xml_qrcode_parser.obj
c:\users\josiah\documents\senior design\code\powersupplymcpowerface\src\gui\lv_port_pc_visual_studio\output\objects\debug\lvglwindowssimulator\x64\lv_mem_core_builtin.obj
c:\users\josiah\documents\senior design\code\powersupplymcpowerface\src\gui\lv_port_pc_visual_studio\output\objects\debug\lvglwindowssimulator\x64\lv_buttonmatrix.obj
c:\users\josiah\documents\senior design\code\powersupplymcpowerface\src\gui\lv_port_pc_visual_studio\output\objects\debug\lvglwindowssimulator\x64\lv_chart.obj
c:\users\josiah\documents\senior design\code\powersupplymcpowerface\src\gui\lv_port_pc_visual_studio\output\objects\debug\lvglwindowssimulator\x64\lv_textarea.obj
c:\users\josiah\documents\senior design\code\powersupplymcpowerface\src\gui\lv_port_pc_visual_studio\output\objects\debug\lvglwindowssimulator\x64\lv_demo_benchmark.obj
c:\users\josiah\documents\senior design\code\powersupplymcpowerface\src\gui\lv_port_pc_visual_studio\output\objects\debug\lvglwindowssimulator\x64\img_lv_demo_music_cover_2.obj
c:\users\josiah\documents\senior design\code\powersupplymcpowerface\src\gui\lv_port_pc_visual_studio\output\objects\debug\lvglwindowssimulator\x64\img_render_lvgl_logo_argb8888.obj
c:\users\josiah\documents\senior design\code\powersupplymcpowerface\src\gui\lv_port_pc_visual_studio\output\objects\debug\lvglwindowssimulator\x64\lv_demo_widgets_shop.obj
c:\users\josiah\documents\senior design\code\powersupplymcpowerface\src\gui\lv_port_pc_visual_studio\output\objects\debug\lvglwindowssimulator\x64\img_cogwheel_argb.obj
c:\users\josiah\documents\senior design\code\powersupplymcpowerface\src\gui\lv_port_pc_visual_studio\output\objects\debug\lvglwindowssimulator\x64\lv_example_flex_5.obj
c:\users\josiah\documents\senior design\code\powersupplymcpowerface\src\gui\lv_port_pc_visual_studio\output\objects\debug\lvglwindowssimulator\x64\lv_example_gstreamer_1.obj
c:\users\josiah\documents\senior design\code\powersupplymcpowerface\src\gui\lv_port_pc_visual_studio\output\objects\debug\lvglwindowssimulator\x64\lv_example_file_explorer_1.obj
c:\users\josiah\documents\senior design\code\powersupplymcpowerface\src\gui\lv_port_pc_visual_studio\output\objects\debug\lvglwindowssimulator\x64\lv_example_observer_1.obj
c:\users\josiah\documents\senior design\code\powersupplymcpowerface\src\gui\lv_port_pc_visual_studio\output\objects\debug\lvglwindowssimulator\x64\lv_example_style_13.obj
c:\users\josiah\documents\senior design\code\powersupplymcpowerface\src\gui\lv_port_pc_visual_studio\output\objects\debug\lvglwindowssimulator\x64\lv_example_bar_2.obj
c:\users\josiah\documents\senior design\code\powersupplymcpowerface\src\gui\lv_port_pc_visual_studio\output\objects\debug\lvglwindowssimulator\x64\lv_example_canvas_4.obj
c:\users\josiah\documents\senior design\code\powersupplymcpowerface\src\gui\lv_port_pc_visual_studio\output\objects\debug\lvglwindowssimulator\x64\lv_example_dropdown_3.obj
c:\users\josiah\documents\senior design\code\powersupplymcpowerface\src\gui\lv_port_pc_visual_studio\output\objects\debug\lvglwindowssimulator\x64\lv_example_lottie_approve.obj
c:\users\josiah\documents\senior design\code\powersupplymcpowerface\src\gui\lv_port_pc_visual_studio\output\objects\debug\lvglwindowssimulator\x64\lv_example_scale_12.obj
c:\users\josiah\documents\senior design\code\powersupplymcpowerface\src\gui\lv_port_pc_visual_studio\output\objects\debug\lvglwindowssimulator\x64\lv_example_tabview_2.obj
c:\users\josiah\documents\senior design\code\powersupplymcpowerface\src\gui\lv_port_pc_visual_studio\output\objects\debug\lvglwindowssimulator\x64\lv_draw_arc.obj
c:\users\josiah\documents\senior design\code\powersupplymcpowerface\src\gui\lv_port_pc_visual_studio\output\objects\debug\lvglwindowssimulator\x64\lv_draw_sw_line.obj
c:\users\josiah\documents\senior design\code\powersupplymcpowerface\src\gui\lv_port_pc_visual_studio\output\objects\debug\lvglwindowssimulator\x64\lv_draw_eve_display.obj
c:\users\josiah\documents\senior design\code\powersupplymcpowerface\src\gui\lv_port_pc_visual_studio\output\objects\debug\lvglwindowssimulator\x64\lv_nuttx_lcd.obj
c:\users\josiah\documents\senior design\code\powersupplymcpowerface\src\gui\lv_port_pc_visual_studio\output\objects\debug\lvglwindowssimulator\x64\lv_opengles_driver.obj
c:\users\josiah\documents\senior design\code\powersupplymcpowerface\src\gui\lv_port_pc_visual_studio\output\objects\debug\lvglwindowssimulator\x64\lv_qnx.obj
c:\users\josiah\documents\senior design\code\powersupplymcpowerface\src\gui\lv_port_pc_visual_studio\output\objects\debug\lvglwindowssimulator\x64\lv_uefi_private.obj
c:\users\josiah\documents\senior design\code\powersupplymcpowerface\src\gui\lv_port_pc_visual_studio\output\objects\debug\lvglwindowssimulator\x64\lv_font_montserrat_32.obj
c:\users\josiah\documents\senior design\code\powersupplymcpowerface\src\gui\lv_port_pc_visual_studio\output\objects\debug\lvglwindowssimulator\x64\lv_bmp.obj
c:\users\josiah\documents\senior design\code\powersupplymcpowerface\src\gui\lv_port_pc_visual_studio\output\objects\debug\lvglwindowssimulator\x64\lv_rle.obj
c:\users\josiah\documents\senior design\code\powersupplymcpowerface\src\gui\lv_port_pc_visual_studio\output\objects\debug\lvglwindowssimulator\x64\lv_svg.obj
c:\users\josiah\documents\senior design\code\powersupplymcpowerface\src\gui\lv_port_pc_visual_studio\output\objects\debug\lvglwindowssimulator\x64\lv_svg_decoder.obj
c:\users\josiah\documents\senior design\code\powersupplymcpowerface\src\gui\lv_port_pc_visual_studio\output\objects\debug\lvglwindowssimulator\x64\lv_profiler_builtin_posix.obj
c:\users\josiah\documents\senior design\code\powersupplymcpowerface\src\gui\lv_port_pc_visual_studio\output\objects\debug\lvglwindowssimulator\x64\lv_style_gen.obj
c:\users\josiah\documents\senior design\code\powersupplymcpowerface\src\gui\lv_port_pc_visual_studio\output\objects\debug\lvglwindowssimulator\x64\lv_linux.obj
c:\users\josiah\documents\senior design\code\powersupplymcpowerface\src\gui\lv_port_pc_visual_studio\output\objects\debug\lvglwindowssimulator\x64\lv_xml_keyboard_parser.obj
c:\users\josiah\documents\senior design\code\powersupplymcpowerface\src\gui\lv_port_pc_visual_studio\output\objects\debug\lvglwindowssimulator\x64\lv_xml_slider_parser.obj
c:\users\josiah\documents\senior design\code\powersupplymcpowerface\src\gui\lv_port_pc_visual_studio\output\objects\debug\lvglwindowssimulator\x64\lv_string_clib.obj
c:\users\josiah\documents\senior design\code\powersupplymcpowerface\src\gui\lv_port_pc_visual_studio\output\objects\debug\lvglwindowssimulator\x64\lv_arc.obj
c:\users\josiah\documents\senior design\code\powersupplymcpowerface\src\gui\lv_port_pc_visual_studio\output\objects\debug\lvglwindowssimulator\x64\lv_canvas.obj
c:\users\josiah\documents\senior design\code\powersupplymcpowerface\src\gui\lv_port_pc_visual_studio\output\objects\debug\lvglwindowssimulator\x64\lv_tileview.obj
c:\users\josiah\documents\senior design\code\powersupplymcpowerface\src\gui\lv_port_pc_visual_studio\output\objects\debug\lvglwindowssimulator\x64\img_lv_demo_music_btn_list_pause_large.obj
c:\users\josiah\documents\senior design\code\powersupplymcpowerface\src\gui\lv_port_pc_visual_studio\output\objects\debug\lvglwindowssimulator\x64\img_lv_demo_music_btn_play_large.obj
c:\users\josiah\documents\senior design\code\powersupplymcpowerface\src\gui\lv_port_pc_visual_studio\output\objects\debug\lvglwindowssimulator\x64\img_lv_demo_music_icon_3_large.obj
c:\users\josiah\documents\senior design\code\powersupplymcpowerface\src\gui\lv_port_pc_visual_studio\output\objects\debug\lvglwindowssimulator\x64\lv_demo_render.obj
c:\users\josiah\documents\senior design\code\powersupplymcpowerface\src\gui\lv_port_pc_visual_studio\output\objects\debug\lvglwindowssimulator\x64\animimg003.obj
c:\users\josiah\documents\senior design\code\powersupplymcpowerface\src\gui\lv_port_pc_visual_studio\output\objects\debug\lvglwindowssimulator\x64\lv_example_grad_1.obj
c:\users\josiah\documents\senior design\code\powersupplymcpowerface\src\gui\lv_port_pc_visual_studio\output\objects\debug\lvglwindowssimulator\x64\lv_example_freetype_1.obj
c:\users\josiah\documents\senior design\code\powersupplymcpowerface\src\gui\lv_port_pc_visual_studio\output\objects\debug\lvglwindowssimulator\x64\lv_example_rlottie_approve.obj
c:\users\josiah\documents\senior design\code\powersupplymcpowerface\src\gui\lv_port_pc_visual_studio\output\objects\debug\lvglwindowssimulator\x64\lv_example_ime_pinyin_1.obj
c:\users\josiah\documents\senior design\code\powersupplymcpowerface\src\gui\lv_port_pc_visual_studio\output\objects\debug\lvglwindowssimulator\x64\lv_example_scroll_1.obj
c:\users\josiah\documents\senior design\code\powersupplymcpowerface\src\gui\lv_port_pc_visual_studio\output\objects\debug\lvglwindowssimulator\x64\lv_example_style_17.obj
c:\users\josiah\documents\senior design\code\powersupplymcpowerface\src\gui\lv_port_pc_visual_studio\output\objects\debug\lvglwindowssimulator\x64\lv_example_bar_1.obj
c:\users\josiah\documents\senior design\code\powersupplymcpowerface\src\gui\lv_port_pc_visual_studio\output\objects\debug\lvglwindowssimulator\x64\lv_example_canvas_5.obj
c:\users\josiah\documents\senior design\code\powersupplymcpowerface\src\gui\lv_port_pc_visual_studio\output\objects\debug\lvglwindowssimulator\x64\lv_example_dropdown_2.obj
c:\users\josiah\documents\senior design\code\powersupplymcpowerface\src\gui\lv_port_pc_visual_studio\output\objects\debug\lvglwindowssimulator\x64\lv_example_list_2.obj
c:\users\josiah\documents\senior design\code\powersupplymcpowerface\src\gui\lv_port_pc_visual_studio\output\objects\debug\lvglwindowssimulator\x64\lv_example_scale_11.obj
c:\users\josiah\documents\senior design\code\powersupplymcpowerface\src\gui\lv_port_pc_visual_studio\output\objects\debug\lvglwindowssimulator\x64\lv_example_textarea_1.obj
c:\users\josiah\documents\senior design\code\powersupplymcpowerface\src\gui\lv_port_pc_visual_studio\output\objects\debug\lvglwindowssimulator\x64\lv_draw_dma2d_img.obj
c:\users\josiah\documents\senior design\code\powersupplymcpowerface\src\gui\lv_port_pc_visual_studio\output\objects\debug\lvglwindowssimulator\x64\lv_draw_ppa_fill.obj
c:\users\josiah\documents\senior design\code\powersupplymcpowerface\src\gui\lv_port_pc_visual_studio\output\objects\debug\lvglwindowssimulator\x64\lv_draw_eve_image.obj
c:\users\josiah\documents\senior design\code\powersupplymcpowerface\src\gui\lv_port_pc_visual_studio\output\objects\debug\lvglwindowssimulator\x64\lv_draw_label.obj
c:\users\josiah\documents\senior design\code\powersupplymcpowerface\src\gui\lv_port_pc_visual_studio\output\objects\debug\lvglwindowssimulator\x64\lv_draw_sw_blend_to_rgb565_swapped.obj
c:\users\josiah\documents\senior design\code\powersupplymcpowerface\src\gui\lv_port_pc_visual_studio\output\objects\debug\lvglwindowssimulator\x64\lv_draw_vg_lite.obj
c:\users\josiah\documents\senior design\code\powersupplymcpowerface\src\gui\lv_port_pc_visual_studio\output\objects\debug\lvglwindowssimulator\x64\lv_draw_vg_lite_box_shadow.obj
c:\users\josiah\documents\senior design\code\powersupplymcpowerface\src\gui\lv_port_pc_visual_studio\output\objects\debug\lvglwindowssimulator\x64\lv_draw_vg_lite_fill.obj
c:\users\josiah\documents\senior design\code\powersupplymcpowerface\src\gui\lv_port_pc_visual_studio\output\objects\debug\lvglwindowssimulator\x64\lv_draw_vg_lite_img.obj
c:\users\josiah\documents\senior design\code\powersupplymcpowerface\src\gui\lv_port_pc_visual_studio\output\objects\debug\lvglwindowssimulator\x64\lv_linux_drm_common.obj
c:\users\josiah\documents\senior design\code\powersupplymcpowerface\src\gui\lv_port_pc_visual_studio\output\objects\debug\lvglwindowssimulator\x64\lv_st7796.obj
c:\users\josiah\documents\senior design\code\powersupplymcpowerface\src\gui\lv_port_pc_visual_studio\output\objects\debug\lvglwindowssimulator\x64\lv_nuttx_mouse.obj
c:\users\josiah\documents\senior design\code\powersupplymcpowerface\src\gui\lv_port_pc_visual_studio\output\objects\debug\lvglwindowssimulator\x64\lv_opengles_glfw.obj
c:\users\josiah\documents\senior design\code\powersupplymcpowerface\src\gui\lv_port_pc_visual_studio\output\objects\debug\lvglwindowssimulator\x64\lv_uefi_indev_keyboard.obj
c:\users\josiah\documents\senior design\code\powersupplymcpowerface\src\gui\lv_port_pc_visual_studio\output\objects\debug\lvglwindowssimulator\x64\lv_font_montserrat_20.obj
c:\users\josiah\documents\senior design\code\powersupplymcpowerface\src\gui\lv_port_pc_visual_studio\output\objects\debug\lvglwindowssimulator\x64\lv_indev_gesture.obj
c:\users\josiah\documents\senior design\code\powersupplymcpowerface\src\gui\lv_port_pc_visual_studio\output\objects\debug\lvglwindowssimulator\x64\lv_flex.obj
c:\users\josiah\documents\senior design\code\powersupplymcpowerface\src\gui\lv_port_pc_visual_studio\output\objects\debug\lvglwindowssimulator\x64\lv_gstreamer.obj
c:\users\josiah\documents\senior design\code\powersupplymcpowerface\src\gui\lv_port_pc_visual_studio\output\objects\debug\lvglwindowssimulator\x64\lv_libjpeg_turbo.obj
c:\users\josiah\documents\senior design\code\powersupplymcpowerface\src\gui\lv_port_pc_visual_studio\output\objects\debug\lvglwindowssimulator\x64\lv_ll.obj
c:\users\josiah\documents\senior design\code\powersupplymcpowerface\src\gui\lv_port_pc_visual_studio\output\objects\debug\lvglwindowssimulator\x64\lv_math.obj
c:\users\josiah\documents\senior design\code\powersupplymcpowerface\src\gui\lv_port_pc_visual_studio\output\objects\debug\lvglwindowssimulator\x64\lv_fragment.obj
c:\users\josiah\documents\senior design\code\powersupplymcpowerface\src\gui\lv_port_pc_visual_studio\output\objects\debug\lvglwindowssimulator\x64\lv_observer.obj
c:\users\josiah\documents\senior design\code\powersupplymcpowerface\src\gui\lv_port_pc_visual_studio\output\objects\debug\lvglwindowssimulator\x64\lv_imagebutton.obj
c:\users\josiah\documents\senior design\code\powersupplymcpowerface\src\gui\lv_port_pc_visual_studio\output\objects\debug\lvglwindowssimulator\x64\img_lv_demo_music_btn_list_pause.obj
c:\users\josiah\documents\senior design\code\powersupplymcpowerface\src\gui\lv_port_pc_visual_studio\output\objects\debug\lvglwindowssimulator\x64\img_lv_demo_music_btn_rnd_large.obj
c:\users\josiah\documents\senior design\code\powersupplymcpowerface\src\gui\lv_port_pc_visual_studio\output\objects\debug\lvglwindowssimulator\x64\img_lv_demo_music_list_border_large.obj
c:\users\josiah\documents\senior design\code\powersupplymcpowerface\src\gui\lv_port_pc_visual_studio\output\objects\debug\lvglwindowssimulator\x64\img_demo_vector_avatar.obj
c:\users\josiah\documents\senior design\code\powersupplymcpowerface\src\gui\lv_port_pc_visual_studio\output\objects\debug\lvglwindowssimulator\x64\imgbtn_left.obj
c:\users\josiah\documents\senior design\code\powersupplymcpowerface\src\gui\lv_port_pc_visual_studio\output\objects\debug\lvglwindowssimulator\x64\lv_example_flex_1.obj
c:\users\josiah\documents\senior design\code\powersupplymcpowerface\src\gui\lv_port_pc_visual_studio\output\objects\debug\lvglwindowssimulator\x64\lv_example_gif_1.obj
c:\users\josiah\documents\senior design\code\powersupplymcpowerface\src\gui\lv_port_pc_visual_studio\output\objects\debug\lvglwindowssimulator\x64\lv_example_tjpgd_1.obj
c:\users\josiah\documents\senior design\code\powersupplymcpowerface\src\gui\lv_port_pc_visual_studio\output\objects\debug\lvglwindowssimulator\x64\lv_example_monkey_3.obj
c:\users\josiah\documents\senior design\code\powersupplymcpowerface\src\gui\lv_port_pc_visual_studio\output\objects\debug\lvglwindowssimulator\x64\lv_example_scroll_5.obj
c:\users\josiah\documents\senior design\code\powersupplymcpowerface\src\gui\lv_port_pc_visual_studio\output\objects\debug\lvglwindowssimulator\x64\lv_example_style_3.obj
c:\users\josiah\documents\senior design\code\powersupplymcpowerface\src\gui\lv_port_pc_visual_studio\output\objects\debug\lvglwindowssimulator\x64\lv_example_bar_7.obj
c:\users\josiah\documents\senior design\code\powersupplymcpowerface\src\gui\lv_port_pc_visual_studio\output\objects\debug\lvglwindowssimulator\x64\lv_example_chart_1.obj
c:\users\josiah\documents\senior design\code\powersupplymcpowerface\src\gui\lv_port_pc_visual_studio\output\objects\debug\lvglwindowssimulator\x64\lv_example_keyboard_3.obj
c:\users\josiah\documents\senior design\code\powersupplymcpowerface\src\gui\lv_port_pc_visual_studio\output\objects\debug\lvglwindowssimulator\x64\lv_example_obj_3.obj
c:\users\josiah\documents\senior design\code\powersupplymcpowerface\src\gui\lv_port_pc_visual_studio\output\objects\debug\lvglwindowssimulator\x64\lv_example_spinner_1.obj
c:\users\josiah\documents\senior design\code\powersupplymcpowerface\src\gui\lv_port_pc_visual_studio\output\objects\debug\lvglwindowssimulator\x64\lv_obj_scroll.obj
c:\users\josiah\documents\senior design\code\powersupplymcpowerface\src\gui\lv_port_pc_visual_studio\output\objects\debug\lvglwindowssimulator\x64\lv_display.obj
c:\users\josiah\documents\senior design\code\powersupplymcpowerface\src\gui\lv_port_pc_visual_studio\output\objects\debug\lvglwindowssimulator\x64\lv_draw_pxp.obj
c:\users\josiah\documents\senior design\code\powersupplymcpowerface\src\gui\lv_port_pc_visual_studio\output\objects\debug\lvglwindowssimulator\x64\lv_draw_dave2d_fill.obj
c:\users\josiah\documents\senior design\code\powersupplymcpowerface\src\gui\lv_port_pc_visual_studio\output\objects\debug\lvglwindowssimulator\x64\lv_draw_dave2d_mask_rectangle.obj
c:\users\josiah\documents\senior design\code\powersupplymcpowerface\src\gui\lv_port_pc_visual_studio\output\objects\debug\lvglwindowssimulator\x64\lv_draw_sw_blend_to_argb8888_premultiplied.obj
c:\users\josiah\documents\senior design\code\powersupplymcpowerface\src\gui\lv_port_pc_visual_studio\output\objects\debug\lvglwindowssimulator\x64\lv_draw_buf_vg_lite.obj
c:\users\josiah\documents\senior design\code\powersupplymcpowerface\src\gui\lv_port_pc_visual_studio\output\objects\debug\lvglwindowssimulator\x64\lv_draw_vg_lite_border.obj
c:\users\josiah\documents\senior design\code\powersupplymcpowerface\src\gui\lv_port_pc_visual_studio\output\objects\debug\lvglwindowssimulator\x64\lv_st_ltdc.obj
c:\users\josiah\documents\senior design\code\powersupplymcpowerface\src\gui\lv_port_pc_visual_studio\output\objects\debug\lvglwindowssimulator\x64\lv_nuttx_touchscreen.obj
c:\users\josiah\documents\senior design\code\powersupplymcpowerface\src\gui\lv_port_pc_visual_studio\output\objects\debug\lvglwindowssimulator\x64\lv_opengles_egl.obj
c:\users\josiah\documents\senior design\code\powersupplymcpowerface\src\gui\lv_port_pc_visual_studio\output\objects\debug\lvglwindowssimulator\x64\lv_uefi_indev_pointer.obj
c:\users\josiah\documents\senior design\code\powersupplymcpowerface\src\gui\lv_port_pc_visual_studio\output\objects\debug\lvglwindowssimulator\x64\lv_font_montserrat_28.obj
c:\users\josiah\documents\senior design\code\powersupplymcpowerface\src\gui\lv_port_pc_visual_studio\output\objects\debug\lvglwindowssimulator\x64\lv_grid.obj
c:\users\josiah\documents\senior design\code\powersupplymcpowerface\src\gui\lv_port_pc_visual_studio\output\objects\debug\lvglwindowssimulator\x64\lv_fs_win32.obj
c:\users\josiah\documents\senior design\code\powersupplymcpowerface\src\gui\lv_port_pc_visual_studio\output\objects\debug\lvglwindowssimulator\x64\lv_anim_timeline.obj
c:\users\josiah\documents\senior design\code\powersupplymcpowerface\src\gui\lv_port_pc_visual_studio\output\objects\debug\lvglwindowssimulator\x64\lv_circle_buf.obj
c:\users\josiah\documents\senior design\code\powersupplymcpowerface\src\gui\lv_port_pc_visual_studio\output\objects\debug\lvglwindowssimulator\x64\lv_event.obj
c:\users\josiah\documents\senior design\code\powersupplymcpowerface\src\gui\lv_port_pc_visual_studio\output\objects\debug\lvglwindowssimulator\x64\lv_monkey.obj
c:\users\josiah\documents\senior design\code\powersupplymcpowerface\src\gui\lv_port_pc_visual_studio\output\objects\debug\lvglwindowssimulator\x64\lv_test_display.obj
c:\users\josiah\documents\senior design\code\powersupplymcpowerface\src\gui\lv_port_pc_visual_studio\output\objects\debug\lvglwindowssimulator\x64\lv_translation.obj
c:\users\josiah\documents\senior design\code\powersupplymcpowerface\src\gui\lv_port_pc_visual_studio\output\objects\debug\lvglwindowssimulator\x64\lv_xml_test.obj
c:\users\josiah\documents\senior design\code\powersupplymcpowerface\src\gui\lv_port_pc_visual_studio\output\objects\debug\lvglwindowssimulator\x64\lv_xml_bar_parser.obj
c:\users\josiah\documents\senior design\code\powersupplymcpowerface\src\gui\lv_port_pc_visual_studio\output\objects\debug\lvglwindowssimulator\x64\lv_xml_dropdown_parser.obj
c:\users\josiah\documents\senior design\code\powersupplymcpowerface\src\gui\lv_port_pc_visual_studio\output\objects\debug\lvglwindowssimulator\x64\lv_xml_spangroup_parser.obj
c:\users\josiah\documents\senior design\code\powersupplymcpowerface\src\gui\lv_port_pc_visual_studio\output\objects\debug\lvglwindowssimulator\x64\lv_animimage.obj
c:\users\josiah\documents\senior design\code\powersupplymcpowerface\src\gui\lv_port_pc_visual_studio\output\objects\debug\lvglwindowssimulator\x64\lv_calendar.obj
c:\users\josiah\documents\senior design\code\powersupplymcpowerface\src\gui\lv_port_pc_visual_studio\output\objects\debug\lvglwindowssimulator\x64\lv_demos.obj
c:\users\josiah\documents\senior design\code\powersupplymcpowerface\src\gui\lv_port_pc_visual_studio\output\objects\debug\lvglwindowssimulator\x64\img_lv_demo_music_corner_left_large.obj
c:\users\josiah\documents\senior design\code\powersupplymcpowerface\src\gui\lv_port_pc_visual_studio\output\objects\debug\lvglwindowssimulator\x64\img_lv_demo_music_slider_knob.obj
c:\users\josiah\documents\senior design\code\powersupplymcpowerface\src\gui\lv_port_pc_visual_studio\output\objects\debug\lvglwindowssimulator\x64\img_render_lvgl_logo_rgb888.obj
c:\users\josiah\documents\senior design\code\powersupplymcpowerface\src\gui\lv_port_pc_visual_studio\output\objects\debug\lvglwindowssimulator\x64\img_emoji_f617.obj
c:\users\josiah\documents\senior design\code\powersupplymcpowerface\src\gui\lv_port_pc_visual_studio\output\objects\debug\lvglwindowssimulator\x64\lv_example_get_started_1.obj
c:\users\josiah\documents\senior design\code\powersupplymcpowerface\src\gui\lv_port_pc_visual_studio\output\objects\debug\lvglwindowssimulator\x64\lv_example_grid_4.obj
c:\users\josiah\documents\senior design\code\powersupplymcpowerface\src\gui\lv_port_pc_visual_studio\output\objects\debug\lvglwindowssimulator\x64\img_wink_png.obj
c:\users\josiah\documents\senior design\code\powersupplymcpowerface\src\gui\lv_port_pc_visual_studio\output\objects\debug\lvglwindowssimulator\x64\lv_example_fragment_1.obj
c:\users\josiah\documents\senior design\code\powersupplymcpowerface\src\gui\lv_port_pc_visual_studio\output\objects\debug\lvglwindowssimulator\x64\lv_example_observer_7.obj
c:\users\josiah\documents\senior design\code\powersupplymcpowerface\src\gui\lv_port_pc_visual_studio\output\objects\debug\lvglwindowssimulator\x64\lv_example_style_19.obj
c:\users\josiah\documents\senior design\code\powersupplymcpowerface\src\gui\lv_port_pc_visual_studio\output\objects\debug\lvglwindowssimulator\x64\lv_example_buttonmatrix_1.obj
c:\users\josiah\documents\senior design\code\powersupplymcpowerface\src\gui\lv_port_pc_visual_studio\output\objects\debug\lvglwindowssimulator\x64\lv_example_chart_2.obj
c:\users\josiah\documents\senior design\code\powersupplymcpowerface\src\gui\lv_port_pc_visual_studio\output\objects\debug\lvglwindowssimulator\x64\lv_example_label_1.obj
c:\users\josiah\documents\senior design\code\powersupplymcpowerface\src\gui\lv_port_pc_visual_studio\output\objects\debug\lvglwindowssimulator\x64\lv_example_msgbox_1.obj
c:\users\josiah\documents\senior design\code\powersupplymcpowerface\src\gui\lv_port_pc_visual_studio\output\objects\debug\lvglwindowssimulator\x64\lv_example_slider_3.obj
c:\users\josiah\documents\senior design\code\powersupplymcpowerface\src\gui\lv_port_pc_visual_studio\output\objects\debug\lvglwindowssimulator\x64\lv_group.obj
c:\users\josiah\documents\senior design\code\powersupplymcpowerface\src\gui\lv_port_pc_visual_studio\output\objects\debug\lvglwindowssimulator\x64\lv_image_decoder.obj
c:\users\josiah\documents\senior design\code\powersupplymcpowerface\src\gui\lv_port_pc_visual_studio\output\objects\debug\lvglwindowssimulator\x64\lv_draw_sw_mask.obj
c:\users\josiah\documents\senior design\code\powersupplymcpowerface\src\gui\lv_port_pc_visual_studio\output\objects\debug\lvglwindowssimulator\x64\lv_libinput.obj
c:\users\josiah\documents\senior design\code\powersupplymcpowerface\src\gui\lv_port_pc_visual_studio\output\objects\debug\lvglwindowssimulator\x64\lv_opengl_shader_program.obj
c:\users\josiah\documents\senior design\code\powersupplymcpowerface\src\gui\lv_port_pc_visual_studio\output\objects\debug\lvglwindowssimulator\x64\lv_uefi_context.obj
c:\users\josiah\documents\senior design\code\powersupplymcpowerface\src\gui\lv_port_pc_visual_studio\output\objects\debug\lvglwindowssimulator\x64\lv_font_montserrat_18.obj
c:\users\josiah\documents\senior design\code\powersupplymcpowerface\src\gui\lv_port_pc_visual_studio\output\objects\debug\lvglwindowssimulator\x64\lv_font_source_han_sans_sc_14_cjk.obj
c:\users\josiah\documents\senior design\code\powersupplymcpowerface\src\gui\lv_port_pc_visual_studio\output\objects\debug\lvglwindowssimulator\x64\eve_commands.obj
c:\users\josiah\documents\senior design\code\powersupplymcpowerface\src\gui\lv_port_pc_visual_studio\output\objects\debug\lvglwindowssimulator\x64\eve_supplemental.obj
c:\users\josiah\documents\senior design\code\powersupplymcpowerface\src\gui\lv_port_pc_visual_studio\output\objects\debug\lvglwindowssimulator\x64\gif.obj
c:\users\josiah\documents\senior design\code\powersupplymcpowerface\src\gui\lv_port_pc_visual_studio\output\objects\debug\lvglwindowssimulator\x64\chromatic.obj
c:\users\josiah\documents\senior design\code\powersupplymcpowerface\src\gui\lv_port_pc_visual_studio\output\objects\debug\lvglwindowssimulator\x64\lz4.obj
c:\users\josiah\documents\senior design\code\powersupplymcpowerface\src\gui\lv_port_pc_visual_studio\output\objects\debug\lvglwindowssimulator\x64\lv_rlottie.obj
c:\users\josiah\documents\senior design\code\powersupplymcpowerface\src\gui\lv_port_pc_visual_studio\output\objects\debug\lvglwindowssimulator\x64\lv_color_op.obj
c:\users\josiah\documents\senior design\code\powersupplymcpowerface\src\gui\lv_port_pc_visual_studio\output\objects\debug\lvglwindowssimulator\x64\lv_log.obj
c:\users\josiah\documents\senior design\code\powersupplymcpowerface\src\gui\lv_port_pc_visual_studio\output\objects\debug\lvglwindowssimulator\x64\lv_xml.obj
c:\users\josiah\documents\senior design\code\powersupplymcpowerface\src\gui\lv_port_pc_visual_studio\output\objects\debug\lvglwindowssimulator\x64\lv_xml_button_parser.obj
c:\users\josiah\documents\senior design\code\powersupplymcpowerface\src\gui\lv_port_pc_visual_studio\output\objects\debug\lvglwindowssimulator\x64\lv_xml_label_parser.obj
c:\users\josiah\documents\senior design\code\powersupplymcpowerface\src\gui\lv_port_pc_visual_studio\output\objects\debug\lvglwindowssimulator\x64\lv_xml_switch_parser.obj
c:\users\josiah\documents\senior design\code\powersupplymcpowerface\src\gui\lv_port_pc_visual_studio\output\objects\debug\lvglwindowssimulator\x64\lv_tlsf.obj
c:\users\josiah\documents\senior design\code\powersupplymcpowerface\src\gui\lv_port_pc_visual_studio\output\objects\debug\lvglwindowssimulator\x64\lv_theme_default.obj
c:\users\josiah\documents\senior design\code\powersupplymcpowerface\src\gui\lv_port_pc_visual_studio\output\objects\debug\lvglwindowssimulator\x64\lv_font_benchmark_montserrat_18_aligned.obj
c:\users\josiah\documents\senior design\code\powersupplymcpowerface\src\gui\lv_port_pc_visual_studio\output\objects\debug\lvglwindowssimulator\x64\img_lv_demo_music_btn_next_large.obj
c:\users\josiah\documents\senior design\code\powersupplymcpowerface\src\gui\lv_port_pc_visual_studio\output\objects\debug\lvglwindowssimulator\x64\img_lv_demo_music_list_border.obj
c:\users\josiah\documents\senior design\code\powersupplymcpowerface\src\gui\lv_port_pc_visual_studio\output\objects\debug\lvglwindowssimulator\x64\img_render_lvgl_logo_rgb565_swapped.obj
c:\users\josiah\documents\senior design\code\powersupplymcpowerface\src\gui\lv_port_pc_visual_studio\output\objects\debug\lvglwindowssimulator\x64\animimg002.obj
c:\users\josiah\documents\senior design\code\powersupplymcpowerface\src\gui\lv_port_pc_visual_studio\output\objects\debug\lvglwindowssimulator\x64\lv_example_event_draw.obj
c:\users\josiah\documents\senior design\code\powersupplymcpowerface\src\gui\lv_port_pc_visual_studio\output\objects\debug\lvglwindowssimulator\x64\lv_example_barcode_1.obj
c:\users\josiah\documents\senior design\code\powersupplymcpowerface\src\gui\lv_port_pc_visual_studio\output\objects\debug\lvglwindowssimulator\x64\lv_example_lodepng_1.obj
c:\users\josiah\documents\senior design\code\powersupplymcpowerface\src\gui\lv_port_pc_visual_studio\output\objects\debug\lvglwindowssimulator\x64\lv_example_gestures.obj
c:\users\josiah\documents\senior design\code\powersupplymcpowerface\src\gui\lv_port_pc_visual_studio\output\objects\debug\lvglwindowssimulator\x64\lv_example_scroll_8.obj
c:\users\josiah\documents\senior design\code\powersupplymcpowerface\src\gui\lv_port_pc_visual_studio\output\objects\debug\lvglwindowssimulator\x64\lv_example_arc_1.obj
c:\users\josiah\documents\senior design\code\powersupplymcpowerface\src\gui\lv_port_pc_visual_studio\output\objects\debug\lvglwindowssimulator\x64\lv_example_canvas_10.obj
c:\users\josiah\documents\senior design\code\powersupplymcpowerface\src\gui\lv_port_pc_visual_studio\output\objects\debug\lvglwindowssimulator\x64\lv_example_chart_7.obj
c:\users\josiah\documents\senior design\code\powersupplymcpowerface\src\gui\lv_port_pc_visual_studio\output\objects\debug\lvglwindowssimulator\x64\lv_example_label_2.obj
c:\users\josiah\documents\senior design\code\powersupplymcpowerface\src\gui\lv_port_pc_visual_studio\output\objects\debug\lvglwindowssimulator\x64\lv_example_obj_1.obj
c:\users\josiah\documents\senior design\code\powersupplymcpowerface\src\gui\lv_port_pc_visual_studio\output\objects\debug\lvglwindowssimulator\x64\lv_example_slider_4.obj
c:\users\josiah\documents\senior design\code\powersupplymcpowerface\src\gui\lv_port_pc_visual_studio\output\objects\debug\lvglwindowssimulator\x64\lv_obj_draw.obj
c:\users\josiah\documents\senior design\code\powersupplymcpowerface\src\gui\lv_port_pc_visual_studio\output\objects\debug\lvglwindowssimulator\x64\lv_obj_property.obj
c:\users\josiah\documents\senior design\code\powersupplymcpowerface\src\gui\lv_port_pc_visual_studio\output\objects\debug\lvglwindowssimulator\x64\lv_obj_style_gen.obj
c:\users\josiah\documents\senior design\code\powersupplymcpowerface\src\gui\lv_port_pc_visual_studio\output\objects\debug\lvglwindowssimulator\x64\lv_draw_buf_convert_helium.obj
c:\users\josiah\documents\senior design\code\powersupplymcpowerface\src\gui\lv_port_pc_visual_studio\output\objects\debug\lvglwindowssimulator\x64\lv_draw_buf_convert_neon.obj
c:\users\josiah\documents\senior design\code\powersupplymcpowerface\src\gui\lv_port_pc_visual_studio\output\objects\debug\lvglwindowssimulator\x64\lv_draw_dma2d.obj
c:\users\josiah\documents\senior design\code\powersupplymcpowerface\src\gui\lv_port_pc_visual_studio\output\objects\debug\lvglwindowssimulator\x64\lv_draw_ppa.obj
c:\users\josiah\documents\senior design\code\powersupplymcpowerface\src\gui\lv_port_pc_visual_studio\output\objects\debug\lvglwindowssimulator\x64\lv_draw_eve_fill.obj
c:\users\josiah\documents\senior design\code\powersupplymcpowerface\src\gui\lv_port_pc_visual_studio\output\objects\debug\lvglwindowssimulator\x64\lv_draw_eve_line.obj
c:\users\josiah\documents\senior design\code\powersupplymcpowerface\src\gui\lv_port_pc_visual_studio\output\objects\debug\lvglwindowssimulator\x64\lv_draw_rect.obj
c:\users\josiah\documents\senior design\code\powersupplymcpowerface\src\gui\lv_port_pc_visual_studio\output\objects\debug\lvglwindowssimulator\x64\lv_draw_sw_blend_neon_to_rgb565.obj
c:\users\josiah\documents\senior design\code\powersupplymcpowerface\src\gui\lv_port_pc_visual_studio\output\objects\debug\lvglwindowssimulator\x64\lv_draw_sw_fill.obj
c:\users\josiah\documents\senior design\code\powersupplymcpowerface\src\gui\lv_port_pc_visual_studio\output\objects\debug\lvglwindowssimulator\x64\lv_lcd_generic_mipi.obj
c:\users\josiah\documents\senior design\code\powersupplymcpowerface\src\gui\lv_port_pc_visual_studio\output\objects\debug\lvglwindowssimulator\x64\lv_nuttx_fbdev.obj
c:\users\josiah\documents\senior design\code\powersupplymcpowerface\src\gui\lv_port_pc_visual_studio\output\objects\debug\lvglwindowssimulator\x64\egl.obj
c:\users\josiah\documents\senior design\code\powersupplymcpowerface\src\gui\lv_port_pc_visual_studio\output\objects\debug\lvglwindowssimulator\x64\lv_uefi_display.obj
c:\users\josiah\documents\senior design\code\powersupplymcpowerface\src\gui\lv_port_pc_visual_studio\output\objects\debug\lvglwindowssimulator\x64\lv_font_montserrat_24.obj
c:\users\josiah\documents\senior design\code\powersupplymcpowerface\src\gui\lv_port_pc_visual_studio\output\objects\debug\lvglwindowssimulator\x64\lv_font_source_han_sans_sc_16_cjk.obj
c:\users\josiah\documents\senior design\code\powersupplymcpowerface\src\gui\lv_port_pc_visual_studio\output\objects\debug\lvglwindowssimulator\x64\lv_fs_uefi.obj
c:\users\josiah\documents\senior design\code\powersupplymcpowerface\src\gui\lv_port_pc_visual_studio\output\objects\debug\lvglwindowssimulator\x64\vg_lite_kernel.obj
c:\users\josiah\documents\senior design\code\powersupplymcpowerface\src\gui\lv_port_pc_visual_studio\output\objects\debug\lvglwindowssimulator\x64\lv_init.obj
c:\users\josiah\documents\senior design\code\powersupplymcpowerface\src\gui\lv_port_pc_visual_studio\output\objects\debug\lvglwindowssimulator\x64\lv_file_explorer.obj
c:\users\josiah\documents\senior design\code\powersupplymcpowerface\src\gui\lv_port_pc_visual_studio\output\objects\debug\lvglwindowssimulator\x64\lv_fragment_manager.obj
c:\users\josiah\documents\senior design\code\powersupplymcpowerface\src\gui\lv_port_pc_visual_studio\output\objects\debug\lvglwindowssimulator\x64\lv_test_helpers.obj
c:\users\josiah\documents\senior design\code\powersupplymcpowerface\src\gui\lv_port_pc_visual_studio\output\objects\debug\lvglwindowssimulator\x64\lv_test_screenshot_compare.obj
c:\users\josiah\documents\senior design\code\powersupplymcpowerface\src\gui\lv_port_pc_visual_studio\output\objects\debug\lvglwindowssimulator\x64\lv_xml_load.obj
c:\users\josiah\documents\senior design\code\powersupplymcpowerface\src\gui\lv_port_pc_visual_studio\output\objects\debug\lvglwindowssimulator\x64\lv_xml_widget.obj
c:\users\josiah\documents\senior design\code\powersupplymcpowerface\src\gui\lv_port_pc_visual_studio\output\objects\debug\lvglwindowssimulator\x64\lv_xml_image_parser.obj
c:\users\josiah\documents\senior design\code\powersupplymcpowerface\src\gui\lv_port_pc_visual_studio\output\objects\debug\lvglwindowssimulator\x64\lv_xml_scale_parser.obj
c:\users\josiah\documents\senior design\code\powersupplymcpowerface\src\gui\lv_port_pc_visual_studio\output\objects\debug\lvglwindowssimulator\x64\lv_mem.obj
c:\users\josiah\documents\senior design\code\powersupplymcpowerface\src\gui\lv_port_pc_visual_studio\output\objects\debug\lvglwindowssimulator\x64\lv_table.obj
c:\users\josiah\documents\senior design\code\powersupplymcpowerface\src\gui\lv_port_pc_visual_studio\output\objects\debug\lvglwindowssimulator\x64\img_benchmark_lvgl_logo_argb.obj
c:\users\josiah\documents\senior design\code\powersupplymcpowerface\src\gui\lv_port_pc_visual_studio\output\objects\debug\lvglwindowssimulator\x64\img_lv_demo_music_btn_pause_large.obj
c:\users\josiah\documents\senior design\code\powersupplymcpowerface\src\gui\lv_port_pc_visual_studio\output\objects\debug\lvglwindowssimulator\x64\img_lv_demo_music_icon_3.obj
c:\users\josiah\documents\senior design\code\powersupplymcpowerface\src\gui\lv_port_pc_visual_studio\output\objects\debug\lvglwindowssimulator\x64\img_render_lvgl_logo_argb8888_premultiplied.obj
c:\users\josiah\documents\senior design\code\powersupplymcpowerface\src\gui\lv_port_pc_visual_studio\output\objects\debug\lvglwindowssimulator\x64\lv_demo_widgets_components.obj
c:\users\josiah\documents\senior design\code\powersupplymcpowerface\src\gui\lv_port_pc_visual_studio\output\objects\debug\lvglwindowssimulator\x64\lv_example_event_bubble.obj
c:\users\josiah\documents\senior design\code\powersupplymcpowerface\src\gui\lv_port_pc_visual_studio\output\objects\debug\lvglwindowssimulator\x64\lv_example_grid_2.obj
c:\users\josiah\documents\senior design\code\powersupplymcpowerface\src\gui\lv_port_pc_visual_studio\output\objects\debug\lvglwindowssimulator\x64\lv_example_tiny_ttf_1.obj
c:\users\josiah\documents\senior design\code\powersupplymcpowerface\src\gui\lv_port_pc_visual_studio\output\objects\debug\lvglwindowssimulator\x64\lv_example_monkey_1.obj
c:\users\josiah\documents\senior design\code\powersupplymcpowerface\src\gui\lv_port_pc_visual_studio\output\objects\debug\lvglwindowssimulator\x64\lv_example_scroll_4.obj
c:\users\josiah\documents\senior design\code\powersupplymcpowerface\src\gui\lv_port_pc_visual_studio\output\objects\debug\lvglwindowssimulator\x64\lv_example_style_2.obj
c:\users\josiah\documents\senior design\code\powersupplymcpowerface\src\gui\lv_port_pc_visual_studio\output\objects\debug\lvglwindowssimulator\x64\lv_example_buttonmatrix_2.obj
c:\users\josiah\documents\senior design\code\powersupplymcpowerface\src\gui\lv_port_pc_visual_studio\output\objects\debug\lvglwindowssimulator\x64\lv_example_checkbox_2.obj
c:\users\josiah\documents\senior design\code\powersupplymcpowerface\src\gui\lv_port_pc_visual_studio\output\objects\debug\lvglwindowssimulator\x64\lv_example_label_5.obj
c:\users\josiah\documents\senior design\code\powersupplymcpowerface\src\gui\lv_port_pc_visual_studio\output\objects\debug\lvglwindowssimulator\x64\lv_example_obj_2.obj
c:\users\josiah\documents\senior design\code\powersupplymcpowerface\src\gui\lv_port_pc_visual_studio\output\objects\debug\lvglwindowssimulator\x64\lv_example_scale_9.obj
c:\users\josiah\documents\senior design\code\powersupplymcpowerface\src\gui\lv_port_pc_visual_studio\output\objects\debug\lvglwindowssimulator\x64\lv_obj_event.obj
c:\users\josiah\documents\senior design\code\powersupplymcpowerface\src\gui\lv_port_pc_visual_studio\output\objects\debug\lvglwindowssimulator\x64\lv_obj_tree.obj
c:\users\josiah\documents\senior design\code\powersupplymcpowerface\src\gui\lv_port_pc_visual_studio\output\objects\debug\lvglwindowssimulator\x64\lv_draw_buf_pxp.obj
c:\users\josiah\documents\senior design\code\powersupplymcpowerface\src\gui\lv_port_pc_visual_studio\output\objects\debug\lvglwindowssimulator\x64\lv_pxp_cfg.obj
c:\users\josiah\documents\senior design\code\powersupplymcpowerface\src\gui\lv_port_pc_visual_studio\output\objects\debug\lvglwindowssimulator\x64\lv_draw_sdl.obj
c:\users\josiah\documents\senior design\code\powersupplymcpowerface\src\gui\lv_port_pc_visual_studio\output\objects\debug\lvglwindowssimulator\x64\lv_draw_vg_lite_triangle.obj
c:\users\josiah\documents\senior design\code\powersupplymcpowerface\src\gui\lv_port_pc_visual_studio\output\objects\debug\lvglwindowssimulator\x64\lv_vg_lite_grad.obj
c:\users\josiah\documents\senior design\code\powersupplymcpowerface\src\gui\lv_port_pc_visual_studio\output\objects\debug\lvglwindowssimulator\x64\lv_x11_display.obj
c:\users\josiah\documents\senior design\code\powersupplymcpowerface\src\gui\lv_port_pc_visual_studio\output\objects\debug\lvglwindowssimulator\x64\lv_font_fmt_txt.obj
c:\users\josiah\documents\senior design\code\powersupplymcpowerface\src\gui\lv_port_pc_visual_studio\output\objects\debug\lvglwindowssimulator\x64\lv_font_montserrat_40.obj
c:\users\josiah\documents\senior design\code\powersupplymcpowerface\src\gui\lv_port_pc_visual_studio\output\objects\debug\lvglwindowssimulator\x64\decomp_raw.obj
c:\users\josiah\documents\senior design\code\powersupplymcpowerface\src\gui\lv_port_pc_visual_studio\output\objects\debug\lvglwindowssimulator\x64\lv_fs_posix.obj
c:\users\josiah\documents\senior design\code\powersupplymcpowerface\src\gui\lv_port_pc_visual_studio\output\objects\debug\lvglwindowssimulator\x64\vg_lite_path.obj
c:\users\josiah\documents\senior design\code\powersupplymcpowerface\src\gui\lv_port_pc_visual_studio\output\objects\debug\lvglwindowssimulator\x64\lv_image_cache.obj
c:\users\josiah\documents\senior design\code\powersupplymcpowerface\src\gui\lv_port_pc_visual_studio\output\objects\debug\lvglwindowssimulator\x64\lv_mqx.obj
c:\users\josiah\documents\senior design\code\powersupplymcpowerface\src\gui\lv_port_pc_visual_studio\output\objects\debug\lvglwindowssimulator\x64\lv_xml_base_types.obj
c:\users\josiah\documents\senior design\code\powersupplymcpowerface\src\gui\lv_port_pc_visual_studio\output\objects\debug\lvglwindowssimulator\x64\lv_image_properties.obj
c:\users\josiah\documents\senior design\code\powersupplymcpowerface\src\gui\lv_port_pc_visual_studio\output\objects\debug\lvglwindowssimulator\x64\lv_style_properties.obj
c:\users\josiah\documents\senior design\code\powersupplymcpowerface\src\gui\lv_port_pc_visual_studio\output\objects\debug\lvglwindowssimulator\x64\lv_spinbox.obj
c:\users\josiah\documents\senior design\code\powersupplymcpowerface\src\gui\lv_port_pc_visual_studio\output\objects\debug\lvglwindowssimulator\x64\img_lv_demo_music_btn_list_play_large.obj
c:\users\josiah\documents\senior design\code\powersupplymcpowerface\src\gui\lv_port_pc_visual_studio\output\objects\debug\lvglwindowssimulator\x64\img_lv_demo_music_cover_3.obj
c:\users\josiah\documents\senior design\code\powersupplymcpowerface\src\gui\lv_port_pc_visual_studio\output\objects\debug\lvglwindowssimulator\x64\lv_demo_music.obj
c:\users\josiah\documents\senior design\code\powersupplymcpowerface\src\gui\lv_port_pc_visual_studio\output\objects\debug\lvglwindowssimulator\x64\lv_demo_widgets.obj
c:\users\josiah\documents\senior design\code\powersupplymcpowerface\src\gui\lv_port_pc_visual_studio\output\objects\debug\lvglwindowssimulator\x64\imgbtn_right.obj
c:\users\josiah\documents\senior design\code\powersupplymcpowerface\src\gui\lv_port_pc_visual_studio\output\objects\debug\lvglwindowssimulator\x64\lv_example_grad_2.obj
c:\users\josiah\documents\senior design\code\powersupplymcpowerface\src\gui\lv_port_pc_visual_studio\output\objects\debug\lvglwindowssimulator\x64\img_bulb_gif.obj
c:\users\josiah\documents\senior design\code\powersupplymcpowerface\src\gui\lv_port_pc_visual_studio\output\objects\debug\lvglwindowssimulator\x64\ubuntu_font.obj
c:\users\josiah\documents\senior design\code\powersupplymcpowerface\src\gui\lv_port_pc_visual_studio\output\objects\debug\lvglwindowssimulator\x64\lv_example_imgfont_1.obj
c:\users\josiah\documents\senior design\code\powersupplymcpowerface\src\gui\lv_port_pc_visual_studio\output\objects\debug\lvglwindowssimulator\x64\lv_example_scroll_6.obj
c:\users\josiah\documents\senior design\code\powersupplymcpowerface\src\gui\lv_port_pc_visual_studio\output\objects\debug\lvglwindowssimulator\x64\lv_example_style_6.obj
c:\users\josiah\documents\senior design\code\powersupplymcpowerface\src\gui\lv_port_pc_visual_studio\output\objects\debug\lvglwindowssimulator\x64\lv_example_calendar_1.obj
c:\users\josiah\documents\senior design\code\powersupplymcpowerface\src\gui\lv_port_pc_visual_studio\output\objects\debug\lvglwindowssimulator\x64\lv_example_checkbox_1.obj
c:\users\josiah\documents\senior design\code\powersupplymcpowerface\src\gui\lv_port_pc_visual_studio\output\objects\debug\lvglwindowssimulator\x64\lv_example_label_6.obj
c:\users\josiah\documents\senior design\code\powersupplymcpowerface\src\gui\lv_port_pc_visual_studio\output\objects\debug\lvglwindowssimulator\x64\lv_example_roller_1.obj
c:\users\josiah\documents\senior design\code\powersupplymcpowerface\src\gui\lv_port_pc_visual_studio\output\objects\debug\lvglwindowssimulator\x64\lv_example_span_1.obj
c:\users\josiah\documents\senior design\code\powersupplymcpowerface\src\gui\lv_port_pc_visual_studio\output\objects\debug\lvglwindowssimulator\x64\lv_obj_pos.obj
c:\users\josiah\documents\senior design\code\powersupplymcpowerface\src\gui\lv_port_pc_visual_studio\output\objects\debug\lvglwindowssimulator\x64\lv_draw_g2d_img.obj
c:\users\josiah\documents\senior design\code\powersupplymcpowerface\src\gui\lv_port_pc_visual_studio\output\objects\debug\lvglwindowssimulator\x64\lv_draw_pxp_fill.obj
c:\users\josiah\documents\senior design\code\powersupplymcpowerface\src\gui\lv_port_pc_visual_studio\output\objects\debug\lvglwindowssimulator\x64\lv_pxp_utils.obj
c:\users\josiah\documents\senior design\code\powersupplymcpowerface\src\gui\lv_port_pc_visual_studio\output\objects\debug\lvglwindowssimulator\x64\lv_draw_dave2d_arc.obj
c:\users\josiah\documents\senior design\code\powersupplymcpowerface\src\gui\lv_port_pc_visual_studio\output\objects\debug\lvglwindowssimulator\x64\lv_draw_sw_blend_to_l8.obj
c:\users\josiah\documents\senior design\code\powersupplymcpowerface\src\gui\lv_port_pc_visual_studio\output\objects\debug\lvglwindowssimulator\x64\lv_draw_sw_transform.obj
c:\users\josiah\documents\senior design\code\powersupplymcpowerface\src\gui\lv_port_pc_visual_studio\output\objects\debug\lvglwindowssimulator\x64\lv_draw_vg_lite_label.obj
c:\users\josiah\documents\senior design\code\powersupplymcpowerface\src\gui\lv_port_pc_visual_studio\output\objects\debug\lvglwindowssimulator\x64\lv_nuttx_libuv.obj
c:\users\josiah\documents\senior design\code\powersupplymcpowerface\src\gui\lv_port_pc_visual_studio\output\objects\debug\lvglwindowssimulator\x64\lv_font_montserrat_22.obj
c:\users\josiah\documents\senior design\code\powersupplymcpowerface\src\gui\lv_port_pc_visual_studio\output\objects\debug\lvglwindowssimulator\x64\lv_indev.obj
c:\users\josiah\documents\senior design\code\powersupplymcpowerface\src\gui\lv_port_pc_visual_studio\output\objects\debug\lvglwindowssimulator\x64\lv_freetype.obj
c:\users\josiah\documents\senior design\code\powersupplymcpowerface\src\gui\lv_port_pc_visual_studio\output\objects\debug\lvglwindowssimulator\x64\frogfs.obj
c:\users\josiah\documents\senior design\code\powersupplymcpowerface\src\gui\lv_port_pc_visual_studio\output\objects\debug\lvglwindowssimulator\x64\lv_fs_frogfs.obj
c:\users\josiah\documents\senior design\code\powersupplymcpowerface\src\gui\lv_port_pc_visual_studio\output\objects\debug\lvglwindowssimulator\x64\lv_tjpgd.obj
c:\users\josiah\documents\senior design\code\powersupplymcpowerface\src\gui\lv_port_pc_visual_studio\output\objects\debug\lvglwindowssimulator\x64\lv_font_manager.obj
c:\users\josiah\documents\senior design\code\powersupplymcpowerface\src\gui\lv_port_pc_visual_studio\output\objects\debug\lvglwindowssimulator\x64\lv_imgfont.obj
c:\users\josiah\documents\senior design\code\powersupplymcpowerface\src\gui\lv_port_pc_visual_studio\output\objects\debug\lvglwindowssimulator\x64\lv_led.obj
c:\users\josiah\documents\senior design\code\powersupplymcpowerface\src\gui\lv_port_pc_visual_studio\output\objects\debug\lvglwindowssimulator\x64\lv_objx_templ.obj
c:\users\josiah\documents\senior design\code\powersupplymcpowerface\src\gui\lv_port_pc_visual_studio\output\objects\debug\lvglwindowssimulator\x64\lv_animimage_properties.obj
c:\users\josiah\documents\senior design\code\powersupplymcpowerface\src\gui\lv_port_pc_visual_studio\output\objects\debug\lvglwindowssimulator\x64\lv_roller.obj
c:\users\josiah\documents\senior design\code\powersupplymcpowerface\src\gui\lv_port_pc_visual_studio\output\objects\debug\lvglwindowssimulator\x64\lv_font_benchmark_montserrat_12_aligned.obj
c:\users\josiah\documents\senior design\code\powersupplymcpowerface\src\gui\lv_port_pc_visual_studio\output\objects\debug\lvglwindowssimulator\x64\img_lv_demo_music_btn_next.obj
c:\users\josiah\documents\senior design\code\powersupplymcpowerface\src\gui\lv_port_pc_visual_studio\output\objects\debug\lvglwindowssimulator\x64\img_lv_demo_music_cover_3_large.obj
c:\users\josiah\documents\senior design\code\powersupplymcpowerface\src\gui\lv_port_pc_visual_studio\output\objects\debug\lvglwindowssimulator\x64\img_lv_demo_music_wave_bottom.obj
c:\users\josiah\documents\senior design\code\powersupplymcpowerface\src\gui\lv_port_pc_visual_studio\output\objects\debug\lvglwindowssimulator\x64\lv_demo_stress.obj
c:\users\josiah\documents\senior design\code\powersupplymcpowerface\src\gui\lv_port_pc_visual_studio\output\objects\debug\lvglwindowssimulator\x64\lv_example_anim_timeline_1.obj
c:\users\josiah\documents\senior design\code\powersupplymcpowerface\src\gui\lv_port_pc_visual_studio\output\objects\debug\lvglwindowssimulator\x64\lv_example_get_started_2.obj
c:\users\josiah\documents\senior design\code\powersupplymcpowerface\src\gui\lv_port_pc_visual_studio\output\objects\debug\lvglwindowssimulator\x64\lv_example_freetype_3.obj
c:\users\josiah\documents\senior design\code\powersupplymcpowerface\src\gui\lv_port_pc_visual_studio\output\objects\debug\lvglwindowssimulator\x64\lv_example_svg_1.obj
c:\users\josiah\documents\senior design\code\powersupplymcpowerface\src\gui\lv_port_pc_visual_studio\output\objects\debug\lvglwindowssimulator\x64\lv_example_gridnav_2.obj
c:\users\josiah\documents\senior design\code\powersupplymcpowerface\src\gui\lv_port_pc_visual_studio\output\objects\debug\lvglwindowssimulator\x64\lv_example_snapshot_1.obj
c:\users\josiah\documents\senior design\code\powersupplymcpowerface\src\gui\lv_port_pc_visual_studio\output\objects\debug\lvglwindowssimulator\x64\lv_example_style_14.obj
c:\users\josiah\documents\senior design\code\powersupplymcpowerface\src\gui\lv_port_pc_visual_studio\output\objects\debug\lvglwindowssimulator\x64\lv_example_arc_2.obj
c:\users\josiah\documents\senior design\code\powersupplymcpowerface\src\gui\lv_port_pc_visual_studio\output\objects\debug\lvglwindowssimulator\x64\lv_example_canvas_6.obj
c:\users\josiah\documents\senior design\code\powersupplymcpowerface\src\gui\lv_port_pc_visual_studio\output\objects\debug\lvglwindowssimulator\x64\lv_example_image_2.obj
c:\users\josiah\documents\senior design\code\powersupplymcpowerface\src\gui\lv_port_pc_visual_studio\output\objects\debug\lvglwindowssimulator\x64\lv_example_lottie_2.obj
c:\users\josiah\documents\senior design\code\powersupplymcpowerface\src\gui\lv_port_pc_visual_studio\output\objects\debug\lvglwindowssimulator\x64\lv_example_scale_8.obj
c:\users\josiah\documents\senior design\code\powersupplymcpowerface\src\gui\lv_port_pc_visual_studio\output\objects\debug\lvglwindowssimulator\x64\lv_obj.obj
c:\users\josiah\documents\senior design\code\powersupplymcpowerface\src\gui\lv_port_pc_visual_studio\output\objects\debug\lvglwindowssimulator\x64\lv_obj_style.obj
c:\users\josiah\documents\senior design\code\powersupplymcpowerface\src\gui\lv_port_pc_visual_studio\output\objects\debug\lvglwindowssimulator\x64\lv_draw_dave2d_utils.obj
c:\users\josiah\documents\senior design\code\powersupplymcpowerface\src\gui\lv_port_pc_visual_studio\output\objects\debug\lvglwindowssimulator\x64\lv_draw_sw_blend.obj
c:\users\josiah\documents\senior design\code\powersupplymcpowerface\src\gui\lv_port_pc_visual_studio\output\objects\debug\lvglwindowssimulator\x64\lv_vg_lite_pending.obj
c:\users\josiah\documents\senior design\code\powersupplymcpowerface\src\gui\lv_port_pc_visual_studio\output\objects\debug\lvglwindowssimulator\x64\lv_font_montserrat_10.obj
c:\users\josiah\documents\senior design\code\powersupplymcpowerface\src\gui\lv_port_pc_visual_studio\output\objects\debug\lvglwindowssimulator\x64\lv_font_montserrat_44.obj
c:\users\josiah\documents\senior design\code\powersupplymcpowerface\src\gui\lv_port_pc_visual_studio\output\objects\debug\lvglwindowssimulator\x64\lv_freetype_outline.obj
c:\users\josiah\documents\senior design\code\powersupplymcpowerface\src\gui\lv_port_pc_visual_studio\output\objects\debug\lvglwindowssimulator\x64\vg_lite.obj
c:\users\josiah\documents\senior design\code\powersupplymcpowerface\src\gui\lv_port_pc_visual_studio\output\objects\debug\lvglwindowssimulator\x64\lv_image_header_cache.obj
c:\users\josiah\documents\senior design\code\powersupplymcpowerface\src\gui\lv_port_pc_visual_studio\output\objects\debug\lvglwindowssimulator\x64\lv_sdl2.obj
c:\users\josiah\documents\senior design\code\powersupplymcpowerface\src\gui\lv_port_pc_visual_studio\output\objects\debug\lvglwindowssimulator\x64\lv_xml_translation.obj
c:\users\josiah\documents\senior design\code\powersupplymcpowerface\src\gui\lv_port_pc_visual_studio\output\objects\debug\lvglwindowssimulator\x64\lv_menu.obj
c:\users\josiah\documents\senior design\code\powersupplymcpowerface\src\gui\lv_port_pc_visual_studio\output\objects\debug\lvglwindowssimulator\x64\lv_dropdown_properties.obj
c:\users\josiah\documents\senior design\code\powersupplymcpowerface\src\gui\lv_port_pc_visual_studio\output\objects\debug\lvglwindowssimulator\x64\lv_scale.obj
c:\users\josiah\documents\senior design\code\powersupplymcpowerface\src\gui\lv_port_pc_visual_studio\output\objects\debug\lvglwindowssimulator\x64\lv_font_benchmark_montserrat_24_aligned.obj
c:\users\josiah\documents\senior design\code\powersupplymcpowerface\src\gui\lv_port_pc_visual_studio\output\objects\debug\lvglwindowssimulator\x64\img_lv_demo_music_cover_2_large.obj
c:\users\josiah\documents\senior design\code\powersupplymcpowerface\src\gui\lv_port_pc_visual_studio\output\objects\debug\lvglwindowssimulator\x64\img_lv_demo_music_wave_top.obj
c:\users\josiah\documents\senior design\code\powersupplymcpowerface\src\gui\lv_port_pc_visual_studio\output\objects\debug\lvglwindowssimulator\x64\img_demo_widgets_avatar.obj
c:\users\josiah\documents\senior design\code\powersupplymcpowerface\src\gui\lv_port_pc_visual_studio\output\objects\debug\lvglwindowssimulator\x64\img_caret_down.obj
c:\users\josiah\documents\senior design\code\powersupplymcpowerface\src\gui\lv_port_pc_visual_studio\output\objects\debug\lvglwindowssimulator\x64\lv_example_get_started_3.obj
c:\users\josiah\documents\senior design\code\powersupplymcpowerface\src\gui\lv_port_pc_visual_studio\output\objects\debug\lvglwindowssimulator\x64\lv_example_bmp_1.obj
c:\users\josiah\documents\senior design\code\powersupplymcpowerface\src\gui\lv_port_pc_visual_studio\output\objects\debug\lvglwindowssimulator\x64\lv_example_svg_3.obj
c:\users\josiah\documents\senior design\code\powersupplymcpowerface\src\gui\lv_port_pc_visual_studio\output\objects\debug\lvglwindowssimulator\x64\lv_example_ime_pinyin_2.obj
c:\users\josiah\documents\senior design\code\powersupplymcpowerface\src\gui\lv_port_pc_visual_studio\output\objects\debug\lvglwindowssimulator\x64\lv_example_xml_1.obj
c:\users\josiah\documents\senior design\code\powersupplymcpowerface\src\gui\lv_port_pc_visual_studio\output\objects\debug\lvglwindowssimulator\x64\lv_example_animimg_1.obj
c:\users\josiah\documents\senior design\code\powersupplymcpowerface\src\gui\lv_port_pc_visual_studio\output\objects\debug\lvglwindowssimulator\x64\lv_example_canvas_11.obj
c:\users\josiah\documents\senior design\code\powersupplymcpowerface\src\gui\lv_port_pc_visual_studio\output\objects\debug\lvglwindowssimulator\x64\lv_example_keyboard_2.obj
c:\users\josiah\documents\senior design\code\powersupplymcpowerface\src\gui\lv_port_pc_visual_studio\output\objects\debug\lvglwindowssimulator\x64\lv_example_menu_3.obj
c:\users\josiah\documents\senior design\code\powersupplymcpowerface\src\gui\lv_port_pc_visual_studio\output\objects\debug\lvglwindowssimulator\x64\lv_example_scale_6.obj
c:\users\josiah\documents\senior design\code\powersupplymcpowerface\src\gui\lv_port_pc_visual_studio\output\objects\debug\lvglwindowssimulator\x64\lv_example_tileview_1.obj
c:\users\josiah\documents\senior design\code\powersupplymcpowerface\src\gui\lv_port_pc_visual_studio\output\objects\debug\lvglwindowssimulator\x64\lv_draw_image.obj
c:\users\josiah\documents\senior design\code\powersupplymcpowerface\src\gui\lv_port_pc_visual_studio\output\objects\debug\lvglwindowssimulator\x64\lv_draw_sw_blend_neon_to_rgb888.obj
c:\users\josiah\documents\senior design\code\powersupplymcpowerface\src\gui\lv_port_pc_visual_studio\output\objects\debug\lvglwindowssimulator\x64\lv_draw_sw_mask_rect.obj
c:\users\josiah\documents\senior design\code\powersupplymcpowerface\src\gui\lv_port_pc_visual_studio\output\objects\debug\lvglwindowssimulator\x64\lv_st7789.obj
c:\users\josiah\documents\senior design\code\powersupplymcpowerface\src\gui\lv_port_pc_visual_studio\output\objects\debug\lvglwindowssimulator\x64\lv_opengles_shader.obj
c:\users\josiah\documents\senior design\code\powersupplymcpowerface\src\gui\lv_port_pc_visual_studio\output\objects\debug\lvglwindowssimulator\x64\lv_sdl_window.obj
c:\users\josiah\documents\senior design\code\powersupplymcpowerface\src\gui\lv_port_pc_visual_studio\output\objects\debug\lvglwindowssimulator\x64\lv_wayland_smm.obj
c:\users\josiah\documents\senior design\code\powersupplymcpowerface\src\gui\lv_port_pc_visual_studio\output\objects\debug\lvglwindowssimulator\x64\lv_wl_pointer_axis.obj
c:\users\josiah\documents\senior design\code\powersupplymcpowerface\src\gui\lv_port_pc_visual_studio\output\objects\debug\lvglwindowssimulator\x64\lv_wl_touch.obj
c:\users\josiah\documents\senior design\code\powersupplymcpowerface\src\gui\lv_port_pc_visual_studio\output\objects\debug\lvglwindowssimulator\x64\lv_windows_input.obj
c:\users\josiah\documents\senior design\code\powersupplymcpowerface\src\gui\lv_port_pc_visual_studio\output\objects\debug\lvglwindowssimulator\x64\lv_font_montserrat_34.obj
c:\users\josiah\documents\senior design\code\powersupplymcpowerface\src\gui\lv_port_pc_visual_studio\output\objects\debug\lvglwindowssimulator\x64\lv_layout.obj
c:\users\josiah\documents\senior design\code\powersupplymcpowerface\src\gui\lv_port_pc_visual_studio\output\objects\debug\lvglwindowssimulator\x64\lv_libpng.obj
c:\users\josiah\documents\senior design\code\powersupplymcpowerface\src\gui\lv_port_pc_visual_studio\output\objects\debug\lvglwindowssimulator\x64\lv_bidi.obj
c:\users\josiah\documents\senior design\code\powersupplymcpowerface\src\gui\lv_port_pc_visual_studio\output\objects\debug\lvglwindowssimulator\x64\lv_grad.obj
c:\users\josiah\documents\senior design\code\powersupplymcpowerface\src\gui\lv_port_pc_visual_studio\output\objects\debug\lvglwindowssimulator\x64\lv_lru.obj
c:\users\josiah\documents\senior design\code\powersupplymcpowerface\src\gui\lv_port_pc_visual_studio\output\objects\debug\lvglwindowssimulator\x64\lv_palette.obj
c:\users\josiah\documents\senior design\code\powersupplymcpowerface\src\gui\lv_port_pc_visual_studio\output\objects\debug\lvglwindowssimulator\x64\lv_rb.obj
c:\users\josiah\documents\senior design\code\powersupplymcpowerface\src\gui\lv_port_pc_visual_studio\output\objects\debug\lvglwindowssimulator\x64\lv_text.obj
c:\users\josiah\documents\senior design\code\powersupplymcpowerface\src\gui\lv_port_pc_visual_studio\output\objects\debug\lvglwindowssimulator\x64\lv_freertos.obj
c:\users\josiah\documents\senior design\code\powersupplymcpowerface\src\gui\lv_port_pc_visual_studio\output\objects\debug\lvglwindowssimulator\x64\lv_test_indev_gesture.obj
c:\users\josiah\documents\senior design\code\powersupplymcpowerface\src\gui\lv_port_pc_visual_studio\output\objects\debug\lvglwindowssimulator\x64\vg_lite_matrix.obj
c:\users\josiah\documents\senior design\code\powersupplymcpowerface\src\gui\lv_port_pc_visual_studio\output\objects\debug\lvglwindowssimulator\x64\lv_xml_utils.obj
c:\users\josiah\documents\senior design\code\powersupplymcpowerface\src\gui\lv_port_pc_visual_studio\output\objects\debug\lvglwindowssimulator\x64\lv_xml_chart_parser.obj
c:\users\josiah\documents\senior design\code\powersupplymcpowerface\src\gui\lv_port_pc_visual_studio\output\objects\debug\lvglwindowssimulator\x64\lv_xml_spinbox_parser.obj
c:\users\josiah\documents\senior design\code\powersupplymcpowerface\src\gui\lv_port_pc_visual_studio\output\objects\debug\lvglwindowssimulator\x64\lv_mem_core_micropython.obj
c:\users\josiah\documents\senior design\code\powersupplymcpowerface\src\gui\lv_port_pc_visual_studio\output\objects\debug\lvglwindowssimulator\x64\lv_bar.obj
c:\users\josiah\documents\senior design\code\powersupplymcpowerface\src\gui\lv_port_pc_visual_studio\output\objects\debug\lvglwindowssimulator\x64\lv_calendar_header_dropdown.obj
c:\users\josiah\documents\senior design\code\powersupplymcpowerface\src\gui\lv_port_pc_visual_studio\output\objects\debug\lvglwindowssimulator\x64\lv_line.obj
c:\users\josiah\documents\senior design\code\powersupplymcpowerface\src\gui\lv_port_pc_visual_studio\output\objects\debug\lvglwindowssimulator\x64\lv_label_properties.obj
c:\users\josiah\documents\senior design\code\powersupplymcpowerface\src\gui\lv_port_pc_visual_studio\output\objects\debug\lvglwindowssimulator\x64\lv_spinner.obj
c:\users\josiah\documents\senior design\code\powersupplymcpowerface\src\gui\lv_port_pc_visual_studio\output\objects\debug\lvglwindowssimulator\x64\lv_font_benchmark_montserrat_26_aligned.obj
c:\users\josiah\documents\senior design\code\powersupplymcpowerface\src\gui\lv_port_pc_visual_studio\output\objects\debug\lvglwindowssimulator\x64\img_lv_demo_music_cover_1.obj
c:\users\josiah\documents\senior design\code\powersupplymcpowerface\src\gui\lv_port_pc_visual_studio\output\objects\debug\lvglwindowssimulator\x64\lv_demo_music_main.obj
c:\users\josiah\documents\senior design\code\powersupplymcpowerface\src\gui\lv_port_pc_visual_studio\output\objects\debug\lvglwindowssimulator\x64\img_lvgl_logo.obj
c:\users\josiah\documents\senior design\code\powersupplymcpowerface\src\gui\lv_port_pc_visual_studio\output\objects\debug\lvglwindowssimulator\x64\img_cogwheel_rgb.obj
c:\users\josiah\documents\senior design\code\powersupplymcpowerface\src\gui\lv_port_pc_visual_studio\output\objects\debug\lvglwindowssimulator\x64\lv_example_grid_5.obj
c:\users\josiah\documents\senior design\code\powersupplymcpowerface\src\gui\lv_port_pc_visual_studio\output\objects\debug\lvglwindowssimulator\x64\lv_example_rlottie_1.obj
c:\users\josiah\documents\senior design\code\powersupplymcpowerface\src\gui\lv_port_pc_visual_studio\output\objects\debug\lvglwindowssimulator\x64\lv_example_gridnav_4.obj
c:\users\josiah\documents\senior design\code\powersupplymcpowerface\src\gui\lv_port_pc_visual_studio\output\objects\debug\lvglwindowssimulator\x64\lv_port_fs_template.obj
c:\users\josiah\documents\senior design\code\powersupplymcpowerface\src\gui\lv_port_pc_visual_studio\output\objects\debug\lvglwindowssimulator\x64\lv_example_scroll_3.obj
c:\users\josiah\documents\senior design\code\powersupplymcpowerface\src\gui\lv_port_pc_visual_studio\output\objects\debug\lvglwindowssimulator\x64\lv_example_style_4.obj
c:\users\josiah\documents\senior design\code\powersupplymcpowerface\src\gui\lv_port_pc_visual_studio\output\objects\debug\lvglwindowssimulator\x64\lv_example_buttonmatrix_3.obj
c:\users\josiah\documents\senior design\code\powersupplymcpowerface\src\gui\lv_port_pc_visual_studio\output\objects\debug\lvglwindowssimulator\x64\lv_example_chart_6.obj
c:\users\josiah\documents\senior design\code\powersupplymcpowerface\src\gui\lv_port_pc_visual_studio\output\objects\debug\lvglwindowssimulator\x64\lv_example_label_3.obj
c:\users\josiah\documents\senior design\code\powersupplymcpowerface\src\gui\lv_port_pc_visual_studio\output\objects\debug\lvglwindowssimulator\x64\lv_example_roller_2.obj
c:\users\josiah\documents\senior design\code\powersupplymcpowerface\src\gui\lv_port_pc_visual_studio\output\objects\debug\lvglwindowssimulator\x64\lv_example_spinbox_1.obj
c:\users\josiah\documents\senior design\code\powersupplymcpowerface\src\gui\lv_port_pc_visual_studio\output\objects\debug\lvglwindowssimulator\x64\lv_draw_buf_convert.obj
c:\users\josiah\documents\senior design\code\powersupplymcpowerface\src\gui\lv_port_pc_visual_studio\output\objects\debug\lvglwindowssimulator\x64\lv_draw_dma2d_fill.obj
c:\users\josiah\documents\senior design\code\powersupplymcpowerface\src\gui\lv_port_pc_visual_studio\output\objects\debug\lvglwindowssimulator\x64\lv_draw_eve_arc.obj
c:\users\josiah\documents\senior design\code\powersupplymcpowerface\src\gui\lv_port_pc_visual_studio\output\objects\debug\lvglwindowssimulator\x64\lv_draw_buf.obj
c:\users\josiah\documents\senior design\code\powersupplymcpowerface\src\gui\lv_port_pc_visual_studio\output\objects\debug\lvglwindowssimulator\x64\lv_draw_vg_lite_arc.obj
c:\users\josiah\documents\senior design\code\powersupplymcpowerface\src\gui\lv_port_pc_visual_studio\output\objects\debug\lvglwindowssimulator\x64\lv_xkb.obj
c:\users\josiah\documents\senior design\code\powersupplymcpowerface\src\gui\lv_port_pc_visual_studio\output\objects\debug\lvglwindowssimulator\x64\gles2.obj
c:\users\josiah\documents\senior design\code\powersupplymcpowerface\src\gui\lv_port_pc_visual_studio\output\objects\debug\lvglwindowssimulator\x64\lv_opengles_debug.obj
c:\users\josiah\documents\senior design\code\powersupplymcpowerface\src\gui\lv_port_pc_visual_studio\output\objects\debug\lvglwindowssimulator\x64\lv_sdl_keyboard.obj
c:\users\josiah\documents\senior design\code\powersupplymcpowerface\src\gui\lv_port_pc_visual_studio\output\objects\debug\lvglwindowssimulator\x64\lv_uefi_indev_touch.obj
c:\users\josiah\documents\senior design\code\powersupplymcpowerface\src\gui\lv_port_pc_visual_studio\output\objects\debug\lvglwindowssimulator\x64\lv_font_montserrat_30.obj
c:\users\josiah\documents\senior design\code\powersupplymcpowerface\src\gui\lv_port_pc_visual_studio\output\objects\debug\lvglwindowssimulator\x64\code128.obj
c:\users\josiah\documents\senior design\code\powersupplymcpowerface\src\gui\lv_port_pc_visual_studio\output\objects\debug\lvglwindowssimulator\x64\lv_qrcode.obj
c:\users\josiah\documents\senior design\code\powersupplymcpowerface\src\gui\lv_port_pc_visual_studio\output\objects\debug\lvglwindowssimulator\x64\lv_svg_render.obj
c:\users\josiah\documents\senior design\code\powersupplymcpowerface\src\gui\lv_port_pc_visual_studio\output\objects\debug\lvglwindowssimulator\x64\lv_tree.obj
c:\users\josiah\documents\senior design\code\powersupplymcpowerface\src\gui\lv_port_pc_visual_studio\output\objects\debug\lvglwindowssimulator\x64\lv_os.obj
c:\users\josiah\documents\senior design\code\powersupplymcpowerface\src\gui\lv_port_pc_visual_studio\output\objects\debug\lvglwindowssimulator\x64\lv_xml_roller_parser.obj
c:\users\josiah\documents\senior design\code\powersupplymcpowerface\src\gui\lv_port_pc_visual_studio\output\objects\debug\lvglwindowssimulator\x64\lv_sprintf_builtin.obj
c:\users\josiah\documents\senior design\code\powersupplymcpowerface\src\gui\lv_port_pc_visual_studio\output\objects\debug\lvglwindowssimulator\x64\lv_sprintf_rtthread.obj
c:\users\josiah\documents\senior design\code\powersupplymcpowerface\src\gui\lv_port_pc_visual_studio\output\objects\debug\lvglwindowssimulator\x64\lv_theme_mono.obj
c:\users\josiah\documents\senior design\code\powersupplymcpowerface\src\gui\lv_port_pc_visual_studio\output\objects\debug\lvglwindowssimulator\x64\img_benchmark_lvgl_logo_rgb.obj
c:\users\josiah\documents\senior design\code\powersupplymcpowerface\src\gui\lv_port_pc_visual_studio\output\objects\debug\lvglwindowssimulator\x64\img_lv_demo_music_corner_right_large.obj
c:\users\josiah\documents\senior design\code\powersupplymcpowerface\src\gui\lv_port_pc_visual_studio\output\objects\debug\lvglwindowssimulator\x64\img_lv_demo_music_icon_4_large.obj
c:\users\josiah\documents\senior design\code\powersupplymcpowerface\src\gui\lv_port_pc_visual_studio\output\objects\debug\lvglwindowssimulator\x64\img_render_lvgl_logo_xrgb8888.obj
c:\users\josiah\documents\senior design\code\powersupplymcpowerface\src\gui\lv_port_pc_visual_studio\output\objects\debug\lvglwindowssimulator\x64\lv_example_anim_1.obj
c:\users\josiah\documents\senior design\code\powersupplymcpowerface\src\gui\lv_port_pc_visual_studio\output\objects\debug\lvglwindowssimulator\x64\img_skew_strip.obj
c:\users\josiah\documents\senior design\code\powersupplymcpowerface\src\gui\lv_port_pc_visual_studio\output\objects\debug\lvglwindowssimulator\x64\lv_example_grid_3.obj
c:\users\josiah\documents\senior design\code\powersupplymcpowerface\src\gui\lv_port_pc_visual_studio\output\objects\debug\lvglwindowssimulator\x64\lv_example_rlottie_2.obj
c:\users\josiah\documents\senior design\code\powersupplymcpowerface\src\gui\lv_port_pc_visual_studio\output\objects\debug\lvglwindowssimulator\x64\lv_example_file_explorer_3.obj
c:\users\josiah\documents\senior design\code\powersupplymcpowerface\src\gui\lv_port_pc_visual_studio\output\objects\debug\lvglwindowssimulator\x64\lv_example_observer_2.obj
c:\users\josiah\documents\senior design\code\powersupplymcpowerface\src\gui\lv_port_pc_visual_studio\output\objects\debug\lvglwindowssimulator\x64\lv_example_style_10.obj
c:\users\josiah\documents\senior design\code\powersupplymcpowerface\src\gui\lv_port_pc_visual_studio\output\objects\debug\lvglwindowssimulator\x64\lv_example_arclabel_1.obj
c:\users\josiah\documents\senior design\code\powersupplymcpowerface\src\gui\lv_port_pc_visual_studio\output\objects\debug\lvglwindowssimulator\x64\lv_example_canvas_1.obj
c:\users\josiah\documents\senior design\code\powersupplymcpowerface\src\gui\lv_port_pc_visual_studio\output\objects\debug\lvglwindowssimulator\x64\lv_example_chart_4.obj
c:\users\josiah\documents\senior design\code\powersupplymcpowerface\src\gui\lv_port_pc_visual_studio\output\objects\debug\lvglwindowssimulator\x64\lv_example_label_4.obj
c:\users\josiah\documents\senior design\code\powersupplymcpowerface\src\gui\lv_port_pc_visual_studio\output\objects\debug\lvglwindowssimulator\x64\lv_example_msgbox_2.obj
c:\users\josiah\documents\senior design\code\powersupplymcpowerface\src\gui\lv_port_pc_visual_studio\output\objects\debug\lvglwindowssimulator\x64\lv_example_scale_7.obj
c:\users\josiah\documents\senior design\code\powersupplymcpowerface\src\gui\lv_port_pc_visual_studio\output\objects\debug\lvglwindowssimulator\x64\lv_example_textarea_4.obj
c:\users\josiah\documents\senior design\code\powersupplymcpowerface\src\gui\lv_port_pc_visual_studio\output\objects\debug\lvglwindowssimulator\x64\lv_draw_nema_gfx.obj
c:\users\josiah\documents\senior design\code\powersupplymcpowerface\src\gui\lv_port_pc_visual_studio\output\objects\debug\lvglwindowssimulator\x64\lv_draw_nema_gfx_line.obj
c:\users\josiah\documents\senior design\code\powersupplymcpowerface\src\gui\lv_port_pc_visual_studio\output\objects\debug\lvglwindowssimulator\x64\lv_nema_gfx_path.obj
c:\users\josiah\documents\senior design\code\powersupplymcpowerface\src\gui\lv_port_pc_visual_studio\output\objects\debug\lvglwindowssimulator\x64\lv_draw_pxp_layer.obj
c:\users\josiah\documents\senior design\code\powersupplymcpowerface\src\gui\lv_port_pc_visual_studio\output\objects\debug\lvglwindowssimulator\x64\lv_draw_opengles.obj
c:\users\josiah\documents\senior design\code\powersupplymcpowerface\src\gui\lv_port_pc_visual_studio\output\objects\debug\lvglwindowssimulator\x64\lv_draw_sw_blend_to_argb8888.obj
c:\users\josiah\documents\senior design\code\powersupplymcpowerface\src\gui\lv_port_pc_visual_studio\output\objects\debug\lvglwindowssimulator\x64\lv_draw_sw_arc.obj
c:\users\josiah\documents\senior design\code\powersupplymcpowerface\src\gui\lv_port_pc_visual_studio\output\objects\debug\lvglwindowssimulator\x64\lv_vg_lite_path.obj
c:\users\josiah\documents\senior design\code\powersupplymcpowerface\src\gui\lv_port_pc_visual_studio\output\objects\debug\lvglwindowssimulator\x64\lv_binfont_loader.obj
c:\users\josiah\documents\senior design\code\powersupplymcpowerface\src\gui\lv_port_pc_visual_studio\output\objects\debug\lvglwindowssimulator\x64\lv_font_montserrat_8.obj
c:\users\josiah\documents\senior design\code\powersupplymcpowerface\src\gui\lv_port_pc_visual_studio\output\objects\debug\lvglwindowssimulator\x64\lv_ffmpeg.obj
c:\users\josiah\documents\senior design\code\powersupplymcpowerface\src\gui\lv_port_pc_visual_studio\output\objects\debug\lvglwindowssimulator\x64\lv_ftsystem.obj
c:\users\josiah\documents\senior design\code\powersupplymcpowerface\src\gui\lv_port_pc_visual_studio\output\objects\debug\lvglwindowssimulator\x64\lv_anim.obj
c:\users\josiah\documents\senior design\code\powersupplymcpowerface\src\gui\lv_port_pc_visual_studio\output\objects\debug\lvglwindowssimulator\x64\lv_windows.obj
c:\users\josiah\documents\senior design\code\powersupplymcpowerface\src\gui\lv_port_pc_visual_studio\output\objects\debug\lvglwindowssimulator\x64\lv_theme.obj
c:\users\josiah\documents\senior design\code\powersupplymcpowerface\src\gui\lv_port_pc_visual_studio\output\objects\debug\lvglwindowssimulator\x64\img_lv_demo_music_btn_corner_large.obj
c:\users\josiah\documents\senior design\code\powersupplymcpowerface\src\gui\lv_port_pc_visual_studio\output\objects\debug\lvglwindowssimulator\x64\img_lv_demo_music_corner_left.obj
c:\users\josiah\documents\senior design\code\powersupplymcpowerface\src\gui\lv_port_pc_visual_studio\output\objects\debug\lvglwindowssimulator\x64\img_lv_demo_music_icon_4.obj
c:\users\josiah\documents\senior design\code\powersupplymcpowerface\src\gui\lv_port_pc_visual_studio\output\objects\debug\lvglwindowssimulator\x64\img_render_lvgl_logo_rgb565.obj
c:\users\josiah\documents\senior design\code\powersupplymcpowerface\src\gui\lv_port_pc_visual_studio\output\objects\debug\lvglwindowssimulator\x64\lv_demo_widgets_profile.obj
c:\users\josiah\documents\senior design\code\powersupplymcpowerface\src\gui\lv_port_pc_visual_studio\output\objects\debug\lvglwindowssimulator\x64\img_star.obj
c:\users\josiah\documents\senior design\code\powersupplymcpowerface\src\gui\lv_port_pc_visual_studio\output\objects\debug\lvglwindowssimulator\x64\lv_example_flex_2.obj
c:\users\josiah\documents\senior design\code\powersupplymcpowerface\src\gui\lv_port_pc_visual_studio\output\objects\debug\lvglwindowssimulator\x64\img_png_demo.obj
c:\users\josiah\documents\senior design\code\powersupplymcpowerface\src\gui\lv_port_pc_visual_studio\output\objects\debug\lvglwindowssimulator\x64\lv_example_font_manager_3.obj
c:\users\josiah\documents\senior design\code\powersupplymcpowerface\src\gui\lv_port_pc_visual_studio\output\objects\debug\lvglwindowssimulator\x64\lv_example_observer_5.obj
c:\users\josiah\documents\senior design\code\powersupplymcpowerface\src\gui\lv_port_pc_visual_studio\output\objects\debug\lvglwindowssimulator\x64\lv_example_scroll_7.obj
c:\users\josiah\documents\senior design\code\powersupplymcpowerface\src\gui\lv_port_pc_visual_studio\output\objects\debug\lvglwindowssimulator\x64\lv_example_style_7.obj
c:\users\josiah\documents\senior design\code\powersupplymcpowerface\src\gui\lv_port_pc_visual_studio\output\objects\debug\lvglwindowssimulator\x64\lv_example_button_3.obj
c:\users\josiah\documents\senior design\code\powersupplymcpowerface\src\gui\lv_port_pc_visual_studio\output\objects\debug\lvglwindowssimulator\x64\lv_example_dropdown_1.obj
c:\users\josiah\documents\senior design\code\powersupplymcpowerface\src\gui\lv_port_pc_visual_studio\output\objects\debug\lvglwindowssimulator\x64\lv_example_led_1.obj
c:\users\josiah\documents\senior design\code\powersupplymcpowerface\src\gui\lv_port_pc_visual_studio\output\objects\debug\lvglwindowssimulator\x64\lv_example_roller_3.obj
c:\users\josiah\documents\senior design\code\powersupplymcpowerface\src\gui\lv_port_pc_visual_studio\output\objects\debug\lvglwindowssimulator\x64\lv_example_tabview_1.obj
c:\users\josiah\documents\senior design\code\powersupplymcpowerface\src\gui\lv_port_pc_visual_studio\output\objects\debug\lvglwindowssimulator\x64\lv_draw_ppa_img.obj
c:\users\josiah\documents\senior design\code\powersupplymcpowerface\src\gui\lv_port_pc_visual_studio\output\objects\debug\lvglwindowssimulator\x64\lv_draw_3d.obj
c:\users\josiah\documents\senior design\code\powersupplymcpowerface\src\gui\lv_port_pc_visual_studio\output\objects\debug\lvglwindowssimulator\x64\lv_draw_vector.obj
c:\users\josiah\documents\senior design\code\powersupplymcpowerface\src\gui\lv_port_pc_visual_studio\output\objects\debug\lvglwindowssimulator\x64\lv_draw_sw.obj
c:\users\josiah\documents\senior design\code\powersupplymcpowerface\src\gui\lv_port_pc_visual_studio\output\objects\debug\lvglwindowssimulator\x64\lv_ft81x.obj
c:\users\josiah\documents\senior design\code\powersupplymcpowerface\src\gui\lv_port_pc_visual_studio\output\objects\debug\lvglwindowssimulator\x64\lv_nv3007.obj
c:\users\josiah\documents\senior design\code\powersupplymcpowerface\src\gui\lv_port_pc_visual_studio\output\objects\debug\lvglwindowssimulator\x64\lv_evdev.obj
c:\users\josiah\documents\senior design\code\powersupplymcpowerface\src\gui\lv_port_pc_visual_studio\output\objects\debug\lvglwindowssimulator\x64\lv_opengl_shader_manager.obj
c:\users\josiah\documents\senior design\code\powersupplymcpowerface\src\gui\lv_port_pc_visual_studio\output\objects\debug\lvglwindowssimulator\x64\lv_sdl_mousewheel.obj
c:\users\josiah\documents\senior design\code\powersupplymcpowerface\src\gui\lv_port_pc_visual_studio\output\objects\debug\lvglwindowssimulator\x64\lv_wl_cache.obj
c:\users\josiah\documents\senior design\code\powersupplymcpowerface\src\gui\lv_port_pc_visual_studio\output\objects\debug\lvglwindowssimulator\x64\lv_wl_seat.obj
c:\users\josiah\documents\senior design\code\powersupplymcpowerface\src\gui\lv_port_pc_visual_studio\output\objects\debug\lvglwindowssimulator\x64\lv_wl_shm.obj
c:\users\josiah\documents\senior design\code\powersupplymcpowerface\src\gui\lv_port_pc_visual_studio\output\objects\debug\lvglwindowssimulator\x64\lv_windows_display.obj
c:\users\josiah\documents\senior design\code\powersupplymcpowerface\src\gui\lv_port_pc_visual_studio\output\objects\debug\lvglwindowssimulator\x64\lv_font_montserrat_38.obj
c:\users\josiah\documents\senior design\code\powersupplymcpowerface\src\gui\lv_port_pc_visual_studio\output\objects\debug\lvglwindowssimulator\x64\xmlparse.obj
c:\users\josiah\documents\senior design\code\powersupplymcpowerface\src\gui\lv_port_pc_visual_studio\output\objects\debug\lvglwindowssimulator\x64\xmlrole.obj
c:\users\josiah\documents\senior design\code\powersupplymcpowerface\src\gui\lv_port_pc_visual_studio\output\objects\debug\lvglwindowssimulator\x64\xmltok.obj
c:\users\josiah\documents\senior design\code\powersupplymcpowerface\src\gui\lv_port_pc_visual_studio\output\objects\debug\lvglwindowssimulator\x64\lv_freetype_image.obj
c:\users\josiah\documents\senior design\code\powersupplymcpowerface\src\gui\lv_port_pc_visual_studio\output\objects\debug\lvglwindowssimulator\x64\lv_cache_lru_rb.obj
c:\users\josiah\documents\senior design\code\powersupplymcpowerface\src\gui\lv_port_pc_visual_studio\output\objects\debug\lvglwindowssimulator\x64\lv_timer.obj
c:\users\josiah\documents\senior design\code\powersupplymcpowerface\src\gui\lv_port_pc_visual_studio\output\objects\debug\lvglwindowssimulator\x64\lv_xml_style.obj
c:\users\josiah\documents\senior design\code\powersupplymcpowerface\src\gui\lv_port_pc_visual_studio\output\objects\debug\lvglwindowssimulator\x64\lv_keyboard_properties.obj
c:\users\josiah\documents\senior design\code\powersupplymcpowerface\src\gui\lv_port_pc_visual_studio\output\objects\debug\lvglwindowssimulator\x64\lv_textarea_properties.obj
c:\users\josiah\documents\senior design\code\powersupplymcpowerface\src\gui\lv_port_pc_visual_studio\output\objects\debug\lvglwindowssimulator\x64\lv_tabview.obj
c:\users\josiah\documents\senior design\code\powersupplymcpowerface\src\gui\lv_port_pc_visual_studio\output\objects\debug\lvglwindowssimulator\x64\lv_demo_keypad_encoder.obj
c:\users\josiah\documents\senior design\code\powersupplymcpowerface\src\gui\lv_port_pc_visual_studio\output\objects\debug\lvglwindowssimulator\x64\img_lv_demo_music_btn_prev_large.obj
c:\users\josiah\documents\senior design\code\powersupplymcpowerface\src\gui\lv_port_pc_visual_studio\output\objects\debug\lvglwindowssimulator\x64\img_lv_demo_music_logo.obj
c:\users\josiah\documents\senior design\code\powersupplymcpowerface\src\gui\lv_port_pc_visual_studio\output\objects\debug\lvglwindowssimulator\x64\img_render_lvgl_logo_rgb565a8.obj
c:\users\josiah\documents\senior design\code\powersupplymcpowerface\src\gui\lv_port_pc_visual_studio\output\objects\debug\lvglwindowssimulator\x64\lv_example_anim_4.obj
c:\users\josiah\documents\senior design\code\powersupplymcpowerface\src\gui\lv_port_pc_visual_studio\output\objects\debug\lvglwindowssimulator\x64\lv_example_event_streak.obj
c:\users\josiah\documents\senior design\code\powersupplymcpowerface\src\gui\lv_port_pc_visual_studio\output\objects\debug\lvglwindowssimulator\x64\lv_example_flex_6.obj
c:\users\josiah\documents\senior design\code\powersupplymcpowerface\src\gui\lv_port_pc_visual_studio\output\objects\debug\lvglwindowssimulator\x64\lv_example_libpng_1.obj
c:\users\josiah\documents\senior design\code\powersupplymcpowerface\src\gui\lv_port_pc_visual_studio\output\objects\debug\lvglwindowssimulator\x64\lv_example_gridnav_1.obj
c:\users\josiah\documents\senior design\code\powersupplymcpowerface\src\gui\lv_port_pc_visual_studio\output\objects\debug\lvglwindowssimulator\x64\lv_example_xml_2.obj
c:\users\josiah\documents\senior design\code\powersupplymcpowerface\src\gui\lv_port_pc_visual_studio\output\objects\debug\lvglwindowssimulator\x64\lv_example_style_16.obj
c:\users\josiah\documents\senior design\code\powersupplymcpowerface\src\gui\lv_port_pc_visual_studio\output\objects\debug\lvglwindowssimulator\x64\lv_example_bar_5.obj
c:\users\josiah\documents\senior design\code\powersupplymcpowerface\src\gui\lv_port_pc_visual_studio\output\objects\debug\lvglwindowssimulator\x64\lv_example_canvas_8.obj
c:\users\josiah\documents\senior design\code\powersupplymcpowerface\src\gui\lv_port_pc_visual_studio\output\objects\debug\lvglwindowssimulator\x64\lv_example_image_4.obj
c:\users\josiah\documents\senior design\code\powersupplymcpowerface\src\gui\lv_port_pc_visual_studio\output\objects\debug\lvglwindowssimulator\x64\lv_example_menu_4.obj
c:\users\josiah\documents\senior design\code\powersupplymcpowerface\src\gui\lv_port_pc_visual_studio\output\objects\debug\lvglwindowssimulator\x64\lv_example_scale_5.obj
c:\users\josiah\documents\senior design\code\powersupplymcpowerface\src\gui\lv_port_pc_visual_studio\output\objects\debug\lvglwindowssimulator\x64\lv_example_win_1.obj
c:\users\josiah\documents\senior design\code\powersupplymcpowerface\src\gui\lv_port_pc_visual_studio\output\objects\debug\lvglwindowssimulator\x64\lv_draw_nema_gfx_border.obj
c:\users\josiah\documents\senior design\code\powersupplymcpowerface\src\gui\lv_port_pc_visual_studio\output\objects\debug\lvglwindowssimulator\x64\lv_draw_nema_gfx_img.obj
c:\users\josiah\documents\senior design\code\powersupplymcpowerface\src\gui\lv_port_pc_visual_studio\output\objects\debug\lvglwindowssimulator\x64\lv_draw_nema_gfx_stm32_hal.obj
c:\users\josiah\documents\senior design\code\powersupplymcpowerface\src\gui\lv_port_pc_visual_studio\output\objects\debug\lvglwindowssimulator\x64\lv_draw_nema_gfx_vector.obj
c:\users\josiah\documents\senior design\code\powersupplymcpowerface\src\gui\lv_port_pc_visual_studio\output\objects\debug\lvglwindowssimulator\x64\lv_draw_g2d_fill.obj
c:\users\josiah\documents\senior design\code\powersupplymcpowerface\src\gui\lv_port_pc_visual_studio\output\objects\debug\lvglwindowssimulator\x64\lv_draw_pxp_img.obj
c:\users\josiah\documents\senior design\code\powersupplymcpowerface\src\gui\lv_port_pc_visual_studio\output\objects\debug\lvglwindowssimulator\x64\lv_draw_dave2d_image.obj
c:\users\josiah\documents\senior design\code\powersupplymcpowerface\src\gui\lv_port_pc_visual_studio\output\objects\debug\lvglwindowssimulator\x64\lv_draw_sw_blend_to_rgb565.obj
c:\users\josiah\documents\senior design\code\powersupplymcpowerface\src\gui\lv_port_pc_visual_studio\output\objects\debug\lvglwindowssimulator\x64\lv_draw_sw_triangle.obj
c:\users\josiah\documents\senior design\code\powersupplymcpowerface\src\gui\lv_port_pc_visual_studio\output\objects\debug\lvglwindowssimulator\x64\lv_linux_drm.obj
c:\users\josiah\documents\senior design\code\powersupplymcpowerface\src\gui\lv_port_pc_visual_studio\output\objects\debug\lvglwindowssimulator\x64\lv_ili9341.obj
c:\users\josiah\documents\senior design\code\powersupplymcpowerface\src\gui\lv_port_pc_visual_studio\output\objects\debug\lvglwindowssimulator\x64\lv_nuttx_entry.obj
c:\users\josiah\documents\senior design\code\powersupplymcpowerface\src\gui\lv_port_pc_visual_studio\output\objects\debug\lvglwindowssimulator\x64\lv_opengles_texture.obj
c:\users\josiah\documents\senior design\code\powersupplymcpowerface\src\gui\lv_port_pc_visual_studio\output\objects\debug\lvglwindowssimulator\x64\lv_sdl_mouse.obj
c:\users\josiah\documents\senior design\code\powersupplymcpowerface\src\gui\lv_port_pc_visual_studio\output\objects\debug\lvglwindowssimulator\x64\lv_wayland.obj
c:\users\josiah\documents\senior design\code\powersupplymcpowerface\src\gui\lv_port_pc_visual_studio\output\objects\debug\lvglwindowssimulator\x64\lv_wl_keyboard.obj
c:\users\josiah\documents\senior design\code\powersupplymcpowerface\src\gui\lv_port_pc_visual_studio\output\objects\debug\lvglwindowssimulator\x64\lv_wl_window_decorations.obj
c:\users\josiah\documents\senior design\code\powersupplymcpowerface\src\gui\lv_port_pc_visual_studio\output\objects\debug\lvglwindowssimulator\x64\lv_wl_xdg_shell.obj
c:\users\josiah\documents\senior design\code\powersupplymcpowerface\src\gui\lv_port_pc_visual_studio\output\objects\debug\lvglwindowssimulator\x64\lv_windows_context.obj
c:\users\josiah\documents\senior design\code\powersupplymcpowerface\src\gui\lv_port_pc_visual_studio\output\objects\debug\lvglwindowssimulator\x64\lv_font_montserrat_36.obj
c:\users\josiah\documents\senior design\code\powersupplymcpowerface\src\gui\lv_port_pc_visual_studio\output\objects\debug\lvglwindowssimulator\x64\xmltok_impl.obj
c:\users\josiah\documents\senior design\code\powersupplymcpowerface\src\gui\lv_port_pc_visual_studio\output\objects\debug\lvglwindowssimulator\x64\xmltok_ns.obj
c:\users\josiah\documents\senior design\code\powersupplymcpowerface\src\gui\lv_port_pc_visual_studio\output\objects\debug\lvglwindowssimulator\x64\lv_freetype_glyph.obj
c:\users\josiah\documents\senior design\code\powersupplymcpowerface\src\gui\lv_port_pc_visual_studio\output\objects\debug\lvglwindowssimulator\x64\lv_svg_parser.obj
c:\users\josiah\documents\senior design\code\powersupplymcpowerface\src\gui\lv_port_pc_visual_studio\output\objects\debug\lvglwindowssimulator\x64\lv_tiny_ttf.obj
c:\users\josiah\documents\senior design\code\powersupplymcpowerface\src\gui\lv_port_pc_visual_studio\output\objects\debug\lvglwindowssimulator\x64\lv_os_none.obj
c:\users\josiah\documents\senior design\code\powersupplymcpowerface\src\gui\lv_port_pc_visual_studio\output\objects\debug\lvglwindowssimulator\x64\lv_rtthread.obj
c:\users\josiah\documents\senior design\code\powersupplymcpowerface\src\gui\lv_port_pc_visual_studio\output\objects\debug\lvglwindowssimulator\x64\lv_mem_core_clib.obj
c:\users\josiah\documents\senior design\code\powersupplymcpowerface\src\gui\lv_port_pc_visual_studio\output\objects\debug\lvglwindowssimulator\x64\lv_tick.obj
c:\users\josiah\documents\senior design\code\powersupplymcpowerface\src\gui\lv_port_pc_visual_studio\output\objects\debug\lvglwindowssimulator\x64\lv_win.obj
c:\users\josiah\documents\senior design\code\powersupplymcpowerface\src\gui\lv_port_pc_visual_studio\output\objects\debug\lvglwindowssimulator\x64\img_lv_demo_music_btn_loop.obj
c:\users\josiah\documents\senior design\code\powersupplymcpowerface\src\gui\lv_port_pc_visual_studio\output\objects\debug\lvglwindowssimulator\x64\img_lv_demo_music_btn_pause.obj
c:\users\josiah\documents\senior design\code\powersupplymcpowerface\src\gui\lv_port_pc_visual_studio\output\objects\debug\lvglwindowssimulator\x64\img_lv_demo_music_icon_2.obj
c:\users\josiah\documents\senior design\code\powersupplymcpowerface\src\gui\lv_port_pc_visual_studio\output\objects\debug\lvglwindowssimulator\x64\img_render_lvgl_logo_i1.obj
c:\users\josiah\documents\senior design\code\powersupplymcpowerface\src\gui\lv_port_pc_visual_studio\output\objects\debug\lvglwindowssimulator\x64\animimg001.obj
c:\users\josiah\documents\senior design\code\powersupplymcpowerface\src\gui\lv_port_pc_visual_studio\output\objects\debug\lvglwindowssimulator\x64\lv_example_event_trickle.obj
c:\users\josiah\documents\senior design\code\powersupplymcpowerface\src\gui\lv_port_pc_visual_studio\output\objects\debug\lvglwindowssimulator\x64\lv_example_freetype_2.obj
c:\users\josiah\documents\senior design\code\powersupplymcpowerface\src\gui\lv_port_pc_visual_studio\output\objects\debug\lvglwindowssimulator\x64\lv_example_svg_2.obj
c:\users\josiah\documents\senior design\code\powersupplymcpowerface\src\gui\lv_port_pc_visual_studio\output\objects\debug\lvglwindowssimulator\x64\lv_example_gridnav_3.obj
c:\users\josiah\documents\senior design\code\powersupplymcpowerface\src\gui\lv_port_pc_visual_studio\output\objects\debug\lvglwindowssimulator\x64\lv_example_translation_1.obj
c:\users\josiah\documents\senior design\code\powersupplymcpowerface\src\gui\lv_port_pc_visual_studio\output\objects\debug\lvglwindowssimulator\x64\lv_example_style_12.obj
c:\users\josiah\documents\senior design\code\powersupplymcpowerface\src\gui\lv_port_pc_visual_studio\output\objects\debug\lvglwindowssimulator\x64\lv_example_arc_3.obj
c:\users\josiah\documents\senior design\code\powersupplymcpowerface\src\gui\lv_port_pc_visual_studio\output\objects\debug\lvglwindowssimulator\x64\lv_example_canvas_2.obj
c:\users\josiah\documents\senior design\code\powersupplymcpowerface\src\gui\lv_port_pc_visual_studio\output\objects\debug\lvglwindowssimulator\x64\lv_example_image_1.obj
c:\users\josiah\documents\senior design\code\powersupplymcpowerface\src\gui\lv_port_pc_visual_studio\output\objects\debug\lvglwindowssimulator\x64\lv_example_list_1.obj
c:\users\josiah\documents\senior design\code\powersupplymcpowerface\src\gui\lv_port_pc_visual_studio\output\objects\debug\lvglwindowssimulator\x64\lv_example_scale_2.obj
c:\users\josiah\documents\senior design\code\powersupplymcpowerface\src\gui\lv_port_pc_visual_studio\output\objects\debug\lvglwindowssimulator\x64\lv_example_table_1.obj
c:\users\josiah\documents\senior design\code\powersupplymcpowerface\src\gui\lv_port_pc_visual_studio\output\objects\debug\lvglwindowssimulator\x64\lv_draw_eve_letter.obj
c:\users\josiah\documents\senior design\code\powersupplymcpowerface\src\gui\lv_port_pc_visual_studio\output\objects\debug\lvglwindowssimulator\x64\lv_draw.obj
c:\users\josiah\documents\senior design\code\powersupplymcpowerface\src\gui\lv_port_pc_visual_studio\output\objects\debug\lvglwindowssimulator\x64\lv_draw_sw_box_shadow.obj
c:\users\josiah\documents\senior design\code\powersupplymcpowerface\src\gui\lv_port_pc_visual_studio\output\objects\debug\lvglwindowssimulator\x64\lv_vg_lite_stroke.obj
c:\users\josiah\documents\senior design\code\powersupplymcpowerface\src\gui\lv_port_pc_visual_studio\output\objects\debug\lvglwindowssimulator\x64\lv_font_montserrat_14.obj
c:\users\josiah\documents\senior design\code\powersupplymcpowerface\src\gui\lv_port_pc_visual_studio\output\objects\debug\lvglwindowssimulator\x64\lv_font_montserrat_48.obj
c:\users\josiah\documents\senior design\code\powersupplymcpowerface\src\gui\lv_port_pc_visual_studio\output\objects\debug\lvglwindowssimulator\x64\lv_fs_stdio.obj
c:\users\josiah\documents\senior design\code\powersupplymcpowerface\src\gui\lv_port_pc_visual_studio\output\objects\debug\lvglwindowssimulator\x64\lv_cache_entry.obj
c:\users\josiah\documents\senior design\code\powersupplymcpowerface\src\gui\lv_port_pc_visual_studio\output\objects\debug\lvglwindowssimulator\x64\lv_area.obj
c:\users\josiah\documents\senior design\code\powersupplymcpowerface\src\gui\lv_port_pc_visual_studio\output\objects\debug\lvglwindowssimulator\x64\lv_gridnav.obj
c:\users\josiah\documents\senior design\code\powersupplymcpowerface\src\gui\lv_port_pc_visual_studio\output\objects\debug\lvglwindowssimulator\x64\lv_sysmon.obj
c:\users\josiah\documents\senior design\code\powersupplymcpowerface\src\gui\lv_port_pc_visual_studio\output\objects\debug\lvglwindowssimulator\x64\lv_keyboard.obj
c:\users\josiah\documents\senior design\code\powersupplymcpowerface\src\gui\lv_port_pc_visual_studio\output\objects\debug\lvglwindowssimulator\x64\lv_lottie.obj
c:\users\josiah\documents\senior design\code\powersupplymcpowerface\src\gui\lv_port_pc_visual_studio\output\objects\debug\lvglwindowssimulator\x64\lv_msgbox.obj
c:\users\josiah\documents\senior design\code\powersupplymcpowerface\src\gui\lv_port_pc_visual_studio\output\objects\debug\lvglwindowssimulator\x64\lv_roller_properties.obj
c:\users\josiah\documents\senior design\code\powersupplymcpowerface\src\gui\lv_port_pc_visual_studio\output\objects\debug\lvglwindowssimulator\x64\lv_switch.obj
c:\users\josiah\documents\senior design\code\powersupplymcpowerface\src\gui\lv_port_pc_visual_studio\output\objects\debug\lvglwindowssimulator\x64\lv_font_benchmark_montserrat_20_aligned.obj
c:\users\josiah\documents\senior design\code\powersupplymcpowerface\src\gui\lv_port_pc_visual_studio\output\objects\debug\lvglwindowssimulator\x64\img_lv_demo_music_corner_right.obj
c:\users\josiah\documents\senior design\code\powersupplymcpowerface\src\gui\lv_port_pc_visual_studio\output\objects\debug\lvglwindowssimulator\x64\img_lv_demo_music_slider_knob_large.obj
c:\users\josiah\documents\senior design\code\powersupplymcpowerface\src\gui\lv_port_pc_visual_studio\output\objects\debug\lvglwindowssimulator\x64\img_clothes.obj
c:\users\josiah\documents\senior design\code\powersupplymcpowerface\src\gui\lv_port_pc_visual_studio\output\objects\debug\lvglwindowssimulator\x64\img_cogwheel_indexed16.obj
c:\users\josiah\documents\senior design\code\powersupplymcpowerface\src\gui\lv_port_pc_visual_studio\output\objects\debug\lvglwindowssimulator\x64\lv_example_get_started_4.obj
c:\users\josiah\documents\senior design\code\powersupplymcpowerface\src\gui\lv_port_pc_visual_studio\output\objects\debug\lvglwindowssimulator\x64\lv_example_grid_6.obj
c:\users\josiah\documents\senior design\code\powersupplymcpowerface\src\gui\lv_port_pc_visual_studio\output\objects\debug\lvglwindowssimulator\x64\lv_example_gltf_2.obj
c:\users\josiah\documents\senior design\code\powersupplymcpowerface\src\gui\lv_port_pc_visual_studio\output\objects\debug\lvglwindowssimulator\x64\lv_example_file_explorer_2.obj
c:\users\josiah\documents\senior design\code\powersupplymcpowerface\src\gui\lv_port_pc_visual_studio\output\objects\debug\lvglwindowssimulator\x64\lv_example_observer_4.obj
c:\users\josiah\documents\senior design\code\powersupplymcpowerface\src\gui\lv_port_pc_visual_studio\output\objects\debug\lvglwindowssimulator\x64\lv_example_style_11.obj
c:\users\josiah\documents\senior design\code\powersupplymcpowerface\src\gui\lv_port_pc_visual_studio\output\objects\debug\lvglwindowssimulator\x64\lv_example_bar_4.obj
c:\users\josiah\documents\senior design\code\powersupplymcpowerface\src\gui\lv_port_pc_visual_studio\output\objects\debug\lvglwindowssimulator\x64\lv_example_canvas_7.obj
c:\users\josiah\documents\senior design\code\powersupplymcpowerface\src\gui\lv_port_pc_visual_studio\output\objects\debug\lvglwindowssimulator\x64\lv_example_image_3.obj
c:\users\josiah\documents\senior design\code\powersupplymcpowerface\src\gui\lv_port_pc_visual_studio\output\objects\debug\lvglwindowssimulator\x64\lv_example_menu_2.obj
c:\users\josiah\documents\senior design\code\powersupplymcpowerface\src\gui\lv_port_pc_visual_studio\output\objects\debug\lvglwindowssimulator\x64\lv_example_slider_1.obj
c:\users\josiah\documents\senior design\code\powersupplymcpowerface\src\gui\lv_port_pc_visual_studio\output\objects\debug\lvglwindowssimulator\x64\lv_example_textarea_3.obj
c:\users\josiah\documents\senior design\code\powersupplymcpowerface\src\gui\lv_port_pc_visual_studio\output\objects\debug\lvglwindowssimulator\x64\lv_draw_eve_ram_g.obj
c:\users\josiah\documents\senior design\code\powersupplymcpowerface\src\gui\lv_port_pc_visual_studio\output\objects\debug\lvglwindowssimulator\x64\lv_draw_line.obj
c:\users\josiah\documents\senior design\code\powersupplymcpowerface\src\gui\lv_port_pc_visual_studio\output\objects\debug\lvglwindowssimulator\x64\lv_draw_sw_img.obj
c:\users\josiah\documents\senior design\code\powersupplymcpowerface\src\gui\lv_port_pc_visual_studio\output\objects\debug\lvglwindowssimulator\x64\lv_renesas_glcdc.obj
c:\users\josiah\documents\senior design\code\powersupplymcpowerface\src\gui\lv_port_pc_visual_studio\output\objects\debug\lvglwindowssimulator\x64\lv_nuttx_image_cache.obj
c:\users\josiah\documents\senior design\code\powersupplymcpowerface\src\gui\lv_port_pc_visual_studio\output\objects\debug\lvglwindowssimulator\x64\lv_font_montserrat_26.obj
c:\users\josiah\documents\senior design\code\powersupplymcpowerface\src\gui\lv_port_pc_visual_studio\output\objects\debug\lvglwindowssimulator\x64\lv_indev_scroll.obj
c:\users\josiah\documents\senior design\code\powersupplymcpowerface\src\gui\lv_port_pc_visual_studio\output\objects\debug\lvglwindowssimulator\x64\lv_barcode.obj
c:\users\josiah\documents\senior design\code\powersupplymcpowerface\src\gui\lv_port_pc_visual_studio\output\objects\debug\lvglwindowssimulator\x64\lv_lodepng.obj
c:\users\josiah\documents\senior design\code\powersupplymcpowerface\src\gui\lv_port_pc_visual_studio\output\objects\debug\lvglwindowssimulator\x64\lv_color.obj
c:\users\josiah\documents\senior design\code\powersupplymcpowerface\src\gui\lv_port_pc_visual_studio\output\objects\debug\lvglwindowssimulator\x64\lv_matrix.obj
c:\users\josiah\documents\senior design\code\powersupplymcpowerface\src\gui\lv_port_pc_visual_studio\output\objects\debug\lvglwindowssimulator\x64\lv_style.obj
c:\users\josiah\documents\senior design\code\powersupplymcpowerface\src\gui\lv_port_pc_visual_studio\output\objects\debug\lvglwindowssimulator\x64\lv_test_indev.obj
c:\users\josiah\documents\senior design\code\powersupplymcpowerface\src\gui\lv_port_pc_visual_studio\output\objects\debug\lvglwindowssimulator\x64\lv_xml_parser.obj
c:\users\josiah\documents\senior design\code\powersupplymcpowerface\src\gui\lv_port_pc_visual_studio\output\objects\debug\lvglwindowssimulator\x64\lv_xml_update.obj
c:\users\josiah\documents\senior design\code\powersupplymcpowerface\src\gui\lv_port_pc_visual_studio\output\objects\debug\lvglwindowssimulator\x64\lv_xml_buttonmatrix_parser.obj
c:\users\josiah\documents\senior design\code\powersupplymcpowerface\src\gui\lv_port_pc_visual_studio\output\objects\debug\lvglwindowssimulator\x64\lv_xml_checkbox_parser.obj
c:\users\josiah\documents\senior design\code\powersupplymcpowerface\src\gui\lv_port_pc_visual_studio\output\objects\debug\lvglwindowssimulator\x64\lv_xml_tabview_parser.obj
c:\users\josiah\documents\senior design\code\powersupplymcpowerface\src\gui\lv_port_pc_visual_studio\output\objects\debug\lvglwindowssimulator\x64\lv_arclabel.obj
c:\users\josiah\documents\senior design\code\powersupplymcpowerface\src\gui\lv_port_pc_visual_studio\output\objects\debug\lvglwindowssimulator\x64\lv_image.obj
c:\users\josiah\documents\senior design\code\powersupplymcpowerface\src\gui\lv_port_pc_visual_studio\output\objects\debug\lvglwindowssimulator\x64\img_lv_demo_music_btn_list_play.obj
c:\users\josiah\documents\senior design\code\powersupplymcpowerface\src\gui\lv_port_pc_visual_studio\output\objects\debug\lvglwindowssimulator\x64\img_lv_demo_music_btn_rnd.obj
c:\users\josiah\documents\senior design\code\powersupplymcpowerface\src\gui\lv_port_pc_visual_studio\output\objects\debug\lvglwindowssimulator\x64\img_lv_demo_music_wave_bottom_large.obj
c:\users\josiah\documents\senior design\code\powersupplymcpowerface\src\gui\lv_port_pc_visual_studio\output\objects\debug\lvglwindowssimulator\x64\img_demo_widgets_needle.obj
c:\users\josiah\documents\senior design\code\powersupplymcpowerface\src\gui\lv_port_pc_visual_studio\output\objects\debug\lvglwindowssimulator\x64\img_hand.obj
c:\users\josiah\documents\senior design\code\powersupplymcpowerface\src\gui\lv_port_pc_visual_studio\output\objects\debug\lvglwindowssimulator\x64\lv_example_grad_3.obj
c:\users\josiah\documents\senior design\code\powersupplymcpowerface\src\gui\lv_port_pc_visual_studio\output\objects\debug\lvglwindowssimulator\x64\lv_example_ffmpeg_2.obj
c:\users\josiah\documents\senior design\code\powersupplymcpowerface\src\gui\lv_port_pc_visual_studio\output\objects\debug\lvglwindowssimulator\x64\lv_example_tiny_ttf_3.obj
c:\users\josiah\documents\senior design\code\powersupplymcpowerface\src\gui\lv_port_pc_visual_studio\output\objects\debug\lvglwindowssimulator\x64\lv_example_gridnav_5.obj
c:\users\josiah\documents\senior design\code\powersupplymcpowerface\src\gui\lv_port_pc_visual_studio\output\objects\debug\lvglwindowssimulator\x64\lv_port_disp_template.obj
c:\users\josiah\documents\senior design\code\powersupplymcpowerface\src\gui\lv_port_pc_visual_studio\output\objects\debug\lvglwindowssimulator\x64\lv_port_lcd_stm32_template.obj
c:\users\josiah\documents\senior design\code\powersupplymcpowerface\src\gui\lv_port_pc_visual_studio\output\objects\debug\lvglwindowssimulator\x64\lv_example_osal.obj
c:\users\josiah\documents\senior design\code\powersupplymcpowerface\src\gui\lv_port_pc_visual_studio\output\objects\debug\lvglwindowssimulator\x64\lv_example_style_8.obj
c:\users\josiah\documents\senior design\code\powersupplymcpowerface\src\gui\lv_port_pc_visual_studio\output\objects\debug\lvglwindowssimulator\x64\lv_example_button_2.obj
c:\users\josiah\documents\senior design\code\powersupplymcpowerface\src\gui\lv_port_pc_visual_studio\output\objects\debug\lvglwindowssimulator\x64\lv_example_chart_5.obj
c:\users\josiah\documents\senior design\code\powersupplymcpowerface\src\gui\lv_port_pc_visual_studio\output\objects\debug\lvglwindowssimulator\x64\lv_example_line_1.obj
c:\users\josiah\documents\senior design\code\powersupplymcpowerface\src\gui\lv_port_pc_visual_studio\output\objects\debug\lvglwindowssimulator\x64\lv_example_scale_10.obj
c:\users\josiah\documents\senior design\code\powersupplymcpowerface\src\gui\lv_port_pc_visual_studio\output\objects\debug\lvglwindowssimulator\x64\lv_example_switch_2.obj
c:\users\josiah\documents\senior design\code\powersupplymcpowerface\src\gui\lv_port_pc_visual_studio\output\objects\debug\lvglwindowssimulator\x64\lv_refr.obj
c:\users\josiah\documents\senior design\code\powersupplymcpowerface\src\gui\lv_port_pc_visual_studio\output\objects\debug\lvglwindowssimulator\x64\lv_draw_dave2d_triangle.obj
c:\users\josiah\documents\senior design\code\powersupplymcpowerface\src\gui\lv_port_pc_visual_studio\output\objects\debug\lvglwindowssimulator\x64\lv_draw_sw_blend_to_al88.obj
c:\users\josiah\documents\senior design\code\powersupplymcpowerface\src\gui\lv_port_pc_visual_studio\output\objects\debug\lvglwindowssimulator\x64\lv_draw_sw_border.obj
c:\users\josiah\documents\senior design\code\powersupplymcpowerface\src\gui\lv_port_pc_visual_studio\output\objects\debug\lvglwindowssimulator\x64\lv_linux_fbdev.obj
c:\users\josiah\documents\senior design\code\powersupplymcpowerface\src\gui\lv_port_pc_visual_studio\output\objects\debug\lvglwindowssimulator\x64\lv_nxp_elcdif.obj
c:\users\josiah\documents\senior design\code\powersupplymcpowerface\src\gui\lv_port_pc_visual_studio\output\objects\debug\lvglwindowssimulator\x64\lv_font_montserrat_16.obj
c:\users\josiah\documents\senior design\code\powersupplymcpowerface\src\gui\lv_port_pc_visual_studio\output\objects\debug\lvglwindowssimulator\x64\lv_font_unscii_16.obj
c:\users\josiah\documents\senior design\code\powersupplymcpowerface\src\gui\lv_port_pc_visual_studio\output\objects\debug\lvglwindowssimulator\x64\lv_fs_littlefs.obj
c:\users\josiah\documents\senior design\code\powersupplymcpowerface\src\gui\lv_port_pc_visual_studio\output\objects\debug\lvglwindowssimulator\x64\lv_vg_lite_hal.obj
c:\users\josiah\documents\senior design\code\powersupplymcpowerface\src\gui\lv_port_pc_visual_studio\output\objects\debug\lvglwindowssimulator\x64\lv_cache.obj
c:\users\josiah\documents\senior design\code\powersupplymcpowerface\src\gui\lv_port_pc_visual_studio\output\objects\debug\lvglwindowssimulator\x64\lv_templ.obj
c:\users\josiah\documents\senior design\code\powersupplymcpowerface\src\gui\lv_port_pc_visual_studio\output\objects\debug\lvglwindowssimulator\x64\lv_text_ap.obj
c:\users\josiah\documents\senior design\code\powersupplymcpowerface\src\gui\lv_port_pc_visual_studio\output\objects\debug\lvglwindowssimulator\x64\lv_utils.obj
c:\users\josiah\documents\senior design\code\powersupplymcpowerface\src\gui\lv_port_pc_visual_studio\output\objects\debug\lvglwindowssimulator\x64\lv_xml_table_parser.obj
c:\users\josiah\documents\senior design\code\powersupplymcpowerface\src\gui\lv_port_pc_visual_studio\output\objects\debug\lvglwindowssimulator\x64\lv_string_builtin.obj
c:\users\josiah\documents\senior design\code\powersupplymcpowerface\src\gui\lv_port_pc_visual_studio\output\objects\debug\lvglwindowssimulator\x64\lv_mem_core_rtthread.obj
c:\users\josiah\documents\senior design\code\powersupplymcpowerface\src\gui\lv_port_pc_visual_studio\output\objects\debug\lvglwindowssimulator\x64\lv_theme_simple.obj
c:\users\josiah\documents\senior design\code\powersupplymcpowerface\src\gui\lv_port_pc_visual_studio\output\objects\debug\lvglwindowssimulator\x64\lv_slider_properties.obj
c:\users\josiah\documents\senior design\code\powersupplymcpowerface\src\gui\lv_port_pc_visual_studio\output\objects\debug\lvglwindowssimulator\x64\lv_span.obj
c:\users\josiah\documents\senior design\code\powersupplymcpowerface\src\gui\lv_port_pc_visual_studio\output\objects\debug\lvglwindowssimulator\x64\lv_font_benchmark_montserrat_14_aligned.obj
c:\users\josiah\documents\senior design\code\powersupplymcpowerface\src\gui\lv_port_pc_visual_studio\output\objects\debug\lvglwindowssimulator\x64\img_lv_demo_music_btn_play.obj
c:\users\josiah\documents\senior design\code\powersupplymcpowerface\src\gui\lv_port_pc_visual_studio\output\objects\debug\lvglwindowssimulator\x64\img_lv_demo_music_icon_1_large.obj
c:\users\josiah\documents\senior design\code\powersupplymcpowerface\src\gui\lv_port_pc_visual_studio\output\objects\debug\lvglwindowssimulator\x64\lv_demo_music_list.obj
c:\users\josiah\documents\senior design\code\powersupplymcpowerface\src\gui\lv_port_pc_visual_studio\output\objects\debug\lvglwindowssimulator\x64\lv_demo_vector_graphic.obj
c:\users\josiah\documents\senior design\code\powersupplymcpowerface\src\gui\lv_port_pc_visual_studio\output\objects\debug\lvglwindowssimulator\x64\imgbtn_mid.obj
c:\users\josiah\documents\senior design\code\powersupplymcpowerface\src\gui\lv_port_pc_visual_studio\output\objects\debug\lvglwindowssimulator\x64\lv_example_grad_4.obj
c:\users\josiah\documents\senior design\code\powersupplymcpowerface\src\gui\lv_port_pc_visual_studio\output\objects\debug\lvglwindowssimulator\x64\lv_example_ffmpeg_1.obj
c:\users\josiah\documents\senior design\code\powersupplymcpowerface\src\gui\lv_port_pc_visual_studio\output\objects\debug\lvglwindowssimulator\x64\lv_example_tiny_ttf_2.obj
c:\users\josiah\documents\senior design\code\powersupplymcpowerface\src\gui\lv_port_pc_visual_studio\output\objects\debug\lvglwindowssimulator\x64\lv_example_monkey_2.obj
c:\users\josiah\documents\senior design\code\powersupplymcpowerface\src\gui\lv_port_pc_visual_studio\output\objects\debug\lvglwindowssimulator\x64\lv_port_indev_template.obj
c:\users\josiah\documents\senior design\code\powersupplymcpowerface\src\gui\lv_port_pc_visual_studio\output\objects\debug\lvglwindowssimulator\x64\lv_example_scroll_2.obj
c:\users\josiah\documents\senior design\code\powersupplymcpowerface\src\gui\lv_port_pc_visual_studio\output\objects\debug\lvglwindowssimulator\x64\lv_example_style_5.obj
c:\users\josiah\documents\senior design\code\powersupplymcpowerface\src\gui\lv_port_pc_visual_studio\output\objects\debug\lvglwindowssimulator\x64\lv_example_button_1.obj
c:\users\josiah\documents\senior design\code\powersupplymcpowerface\src\gui\lv_port_pc_visual_studio\output\objects\debug\lvglwindowssimulator\x64\lv_example_chart_3.obj
c:\users\josiah\documents\senior design\code\powersupplymcpowerface\src\gui\lv_port_pc_visual_studio\output\objects\debug\lvglwindowssimulator\x64\lv_example_keyboard_1.obj
c:\users\josiah\documents\senior design\code\powersupplymcpowerface\src\gui\lv_port_pc_visual_studio\output\objects\debug\lvglwindowssimulator\x64\lv_example_lottie_1.obj
c:\users\josiah\documents\senior design\code\powersupplymcpowerface\src\gui\lv_port_pc_visual_studio\output\objects\debug\lvglwindowssimulator\x64\lv_example_scale_4.obj
c:\users\josiah\documents\senior design\code\powersupplymcpowerface\src\gui\lv_port_pc_visual_studio\output\objects\debug\lvglwindowssimulator\x64\lv_example_table_2.obj
c:\users\josiah\documents\senior design\code\powersupplymcpowerface\src\gui\lv_port_pc_visual_studio\output\objects\debug\lvglwindowssimulator\x64\lv_draw_ppa_buf.obj
c:\users\josiah\documents\senior design\code\powersupplymcpowerface\src\gui\lv_port_pc_visual_studio\output\objects\debug\lvglwindowssimulator\x64\lv_draw_eve.obj
c:\users\josiah\documents\senior design\code\powersupplymcpowerface\src\gui\lv_port_pc_visual_studio\output\objects\debug\lvglwindowssimulator\x64\lv_eve.obj
c:\users\josiah\documents\senior design\code\powersupplymcpowerface\src\gui\lv_port_pc_visual_studio\output\objects\debug\lvglwindowssimulator\x64\lv_draw_triangle.obj
c:\users\josiah\documents\senior design\code\powersupplymcpowerface\src\gui\lv_port_pc_visual_studio\output\objects\debug\lvglwindowssimulator\x64\lv_draw_sw_vector.obj
c:\users\josiah\documents\senior design\code\powersupplymcpowerface\src\gui\lv_port_pc_visual_studio\output\objects\debug\lvglwindowssimulator\x64\lv_linux_drm_egl.obj
c:\users\josiah\documents\senior design\code\powersupplymcpowerface\src\gui\lv_port_pc_visual_studio\output\objects\debug\lvglwindowssimulator\x64\lv_st7735.obj
c:\users\josiah\documents\senior design\code\powersupplymcpowerface\src\gui\lv_port_pc_visual_studio\output\objects\debug\lvglwindowssimulator\x64\lv_nuttx_cache.obj
c:\users\josiah\documents\senior design\code\powersupplymcpowerface\src\gui\lv_port_pc_visual_studio\output\objects\debug\lvglwindowssimulator\x64\lv_font_montserrat_12.obj
c:\users\josiah\documents\senior design\code\powersupplymcpowerface\src\gui\lv_port_pc_visual_studio\output\objects\debug\lvglwindowssimulator\x64\lv_font_montserrat_42.obj
c:\users\josiah\documents\senior design\code\powersupplymcpowerface\src\gui\lv_port_pc_visual_studio\output\objects\debug\lvglwindowssimulator\x64\lv_fs_fatfs.obj
c:\users\josiah\documents\senior design\code\powersupplymcpowerface\src\gui\lv_port_pc_visual_studio\output\objects\debug\lvglwindowssimulator\x64\lv_svg_token.obj
c:\users\josiah\documents\senior design\code\powersupplymcpowerface\src\gui\lv_port_pc_visual_studio\output\objects\debug\lvglwindowssimulator\x64\tjpgd.obj
c:\users\josiah\documents\senior design\code\powersupplymcpowerface\src\gui\lv_port_pc_visual_studio\output\objects\debug\lvglwindowssimulator\x64\vg_lite_image.obj
c:\users\josiah\documents\senior design\code\powersupplymcpowerface\src\gui\lv_port_pc_visual_studio\output\objects\debug\lvglwindowssimulator\x64\lv_cache_lru_ll.obj
c:\users\josiah\documents\senior design\code\powersupplymcpowerface\src\gui\lv_port_pc_visual_studio\output\objects\debug\lvglwindowssimulator\x64\lv_cmsis_rtos2.obj
c:\users\josiah\documents\senior design\code\powersupplymcpowerface\src\gui\lv_port_pc_visual_studio\output\objects\debug\lvglwindowssimulator\x64\lv_xml_component.obj
c:\users\josiah\documents\senior design\code\powersupplymcpowerface\src\gui\lv_port_pc_visual_studio\output\objects\debug\lvglwindowssimulator\x64\lv_xml_calendar_parser.obj
c:\users\josiah\documents\senior design\code\powersupplymcpowerface\src\gui\lv_port_pc_visual_studio\output\objects\debug\lvglwindowssimulator\x64\lv_xml_obj_parser.obj
c:\users\josiah\documents\senior design\code\powersupplymcpowerface\src\gui\lv_port_pc_visual_studio\output\objects\debug\lvglwindowssimulator\x64\lv_sprintf_clib.obj
c:\users\josiah\documents\senior design\code\powersupplymcpowerface\src\gui\lv_port_pc_visual_studio\output\objects\debug\lvglwindowssimulator\x64\lv_mem_core_uefi.obj
c:\users\josiah\documents\senior design\code\powersupplymcpowerface\src\gui\lv_port_pc_visual_studio\output\objects\debug\lvglwindowssimulator\x64\lv_button.obj
c:\users\josiah\documents\senior design\code\powersupplymcpowerface\src\gui\lv_port_pc_visual_studio\output\objects\debug\lvglwindowssimulator\x64\lv_calendar_header_arrow.obj
c:\users\josiah\documents\senior design\code\powersupplymcpowerface\src\gui\lv_port_pc_visual_studio\output\objects\debug\lvglwindowssimulator\x64\lv_checkbox.obj
c:\users\josiah\documents\senior design\code\powersupplymcpowerface\src\gui\lv_port_pc_visual_studio\output\objects\debug\lvglwindowssimulator\x64\lv_list.obj
c:\users\josiah\documents\senior design\code\powersupplymcpowerface\src\gui\lv_port_pc_visual_studio\output\objects\debug\lvglwindowssimulator\x64\lv_obj_properties.obj
c:\users\josiah\documents\senior design\code\powersupplymcpowerface\src\gui\lv_port_pc_visual_studio\output\objects\debug\lvglwindowssimulator\x64\lv_slider.obj
c:\users\josiah\documents\senior design\code\powersupplymcpowerface\src\gui\lv_port_pc_visual_studio\output\objects\debug\lvglwindowssimulator\x64\ftstroke.obj
c:\users\josiah\documents\senior design\code\powersupplymcpowerface\src\gui\lv_port_pc_visual_studio\output\objects\debug\lvglwindowssimulator\x64\sdf.obj
c:\users\josiah\documents\senior design\code\powersupplymcpowerface\src\gui\lv_port_pc_visual_studio\output\objects\debug\lvglwindowssimulator\x64\ftcid.obj
c:\users\josiah\documents\senior design\code\powersupplymcpowerface\src\gui\lv_port_pc_visual_studio\output\objects\debug\lvglwindowssimulator\x64\cff.obj
c:\users\josiah\documents\senior design\code\powersupplymcpowerface\src\gui\lv_port_pc_visual_studio\output\objects\debug\lvglwindowssimulator\x64\autofit.obj
c:\users\josiah\documents\senior design\code\powersupplymcpowerface\src\gui\lv_port_pc_visual_studio\output\objects\debug\lvglwindowssimulator\x64\type1.obj
c:\users\josiah\documents\senior design\code\powersupplymcpowerface\src\gui\lv_port_pc_visual_studio\output\objects\debug\lvglwindowssimulator\x64\ftbase.obj
c:\users\josiah\documents\senior design\code\powersupplymcpowerface\src\gui\lv_port_pc_visual_studio\output\objects\debug\lvglwindowssimulator\x64\type42.obj
c:\users\josiah\documents\senior design\code\powersupplymcpowerface\src\gui\lv_port_pc_visual_studio\output\objects\debug\lvglwindowssimulator\x64\ftwinfnt.obj
c:\users\josiah\documents\senior design\code\powersupplymcpowerface\src\gui\lv_port_pc_visual_studio\output\objects\debug\lvglwindowssimulator\x64\psaux.obj
c:\users\josiah\documents\senior design\code\powersupplymcpowerface\src\gui\lv_port_pc_visual_studio\output\objects\debug\lvglwindowssimulator\x64\powersupply.obj
c:\users\josiah\documents\senior design\code\powersupplymcpowerface\src\gui\lv_port_pc_visual_studio\output\objects\debug\lvglwindowssimulator\x64\ftgasp.obj
c:\users\josiah\documents\senior design\code\powersupplymcpowerface\src\gui\lv_port_pc_visual_studio\output\objects\debug\lvglwindowssimulator\x64\bdf.obj
c:\users\josiah\documents\senior design\code\powersupplymcpowerface\src\gui\lv_port_pc_visual_studio\output\objects\debug\lvglwindowssimulator\x64\winfnt.obj
c:\users\josiah\documents\senior design\code\powersupplymcpowerface\src\gui\lv_port_pc_visual_studio\output\objects\debug\lvglwindowssimulator\x64\ftbitmap.obj
c:\users\josiah\documents\senior design\code\powersupplymcpowerface\src\gui\lv_port_pc_visual_studio\output\objects\debug\lvglwindowssimulator\x64\raster.obj
c:\users\josiah\documents\senior design\code\powersupplymcpowerface\src\gui\lv_port_pc_visual_studio\output\objects\debug\lvglwindowssimulator\x64\ftsystem.obj
c:\users\josiah\documents\senior design\code\powersupplymcpowerface\src\gui\lv_port_pc_visual_studio\output\objects\debug\lvglwindowssimulator\x64\ftgxval.obj
c:\users\josiah\documents\senior design\code\powersupplymcpowerface\src\gui\lv_port_pc_visual_studio\output\objects\debug\lvglwindowssimulator\x64\pshinter.obj
c:\users\josiah\documents\senior design\code\powersupplymcpowerface\src\gui\lv_port_pc_visual_studio\output\objects\debug\lvglwindowssimulator\x64\ftbbox.obj
c:\users\josiah\documents\senior design\code\powersupplymcpowerface\src\gui\lv_port_pc_visual_studio\output\objects\debug\lvglwindowssimulator\x64\type1cid.obj
c:\users\josiah\documents\senior design\code\powersupplymcpowerface\src\gui\lv_port_pc_visual_studio\output\objects\debug\lvglwindowssimulator\x64\ftglyph.obj
c:\users\josiah\documents\senior design\code\powersupplymcpowerface\src\gui\lv_port_pc_visual_studio\output\objects\debug\lvglwindowssimulator\x64\dlgwrap.obj
c:\users\josiah\documents\senior design\code\powersupplymcpowerface\src\gui\lv_port_pc_visual_studio\output\objects\debug\lvglwindowssimulator\x64\truetype.obj
c:\users\josiah\documents\senior design\code\powersupplymcpowerface\src\gui\lv_port_pc_visual_studio\output\objects\debug\lvglwindowssimulator\x64\ftpatent.obj
c:\users\josiah\documents\senior design\code\powersupplymcpowerface\src\gui\lv_port_pc_visual_studio\output\objects\debug\lvglwindowssimulator\x64\pfr.obj
c:\users\josiah\documents\senior design\code\powersupplymcpowerface\src\gui\lv_port_pc_visual_studio\output\objects\debug\lvglwindowssimulator\x64\ftotval.obj
c:\users\josiah\documents\senior design\code\powersupplymcpowerface\src\gui\lv_port_pc_visual_studio\output\objects\debug\lvglwindowssimulator\x64\svg.obj
c:\users\josiah\documents\senior design\code\powersupplymcpowerface\src\gui\lv_port_pc_visual_studio\output\objects\debug\lvglwindowssimulator\x64\ftbdf.obj
c:\users\josiah\documents\senior design\code\powersupplymcpowerface\src\gui\lv_port_pc_visual_studio\output\objects\debug\lvglwindowssimulator\x64\pcf.obj
c:\users\josiah\documents\senior design\code\powersupplymcpowerface\src\gui\lv_port_pc_visual_studio\output\objects\debug\lvglwindowssimulator\x64\ftpfr.obj
c:\users\josiah\documents\senior design\code\powersupplymcpowerface\src\gui\lv_port_pc_visual_studio\output\objects\debug\lvglwindowssimulator\x64\ftgzip.obj
c:\users\josiah\documents\senior design\code\powersupplymcpowerface\src\gui\lv_port_pc_visual_studio\output\objects\debug\lvglwindowssimulator\x64\ftinit.obj
c:\users\josiah\documents\senior design\code\powersupplymcpowerface\src\gui\lv_port_pc_visual_studio\output\objects\debug\lvglwindowssimulator\x64\smooth.obj
c:\users\josiah\documents\senior design\code\powersupplymcpowerface\src\gui\lv_port_pc_visual_studio\output\objects\debug\lvglwindowssimulator\x64\ftdebug.obj
c:\users\josiah\documents\senior design\code\powersupplymcpowerface\src\gui\lv_port_pc_visual_studio\output\objects\debug\lvglwindowssimulator\x64\ftfstype.obj
c:\users\josiah\documents\senior design\code\powersupplymcpowerface\src\gui\lv_port_pc_visual_studio\output\objects\debug\lvglwindowssimulator\x64\ftlzw.obj
c:\users\josiah\documents\senior design\code\powersupplymcpowerface\src\gui\lv_port_pc_visual_studio\output\objects\debug\lvglwindowssimulator\x64\ftsynth.obj
c:\users\josiah\documents\senior design\code\powersupplymcpowerface\src\gui\lv_port_pc_visual_studio\output\objects\debug\lvglwindowssimulator\x64\ftcache.obj
c:\users\josiah\documents\senior design\code\powersupplymcpowerface\src\gui\lv_port_pc_visual_studio\output\objects\debug\lvglwindowssimulator\x64\ftmm.obj
c:\users\josiah\documents\senior design\code\powersupplymcpowerface\src\gui\lv_port_pc_visual_studio\output\objects\debug\lvglwindowssimulator\x64\sfnt.obj
c:\users\josiah\documents\senior design\code\powersupplymcpowerface\src\gui\lv_port_pc_visual_studio\output\objects\debug\lvglwindowssimulator\x64\fttype1.obj
c:\users\josiah\documents\senior design\code\powersupplymcpowerface\src\gui\lv_port_pc_visual_studio\output\objects\debug\lvglwindowssimulator\x64\psmodule.obj
c:\users\josiah\documents\senior design\code\powersupplymcpowerface\src\gui\lv_port_pc_visual_studio\output\objects\debug\lvglwindowssimulator\x64\lvglwindowsiconresource.res
c:\users\josiah\documents\senior design\code\powersupplymcpowerface\src\gui\lv_port_pc_visual_studio\output\objects\debug\lvglwindowssimulator\x64\mile.project.manifest.res
c:\users\josiah\documents\senior design\code\powersupplymcpowerface\src\gui\lv_port_pc_visual_studio\output\objects\debug\lvglwindowssimulator\x64\mile.project.version.res
c:\users\josiah\documents\senior design\code\powersupplymcpowerface\src\gui\lv_port_pc_visual_studio\output\binaries\debug\x64\lvglwindowssimulator.pdb
c:\users\josiah\documents\senior design\code\powersupplymcpowerface\src\gui\lv_port_pc_visual_studio\output\objects\debug\lvglwindowssimulator\x64\lvglwindowssimulator.vcxproj.filelistabsolute.txt
c:\users\josiah\documents\senior design\code\powersupplymcpowerface\src\gui\lv_port_pc_visual_studio\output\objects\debug\lvglwindowssimulator\x64\lvglwind.3ca6e070.tlog\cl.command.1.tlog
c:\users\josiah\documents\senior design\code\powersupplymcpowerface\src\gui\lv_port_pc_visual_studio\output\objects\debug\lvglwindowssimulator\x64\lvglwind.3ca6e070.tlog\cl.read.1.tlog
c:\users\josiah\documents\senior design\code\powersupplymcpowerface\src\gui\lv_port_pc_visual_studio\output\objects\debug\lvglwindowssimulator\x64\lvglwind.3ca6e070.tlog\cl.write.1.tlog
c:\users\josiah\documents\senior design\code\powersupplymcpowerface\src\gui\lv_port_pc_visual_studio\output\objects\debug\lvglwindowssimulator\x64\lvglwind.3ca6e070.tlog\link-cvtres.read.1.tlog
c:\users\josiah\documents\senior design\code\powersupplymcpowerface\src\gui\lv_port_pc_visual_studio\output\objects\debug\lvglwindowssimulator\x64\lvglwind.3ca6e070.tlog\link-cvtres.write.1.tlog
c:\users\josiah\documents\senior design\code\powersupplymcpowerface\src\gui\lv_port_pc_visual_studio\output\objects\debug\lvglwindowssimulator\x64\lvglwind.3ca6e070.tlog\link.command.1.tlog
c:\users\josiah\documents\senior design\code\powersupplymcpowerface\src\gui\lv_port_pc_visual_studio\output\objects\debug\lvglwindowssimulator\x64\lvglwind.3ca6e070.tlog\link.read.1.tlog
c:\users\josiah\documents\senior design\code\powersupplymcpowerface\src\gui\lv_port_pc_visual_studio\output\objects\debug\lvglwindowssimulator\x64\lvglwind.3ca6e070.tlog\link.read.2.tlog
c:\users\josiah\documents\senior design\code\powersupplymcpowerface\src\gui\lv_port_pc_visual_studio\output\objects\debug\lvglwindowssimulator\x64\lvglwind.3ca6e070.tlog\link.read.3.tlog
c:\users\josiah\documents\senior design\code\powersupplymcpowerface\src\gui\lv_port_pc_visual_studio\output\objects\debug\lvglwindowssimulator\x64\lvglwind.3ca6e070.tlog\link.read.4.tlog
c:\users\josiah\documents\senior design\code\powersupplymcpowerface\src\gui\lv_port_pc_visual_studio\output\objects\debug\lvglwindowssimulator\x64\lvglwind.3ca6e070.tlog\link.write.1.tlog
c:\users\josiah\documents\senior design\code\powersupplymcpowerface\src\gui\lv_port_pc_visual_studio\output\objects\debug\lvglwindowssimulator\x64\lvglwind.3ca6e070.tlog\rc.command.1.tlog
c:\users\josiah\documents\senior design\code\powersupplymcpowerface\src\gui\lv_port_pc_visual_studio\output\objects\debug\lvglwindowssimulator\x64\lvglwind.3ca6e070.tlog\rc.read.1.tlog
c:\users\josiah\documents\senior design\code\powersupplymcpowerface\src\gui\lv_port_pc_visual_studio\output\objects\debug\lvglwindowssimulator\x64\lvglwind.3ca6e070.tlog\rc.write.1.tlog
